# File produced by Open Asset Import Library (http://www.assimp.sf.net)
# (assimp v3.1.137539927)

mtllib Wire.mtl

# vertex positions
v 0.501924 2.029686 -0.112185
v 0.501924 2.002417 -0.112185
v 0.417681 2.002417 -0.238264
v 0.417681 2.029686 -0.238264
v 0.291602 2.002417 -0.322508
v 0.291602 2.029686 -0.322508
v 0.142882 2.002417 -0.352090
v 0.142882 2.029686 -0.352090
v -0.005839 2.002417 -0.322508
v -0.005839 2.029686 -0.322508
v -0.131918 2.002417 -0.238265
v -0.131918 2.029686 -0.238265
v -0.216161 2.002417 -0.112186
v -0.216161 2.029686 -0.112186
v -0.245743 2.002417 0.036535
v -0.245743 2.029686 0.036535
v -0.216161 2.002417 0.185255
v -0.216161 2.029686 0.185255
v -0.131918 2.002417 0.311334
v -0.131918 2.029686 0.311334
v -0.005839 2.002417 0.395577
v -0.005839 2.029686 0.395577
v 0.142882 2.002417 0.425160
v 0.142882 2.029686 0.425160
v 0.291602 2.002417 0.395577
v 0.291602 2.029686 0.395577
v 0.417681 2.002417 0.311334
v 0.417681 2.029686 0.311334
v 0.501924 2.002417 0.185255
v 0.501924 2.029686 0.185255
v 0.531507 2.002417 0.036535
v 0.531507 2.029686 0.036535
v 0.531507 3.191554 0.036535
v 0.501924 3.191554 -0.112185
v 0.501924 3.191554 0.185255
v 0.417681 3.191554 0.311334
v 0.291602 3.191554 0.395577
v 0.142882 3.191554 0.425160
v -0.005839 3.191554 0.395577
v -0.131918 3.191554 0.311334
v -0.216161 3.191554 0.185255
v -0.245743 3.191554 0.036535
v -0.216161 3.191554 -0.112186
v -0.131918 3.191554 -0.238265
v -0.005839 3.191554 -0.322508
v 0.142882 3.191554 -0.352090
v 0.291602 3.191554 -0.322508
v 0.417681 3.191554 -0.238264
v 0.523303 3.201738 0.036535
v 0.494345 3.201738 -0.109046
v 0.481144 3.208528 -0.103578
v 0.509014 3.208528 0.036535
v 0.401776 3.208528 -0.222360
v 0.411880 3.201738 -0.232464
v 0.282995 3.208528 -0.301727
v 0.288463 3.201738 -0.314929
v 0.142882 3.208528 -0.329597
v 0.142882 3.201738 -0.343886
v 0.002769 3.208528 -0.301727
v -0.002699 3.201738 -0.314929
v -0.116013 3.208528 -0.222360
v -0.126117 3.201738 -0.232464
v -0.195380 3.208528 -0.103578
v -0.208582 3.201738 -0.109046
v -0.223251 3.208527 0.036535
v -0.237540 3.201738 0.036535
v -0.195381 3.208528 0.176647
v -0.208582 3.201738 0.182116
v -0.116013 3.208528 0.295429
v -0.126117 3.201738 0.305533
v 0.002769 3.208528 0.374797
v -0.002699 3.201738 0.387998
v 0.142882 3.208528 0.402667
v 0.142882 3.201738 0.416956
v 0.282994 3.208528 0.374797
v 0.288462 3.201738 0.387998
v 0.401776 3.208527 0.295429
v 0.411880 3.201738 0.305533
v 0.481143 3.208528 0.176648
v 0.494345 3.201738 0.182116
v 0.204533 3.208528 0.010998
v 0.190067 3.208528 -0.010651
v 0.168418 3.208528 -0.025117
v 0.142882 3.208527 -0.030197
v 0.117345 3.208527 -0.025117
v 0.095696 3.208528 -0.010651
v 0.081230 3.208528 0.010998
v 0.076150 3.208528 0.036535
v 0.081230 3.208528 0.062072
v 0.095696 3.208528 0.083721
v 0.117345 3.208528 0.098186
v 0.142882 3.208527 0.103266
v 0.168418 3.208528 0.098186
v 0.190067 3.208528 0.083721
v 0.204533 3.208528 0.062072
v 0.209613 3.208528 0.036535
v -2.975974 3.725484 0.084230
v -3.553129 3.725484 0.084230
v -3.553129 3.195273 0.084230
v -2.975974 3.195273 0.084230
v -2.975974 3.195273 -0.000000
v -3.553129 3.195273 -0.000000
v -3.553129 3.725484 -0.000000
v -2.975974 3.725484 -0.000000
v -2.954919 3.195273 0.063175
v -2.954919 3.195273 0.021055
v -2.954919 3.725484 0.021055
v -2.954919 3.725484 0.063175
v -3.574185 3.725484 0.063175
v -3.574185 3.725484 0.021055
v -3.574185 3.195273 0.021055
v -3.574185 3.195273 0.063175
v -3.568017 3.195273 0.078063
v -3.568017 3.725484 0.078063
v -2.961086 3.195273 0.078063
v -2.961086 3.725484 0.078063
v -3.568017 3.195273 0.006167
v -3.568017 3.725484 0.006167
v -2.961086 3.195273 0.006167
v -2.961086 3.725484 0.006167
v -2.964919 3.701695 0.023045
v -2.968740 3.701695 0.013821
v -2.977963 3.701695 0.010000
v -3.551140 3.701695 0.010000
v -3.560364 3.701695 0.013821
v -3.564185 3.701695 0.023045
v -3.564185 3.701695 0.061186
v -3.560364 3.701695 0.070410
v -3.551140 3.701695 0.074230
v -2.977963 3.701695 0.074230
v -2.968740 3.701695 0.070410
v -2.964919 3.701695 0.061186
v -2.968740 3.725484 0.013821
v -2.977963 3.725484 0.010000
v -3.551140 3.725484 0.010000
v -3.560364 3.725484 0.013821
v -3.564185 3.725484 0.023045
v -3.564185 3.725484 0.061186
v -3.560364 3.725484 0.070410
v -3.551140 3.725484 0.074230
v -2.977963 3.725484 0.074230
v -2.968740 3.725484 0.070410
v -2.964919 3.725484 0.061186
v -2.964919 3.725484 0.023045
v -2.902253 2.029686 -0.112185
v -2.902253 2.002417 -0.112185
v -2.986496 2.002417 -0.238264
v -2.986496 2.029686 -0.238264
v -3.112575 2.002417 -0.322508
v -3.112575 2.029686 -0.322508
v -3.261295 2.002417 -0.352090
v -3.261295 2.029686 -0.352090
v -3.410016 2.002417 -0.322508
v -3.410016 2.029686 -0.322508
v -3.536095 2.002417 -0.238265
v -3.536095 2.029686 -0.238265
v -3.620338 2.002417 -0.112186
v -3.620338 2.029686 -0.112186
v -3.649920 2.002417 0.036535
v -3.649920 2.029686 0.036535
v -3.620338 2.002417 0.185255
v -3.620338 2.029686 0.185255
v -3.536095 2.002417 0.311334
v -3.536095 2.029686 0.311334
v -3.410016 2.002417 0.395577
v -3.410016 2.029686 0.395577
v -3.261295 2.002417 0.425160
v -3.261295 2.029686 0.425160
v -3.112575 2.002417 0.395577
v -3.112575 2.029686 0.395577
v -2.986496 2.002417 0.311334
v -2.986496 2.029686 0.311334
v -2.902253 2.002417 0.185255
v -2.902253 2.029686 0.185255
v -2.872670 2.002417 0.036535
v -2.872670 2.029686 0.036535
v -2.872670 3.191554 0.036535
v -2.902253 3.191554 -0.112185
v -2.902253 3.191554 0.185255
v -2.986496 3.191554 0.311334
v -3.112575 3.191554 0.395577
v -3.261295 3.191554 0.425160
v -3.410016 3.191554 0.395577
v -3.536095 3.191554 0.311334
v -3.620338 3.191554 0.185255
v -3.649920 3.191554 0.036535
v -3.620338 3.191554 -0.112186
v -3.536095 3.191554 -0.238265
v -3.410016 3.191554 -0.322508
v -3.261295 3.191554 -0.352090
v -3.112575 3.191554 -0.322508
v -2.986496 3.191554 -0.238264
v -2.880874 3.201738 0.036535
v -2.909832 3.201738 -0.109046
v -2.923033 3.208528 -0.103578
v -2.895163 3.208528 0.036535
v -3.002401 3.208528 -0.222360
v -2.992297 3.201738 -0.232464
v -3.121182 3.208528 -0.301727
v -3.115714 3.201738 -0.314929
v -3.261295 3.208528 -0.329597
v -3.261295 3.201738 -0.343886
v -3.401408 3.208528 -0.301727
v -3.406876 3.201738 -0.314929
v -3.520190 3.208528 -0.222360
v -3.530294 3.201738 -0.232464
v -3.599557 3.208528 -0.103578
v -3.612759 3.201738 -0.109046
v -3.627428 3.208527 0.036535
v -3.641716 3.201738 0.036535
v -3.599557 3.208528 0.176647
v -3.612759 3.201738 0.182116
v -3.520190 3.208528 0.295429
v -3.530294 3.201738 0.305533
v -3.401408 3.208528 0.374797
v -3.406877 3.201738 0.387998
v -3.261295 3.208528 0.402667
v -3.261295 3.201738 0.416956
v -3.121183 3.208528 0.374797
v -3.115715 3.201738 0.387998
v -3.002401 3.208527 0.295429
v -2.992297 3.201738 0.305533
v -2.923033 3.208528 0.176648
v -2.909832 3.201738 0.182116
v -3.199644 3.208528 0.010998
v -3.214110 3.208528 -0.010651
v -3.235759 3.208528 -0.025117
v -3.261295 3.208527 -0.030197
v -3.286832 3.208527 -0.025117
v -3.308481 3.208528 -0.010651
v -3.322947 3.208528 0.010998
v -3.328027 3.208528 0.036535
v -3.322947 3.208528 0.062072
v -3.308481 3.208528 0.083721
v -3.286832 3.208528 0.098186
v -3.261295 3.208527 0.103266
v -3.235759 3.208528 0.098186
v -3.214110 3.208528 0.083721
v -3.199644 3.208528 0.062072
v -3.194564 3.208528 0.036535
v -3.038905 -0.074757 -0.034758
v -3.039122 -0.150855 -0.034700
v -3.062001 -0.150855 -0.089935
v -3.061807 -0.074757 -0.090047
v -3.098396 -0.150855 -0.137365
v -3.098238 -0.074757 -0.137524
v -3.145827 -0.150855 -0.173760
v -3.145715 -0.074757 -0.173955
v -3.201062 -0.150855 -0.196639
v -3.201004 -0.074757 -0.196856
v -3.260336 -0.150855 -0.204443
v -3.260336 -0.074757 -0.204668
v -3.319610 -0.150855 -0.196639
v -3.319668 -0.074757 -0.196856
v -3.374844 -0.150855 -0.173761
v -3.374956 -0.074757 -0.173955
v -3.422275 -0.150855 -0.137366
v -3.422434 -0.074757 -0.137524
v -3.458670 -0.150855 -0.089935
v -3.458865 -0.074757 -0.090047
v -3.481549 -0.150855 -0.034700
v -3.481766 -0.074757 -0.034758
v -3.489353 -0.150855 0.024574
v -3.489577 -0.074757 0.024574
v -3.481549 -0.150855 0.083848
v -3.481766 -0.074757 0.083906
v -3.458670 -0.150855 0.139082
v -3.458864 -0.074757 0.139195
v -3.422275 -0.150855 0.186513
v -3.422434 -0.074757 0.186672
v -3.394405 -0.150855 0.207899
v -3.394536 -0.074757 0.208079
v -3.374956 -0.074757 0.223103
v -3.374845 -0.150855 0.222908
v -3.319610 -0.150855 0.245787
v -3.319668 -0.074757 0.246004
v -3.260336 -0.150855 0.253591
v -3.260336 -0.074757 0.253815
v -3.201062 -0.150855 0.245787
v -3.201004 -0.074757 0.246004
v -3.145827 -0.150855 0.222908
v -3.145715 -0.074757 0.223103
v -3.111209 -0.150855 0.196345
v -3.111063 -0.074757 0.196513
v -3.098238 -0.074757 0.186672
v -3.098396 -0.150855 0.186513
v -3.062001 -0.150855 0.139082
v -3.061807 -0.074757 0.139195
v -3.039122 -0.150855 0.083848
v -3.038905 -0.074757 0.083906
v -3.031319 -0.150855 0.024574
v -3.031094 -0.074757 0.024574
v -3.260336 -0.150855 0.024574
v -2.879759 2.017107 -0.077401
v -2.919120 2.017107 -0.172427
v -3.260336 2.017107 0.024574
v -2.981734 2.017107 -0.254028
v -3.063334 2.017107 -0.316642
v -3.158360 2.017107 -0.356003
v -3.260336 2.017107 -0.369428
v -3.362311 2.017107 -0.356003
v -3.457337 2.017107 -0.316642
v -3.538937 2.017107 -0.254028
v -3.601552 2.017107 -0.172427
v -3.640913 2.017107 -0.077401
v -3.654338 2.017107 0.024574
v -3.640913 2.017107 0.126549
v -3.601552 2.017107 0.221575
v -3.538937 2.017107 0.303176
v -3.490989 2.017107 0.339968
v -3.457337 2.017107 0.365790
v -3.362311 2.017107 0.405151
v -3.260336 2.017107 0.418576
v -3.158360 2.017107 0.405151
v -3.063334 2.017107 0.365790
v -3.003777 2.017107 0.320090
v -2.981734 2.017107 0.303176
v -2.919120 2.017107 0.221575
v -2.879759 2.017107 0.126549
v -2.866333 2.017107 0.024574
v -2.922421 1.769009 0.024574
v -2.983785 1.464472 0.024574
v -2.993208 1.464472 -0.047003
v -2.933935 1.769009 -0.062885
v -2.933935 1.769009 0.112033
v -2.993208 1.464472 0.096151
v -2.967693 1.769009 0.193531
v -3.020836 1.464472 0.162849
v -3.021394 1.769009 0.263516
v -3.064785 1.464472 0.220125
v -3.091378 1.769009 0.317217
v -3.122060 1.464472 0.264074
v -3.080257 1.464472 0.231997
v -3.040299 1.769009 0.278022
v -3.172877 1.769009 0.350975
v -3.188759 1.464472 0.291701
v -3.260336 1.769009 0.362489
v -3.260336 1.464472 0.301125
v -3.347795 1.769009 0.350975
v -3.331912 1.464472 0.291701
v -3.429293 1.769009 0.317217
v -3.398611 1.464472 0.264074
v -3.499278 1.769009 0.263516
v -3.455887 1.464472 0.220125
v -3.422232 1.464472 0.245949
v -3.458155 1.769009 0.295071
v -3.552979 1.769009 0.193531
v -3.499836 1.464472 0.162849
v -3.586736 1.769009 0.112033
v -3.527463 1.464472 0.096150
v -3.598251 1.769009 0.024574
v -3.536887 1.464472 0.024574
v -3.586736 1.769009 -0.062885
v -3.527463 1.464472 -0.047003
v -3.552979 1.769009 -0.144384
v -3.499836 1.464472 -0.113702
v -3.499278 1.769009 -0.214368
v -3.455887 1.464472 -0.170977
v -3.429293 1.769009 -0.268069
v -3.398611 1.464472 -0.214926
v -3.347794 1.769009 -0.301827
v -3.331912 1.464472 -0.242554
v -3.260336 1.769009 -0.313341
v -3.260336 1.464472 -0.251977
v -3.172877 1.769009 -0.301827
v -3.188759 1.464472 -0.242554
v -3.091378 1.769009 -0.268069
v -3.122060 1.464472 -0.214926
v -3.021394 1.769009 -0.214368
v -3.064785 1.464472 -0.170977
v -2.967693 1.769009 -0.144384
v -3.020835 1.464472 -0.113702
v -3.029695 0.892479 0.024574
v -3.032547 0.850750 0.024574
v -3.040309 0.850750 -0.034382
v -3.037554 0.892479 -0.035120
v -3.037554 0.892478 0.084268
v -3.040309 0.850750 0.083530
v -3.060595 0.892479 0.139894
v -3.063065 0.850750 0.138468
v -3.097248 0.892478 0.187662
v -3.099265 0.850750 0.185645
v -3.145015 0.892479 0.224315
v -3.146441 0.850750 0.221844
v -3.112009 0.850750 0.195423
v -3.106936 0.892479 0.197563
v -3.200642 0.892479 0.247356
v -3.201380 0.850750 0.244600
v -3.260336 0.892479 0.255215
v -3.260336 0.850750 0.252362
v -3.320030 0.892479 0.247356
v -3.319292 0.850750 0.244600
v -3.375656 0.892479 0.224315
v -3.374230 0.850750 0.221844
v -3.423424 0.892478 0.187662
v -3.421407 0.850750 0.185645
v -3.393685 0.850750 0.206916
v -3.398679 0.892479 0.209199
v -3.460077 0.892478 0.139894
v -3.457606 0.850750 0.138468
v -3.483118 0.892479 0.084268
v -3.480362 0.850750 0.083530
v -3.490977 0.892479 0.024574
v -3.488124 0.850750 0.024574
v -3.483118 0.892479 -0.035120
v -3.480362 0.850750 -0.034382
v -3.460077 0.892479 -0.090747
v -3.457606 0.850750 -0.089320
v -3.423423 0.892479 -0.138514
v -3.421406 0.850750 -0.136497
v -3.375656 0.892479 -0.175167
v -3.374230 0.850750 -0.172697
v -3.320030 0.892479 -0.198208
v -3.319292 0.850750 -0.195453
v -3.260336 0.892479 -0.206067
v -3.260336 0.850750 -0.203214
v -3.200642 0.892479 -0.198208
v -3.201380 0.850750 -0.195453
v -3.145015 0.892478 -0.175167
v -3.146441 0.850750 -0.172696
v -3.097248 0.892479 -0.138514
v -3.099265 0.850750 -0.136497
v -3.060595 0.892479 -0.090747
v -3.063065 0.850750 -0.089320
v -3.009143 1.179883 0.024574
v -3.013029 1.136266 0.024574
v -3.021456 1.136266 -0.039434
v -3.017702 1.179883 -0.040440
v -3.017702 1.179883 0.089587
v -3.021456 1.136266 0.088582
v -3.042796 1.179883 0.150170
v -3.046162 1.136266 0.148227
v -3.082716 1.179883 0.202194
v -3.085463 1.136266 0.199446
v -3.134739 1.179883 0.242113
v -3.136682 1.136266 0.238748
v -3.099299 1.136266 0.210063
v -3.096769 1.179883 0.212978
v -3.195322 1.179883 0.267208
v -3.196328 1.136266 0.263454
v -3.260336 1.179883 0.275767
v -3.260336 1.136266 0.271881
v -3.325349 1.179883 0.267208
v -3.324343 1.136266 0.263454
v -3.385932 1.179883 0.242113
v -3.383989 1.136266 0.238748
v -3.437956 1.179883 0.202194
v -3.435208 1.136266 0.199446
v -3.405112 1.136266 0.222540
v -3.407387 1.179883 0.225651
v -3.477875 1.179883 0.150170
v -3.474509 1.136266 0.148227
v -3.502969 1.179883 0.089587
v -3.499216 1.136266 0.088582
v -3.511529 1.179883 0.024574
v -3.507642 1.136266 0.024574
v -3.502969 1.179883 -0.040440
v -3.499216 1.136266 -0.039434
v -3.477875 1.179883 -0.101023
v -3.474509 1.136266 -0.099079
v -3.437956 1.179883 -0.153046
v -3.435208 1.136266 -0.150298
v -3.385932 1.179883 -0.192966
v -3.383989 1.136266 -0.189600
v -3.325349 1.179883 -0.218060
v -3.324343 1.136266 -0.214306
v -3.260336 1.179883 -0.226619
v -3.260336 1.136266 -0.222733
v -3.195322 1.179883 -0.218060
v -3.196328 1.136266 -0.214306
v -3.134739 1.179883 -0.192966
v -3.136682 1.136266 -0.189600
v -3.082716 1.179883 -0.153046
v -3.085464 1.136266 -0.150298
v -3.042796 1.179883 -0.101023
v -3.046162 1.136266 -0.099079
v -3.038059 0.610098 0.024574
v -3.040117 0.520212 0.024574
v -3.047621 0.520212 -0.032423
v -3.045633 0.610098 -0.032956
v -3.045633 0.610098 0.082103
v -3.047621 0.520212 0.081571
v -3.067838 0.610098 0.135712
v -3.069621 0.520212 0.134683
v -3.099786 0.610098 0.181747
v -3.104618 0.520212 0.180292
v -3.149197 0.610098 0.217071
v -3.150227 0.520212 0.215289
v -3.116938 0.520212 0.189746
v -3.115598 0.610098 0.191290
v -3.202806 0.610098 0.239277
v -3.203339 0.520212 0.237289
v -3.260336 0.610098 0.246851
v -3.260336 0.520212 0.244792
v -3.317865 0.610098 0.239277
v -3.317333 0.520212 0.237289
v -3.371474 0.610098 0.217071
v -3.370445 0.520212 0.215289
v -3.417509 0.610098 0.181747
v -3.416054 0.520212 0.180292
v -3.389254 0.520212 0.200856
v -3.393670 0.610098 0.202504
v -3.452833 0.610098 0.135712
v -3.451050 0.520212 0.134683
v -3.475039 0.610098 0.082103
v -3.473051 0.520212 0.081571
v -3.482613 0.610098 0.024574
v -3.480554 0.520212 0.024574
v -3.475039 0.610098 -0.032956
v -3.473051 0.520212 -0.032423
v -3.452833 0.610098 -0.086565
v -3.451051 0.520212 -0.085535
v -3.417509 0.610098 -0.132600
v -3.416054 0.520212 -0.131144
v -3.371474 0.610098 -0.167924
v -3.370445 0.520212 -0.166141
v -3.317865 0.610098 -0.190129
v -3.317332 0.520212 -0.188141
v -3.260336 0.610098 -0.197703
v -3.260336 0.520212 -0.195644
v -3.202806 0.610098 -0.190129
v -3.203339 0.520212 -0.188141
v -3.149197 0.610098 -0.167924
v -3.150227 0.520212 -0.166141
v -3.103162 0.610098 -0.132600
v -3.104618 0.520212 -0.131144
v -3.067838 0.610098 -0.086565
v -3.069621 0.520212 -0.085535
v -3.038151 0.322093 0.024574
v -3.037117 0.217906 0.024574
v -3.044722 0.217906 -0.033200
v -3.045721 0.322093 -0.032932
v -3.045721 0.322093 0.082080
v -3.044722 0.217906 0.082347
v -3.067918 0.322093 0.135666
v -3.067022 0.217906 0.136184
v -3.099853 0.322093 0.181683
v -3.102496 0.217906 0.182414
v -3.149243 0.322093 0.216992
v -3.148726 0.217906 0.217887
v -3.114984 0.217906 0.191997
v -3.115658 0.322093 0.191221
v -3.202830 0.322093 0.239188
v -3.202562 0.217906 0.240187
v -3.260336 0.322093 0.246759
v -3.260336 0.217906 0.247793
v -3.317842 0.322093 0.239188
v -3.318109 0.217906 0.240187
v -3.371428 0.322093 0.216992
v -3.371945 0.217906 0.217887
v -3.417444 0.322093 0.181683
v -3.418175 0.217906 0.182414
v -3.391011 0.217906 0.203258
v -3.393615 0.322093 0.202430
v -3.452754 0.322093 0.135666
v -3.453649 0.217906 0.136184
v -3.474950 0.322093 0.082080
v -3.475949 0.217906 0.082347
v -3.482521 0.322093 0.024574
v -3.483555 0.217906 0.024574
v -3.474950 0.322093 -0.032932
v -3.475949 0.217906 -0.033200
v -3.452754 0.322093 -0.086519
v -3.453650 0.217906 -0.087036
v -3.417444 0.322093 -0.132535
v -3.418175 0.217906 -0.133266
v -3.371428 0.322093 -0.167844
v -3.371945 0.217906 -0.168740
v -3.317842 0.322093 -0.190040
v -3.318109 0.217906 -0.191039
v -3.260336 0.322093 -0.197611
v -3.260336 0.217906 -0.198645
v -3.202830 0.322093 -0.190040
v -3.202562 0.217906 -0.191039
v -3.149243 0.322093 -0.167844
v -3.148726 0.217906 -0.168740
v -3.103227 0.322093 -0.132535
v -3.102496 0.217906 -0.133266
v -3.067918 0.322093 -0.086519
v -3.067022 0.217906 -0.087036
v -3.033237 0.029380 0.024574
v -3.040975 0.029380 -0.034204
v -3.040975 0.029380 0.083351
v -3.063662 0.029380 0.138123
v -3.096298 0.029380 0.185157
v -3.146786 0.029380 0.221247
v -3.112458 0.029380 0.194906
v -3.201558 0.029380 0.243934
v -3.260336 0.029380 0.251673
v -3.319113 0.029380 0.243934
v -3.373885 0.029380 0.221247
v -3.420919 0.029380 0.185157
v -3.396558 0.029380 0.206363
v -3.457009 0.029380 0.138123
v -3.479696 0.029380 0.083351
v -3.487434 0.029380 0.024574
v -3.479696 0.029380 -0.034204
v -3.457009 0.029380 -0.088975
v -3.420918 0.029380 -0.136009
v -3.373885 0.029380 -0.172099
v -3.319113 0.029380 -0.194787
v -3.260336 0.029380 -0.202525
v -3.201558 0.029380 -0.194787
v -3.146786 0.029380 -0.172099
v -3.099753 0.029380 -0.136009
v -3.063663 0.029380 -0.088975
v -2.996623 1.320386 0.024574
v -3.005609 1.320386 -0.043680
v -3.005609 1.320386 0.092828
v -3.031954 1.320386 0.156430
v -3.073863 1.320386 0.211047
v -3.128479 1.320386 0.252956
v -3.088617 1.320386 0.222368
v -3.192082 1.320386 0.279300
v -3.260336 1.320386 0.288286
v -3.328589 1.320386 0.279300
v -3.392192 1.320386 0.252955
v -3.446809 1.320386 0.211047
v -3.414716 1.320386 0.235672
v -3.488717 1.320386 0.156430
v -3.515062 1.320386 0.092828
v -3.524048 1.320386 0.024574
v -3.515062 1.320386 -0.043680
v -3.488717 1.320386 -0.107282
v -3.446809 1.320386 -0.161899
v -3.392192 1.320386 -0.203808
v -3.328589 1.320386 -0.230153
v -3.260336 1.320386 -0.239138
v -3.192082 1.320386 -0.230153
v -3.128479 1.320386 -0.203808
v -3.073863 1.320386 -0.161899
v -3.031954 1.320386 -0.107282
v -3.019961 1.034865 0.024574
v -3.028152 1.034865 -0.037640
v -3.028152 1.034865 0.086787
v -3.052165 1.034865 0.144761
v -3.090365 1.034865 0.194544
v -3.100452 1.034865 0.204864
v -3.140148 1.034865 0.232744
v -3.198122 1.034865 0.256758
v -3.260336 1.034865 0.264949
v -3.322549 1.034865 0.256758
v -3.380523 1.034865 0.232744
v -3.430306 1.034865 0.194544
v -3.404508 1.034865 0.216991
v -3.468506 1.034865 0.144761
v -3.492520 1.034865 0.086787
v -3.500710 1.034865 0.024574
v -3.492520 1.034865 -0.037640
v -3.468506 1.034865 -0.095614
v -3.430306 1.034865 -0.145397
v -3.380523 1.034865 -0.183597
v -3.322549 1.034865 -0.207610
v -3.260336 1.034865 -0.215801
v -3.198122 1.034865 -0.207610
v -3.140148 1.034865 -0.183597
v -3.090365 1.034865 -0.145397
v -3.052165 1.034865 -0.095613
v -3.034888 0.748538 0.024574
v -3.042570 0.748538 -0.033776
v -3.042570 0.748538 0.082924
v -3.065092 0.748538 0.137298
v -3.097493 0.748538 0.183989
v -3.419751 0.748538 0.183989
v -3.395569 0.748538 0.205042
v -3.455579 0.748538 0.137298
v -3.478101 0.748538 0.082924
v -3.485783 0.748538 0.024574
v -3.478101 0.748538 -0.033776
v -3.455579 0.748538 -0.088150
v -3.419751 0.748538 -0.134842
v -3.373059 0.748538 -0.170669
v -3.318686 0.748538 -0.193192
v -3.260336 0.748538 -0.200873
v -3.201985 0.748538 -0.193192
v -3.147612 0.748538 -0.170669
v -3.100920 0.748538 -0.134841
v -3.065092 0.748538 -0.088150
v -3.113533 0.748538 0.193668
v -3.147612 0.748538 0.219817
v -3.201985 0.748538 0.242339
v -3.260336 0.748538 0.250021
v -3.318686 0.748538 0.242339
v -3.373059 0.748538 0.219817
v -3.039488 0.456787 0.024574
v -3.047013 0.456787 -0.032586
v -3.047013 0.456787 0.081734
v -3.069076 0.456787 0.134998
v -3.100820 0.456787 0.180737
v -3.116528 0.456787 0.190218
v -3.149912 0.456787 0.215834
v -3.203176 0.456787 0.237897
v -3.260336 0.456787 0.245422
v -3.317495 0.456787 0.237897
v -3.370760 0.456787 0.215834
v -3.392815 0.456787 0.201360
v -3.416499 0.456787 0.180737
v -3.451596 0.456787 0.134998
v -3.473658 0.456787 0.081734
v -3.481184 0.456787 0.024574
v -3.473658 0.456787 -0.032586
v -3.451596 0.456787 -0.085850
v -3.416499 0.456787 -0.131589
v -3.370760 0.456787 -0.166686
v -3.317495 0.456787 -0.188749
v -3.260336 0.456787 -0.196274
v -3.203176 0.456787 -0.188749
v -3.149912 0.456787 -0.166686
v -3.104172 0.456787 -0.131589
v -3.069076 0.456787 -0.085850
v -3.036124 0.169682 0.024574
v -3.043764 0.169682 -0.033456
v -3.043764 0.169682 0.082604
v -3.066163 0.169682 0.136680
v -3.098387 0.169682 0.183115
v -3.114338 0.169682 0.192741
v -3.148230 0.169682 0.218747
v -3.202305 0.169682 0.241146
v -3.260336 0.169682 0.248785
v -3.318366 0.169682 0.241146
v -3.372442 0.169682 0.218747
v -3.394829 0.169682 0.204052
v -3.418877 0.169682 0.183115
v -3.454508 0.169682 0.136680
v -3.476907 0.169682 0.082604
v -3.484547 0.169682 0.024574
v -3.476907 0.169682 -0.033456
v -3.454509 0.169682 -0.087532
v -3.418878 0.169682 -0.133968
v -3.372441 0.169682 -0.169599
v -3.318366 0.169682 -0.191998
v -3.260336 0.169682 -0.199638
v -3.202305 0.169682 -0.191998
v -3.148230 0.169682 -0.169599
v -3.101794 0.169682 -0.133968
v -3.066163 0.169682 -0.087532
v -3.149372 1.192530 0.216769
v -3.122317 1.192483 0.196023
v -3.115320 1.313065 0.204081
v -3.143984 1.313109 0.226100
v -3.202896 1.192530 0.238940
v -3.200108 1.313109 0.249347
v -3.260336 1.192530 0.246502
v -3.260336 1.313109 0.257276
v -3.317775 1.192530 0.238940
v -3.320564 1.313109 0.249347
v -3.365701 1.192483 0.219100
v -3.371073 1.313065 0.228405
v -3.159774 0.904520 0.198753
v -3.133236 0.904484 0.180416
v -3.127661 1.026917 0.186694
v -3.155577 1.026951 0.206021
v -3.208281 0.904520 0.218845
v -3.206109 1.026951 0.226952
v -3.260336 0.904520 0.225698
v -3.260336 1.026951 0.234091
v -3.312390 0.904520 0.218845
v -3.314563 1.026951 0.226952
v -3.360898 0.904520 0.198753
v -3.365094 1.026950 0.206021
v -3.377345 1.026917 0.198786
v -3.372333 0.904484 0.192087
v -3.124451 0.739222 0.166121
v -3.131930 0.739222 0.169693
v -3.133718 0.620777 0.167675
v -3.126413 0.620777 0.164202
v -3.164210 0.620789 0.191068
v -3.162850 0.739233 0.193424
v -3.210577 0.620789 0.210274
v -3.209873 0.739233 0.212902
v -3.260336 0.620789 0.216825
v -3.260336 0.739234 0.219545
v -3.310094 0.620789 0.210274
v -3.310798 0.739233 0.212902
v -3.356462 0.620789 0.191068
v -3.357821 0.739234 0.193424
v -3.368639 0.739222 0.187152
v -3.367015 0.620777 0.184980
v -3.127544 0.446492 0.163095
v -3.134730 0.446492 0.166497
v -3.133980 0.331797 0.167343
v -3.126720 0.331797 0.163900
v -3.164420 0.331792 0.190704
v -3.164991 0.446487 0.189715
v -3.210686 0.331792 0.209868
v -3.210982 0.446487 0.208765
v -3.260336 0.331792 0.216404
v -3.260336 0.446487 0.215262
v -3.309985 0.331792 0.209868
v -3.309690 0.446487 0.208765
v -3.356251 0.331792 0.190704
v -3.355680 0.446487 0.189715
v -3.366078 0.446492 0.183728
v -3.366760 0.331797 0.184639
v -3.125031 0.159073 0.165553
v -3.132473 0.159073 0.169107
v -3.130841 0.038766 0.170949
v -3.123240 0.038766 0.167303
v -3.162014 0.038755 0.194873
v -3.163255 0.159062 0.192723
v -3.209440 0.038755 0.214518
v -3.210083 0.159062 0.212120
v -3.260336 0.038755 0.221218
v -3.260336 0.159062 0.218735
v -3.311231 0.038755 0.214517
v -3.310588 0.159062 0.212120
v -3.358658 0.038755 0.194873
v -3.357417 0.159062 0.192723
v -3.368159 0.159073 0.186509
v -3.369641 0.038766 0.188491
v 0.365272 -0.074757 -0.034758
v 0.365055 -0.150855 -0.034700
v 0.342176 -0.150855 -0.089935
v 0.342370 -0.074757 -0.090047
v 0.305781 -0.150855 -0.137365
v 0.305940 -0.074757 -0.137524
v 0.258350 -0.150855 -0.173760
v 0.258462 -0.074757 -0.173955
v 0.203115 -0.150855 -0.196639
v 0.203173 -0.074757 -0.196856
v 0.143841 -0.150855 -0.204443
v 0.143841 -0.074757 -0.204668
v 0.084567 -0.150855 -0.196639
v 0.084509 -0.074757 -0.196856
v 0.029333 -0.150855 -0.173761
v 0.029221 -0.074757 -0.173955
v -0.018098 -0.150855 -0.137366
v -0.018257 -0.074757 -0.137524
v -0.054493 -0.150855 -0.089935
v -0.054688 -0.074757 -0.090047
v -0.077372 -0.150855 -0.034700
v -0.077589 -0.074757 -0.034758
v -0.085176 -0.150855 0.024574
v -0.085400 -0.074757 0.024574
v -0.077372 -0.150855 0.083848
v -0.077589 -0.074757 0.083906
v -0.054493 -0.150855 0.139082
v -0.054688 -0.074757 0.139195
v -0.018098 -0.150855 0.186513
v -0.018257 -0.074757 0.186672
v 0.009772 -0.150855 0.207899
v 0.009641 -0.074757 0.208079
v 0.029220 -0.074757 0.223103
v 0.029333 -0.150855 0.222908
v 0.084567 -0.150855 0.245787
v 0.084509 -0.074757 0.246004
v 0.143841 -0.150855 0.253591
v 0.143841 -0.074757 0.253815
v 0.203115 -0.150855 0.245787
v 0.203173 -0.074757 0.246004
v 0.258350 -0.150855 0.222908
v 0.258462 -0.074757 0.223103
v 0.292968 -0.150855 0.196345
v 0.293114 -0.074757 0.196513
v 0.305940 -0.074757 0.186672
v 0.305781 -0.150855 0.186513
v 0.342176 -0.150855 0.139082
v 0.342370 -0.074757 0.139195
v 0.365055 -0.150855 0.083848
v 0.365272 -0.074757 0.083906
v 0.372858 -0.150855 0.024574
v 0.373083 -0.074757 0.024574
v 0.143841 -0.150855 0.024574
v 0.524418 2.017107 -0.077401
v 0.485057 2.017107 -0.172427
v 0.143841 2.017107 0.024574
v 0.422443 2.017107 -0.254028
v 0.340842 2.017107 -0.316642
v 0.245817 2.017107 -0.356003
v 0.143841 2.017107 -0.369428
v 0.041866 2.017107 -0.356003
v -0.053160 2.017107 -0.316642
v -0.134760 2.017107 -0.254028
v -0.197375 2.017107 -0.172427
v -0.236736 2.017107 -0.077401
v -0.250161 2.017107 0.024574
v -0.236736 2.017107 0.126549
v -0.197375 2.017107 0.221575
v -0.134760 2.017107 0.303176
v -0.086812 2.017107 0.339968
v -0.053160 2.017107 0.365790
v 0.041866 2.017107 0.405151
v 0.143841 2.017107 0.418576
v 0.245817 2.017107 0.405151
v 0.340842 2.017107 0.365790
v 0.400400 2.017107 0.320090
v 0.422443 2.017107 0.303176
v 0.485057 2.017107 0.221575
v 0.524418 2.017107 0.126549
v 0.537844 2.017107 0.024574
v 0.481756 1.769009 0.024574
v 0.420392 1.464472 0.024574
v 0.410969 1.464472 -0.047003
v 0.470242 1.769009 -0.062885
v 0.470242 1.769009 0.112033
v 0.410969 1.464472 0.096151
v 0.436484 1.769009 0.193531
v 0.383341 1.464472 0.162849
v 0.382783 1.769009 0.263516
v 0.339392 1.464472 0.220125
v 0.312799 1.769009 0.317217
v 0.282117 1.464472 0.264074
v 0.323920 1.464472 0.231997
v 0.363878 1.769009 0.278022
v 0.231300 1.769009 0.350975
v 0.215418 1.464472 0.291701
v 0.143841 1.769009 0.362489
v 0.143841 1.464472 0.301125
v 0.056382 1.769009 0.350975
v 0.072265 1.464472 0.291701
v -0.025116 1.769009 0.317217
v 0.005566 1.464472 0.264074
v -0.095101 1.769009 0.263516
v -0.051710 1.464472 0.220125
v -0.018055 1.464472 0.245949
v -0.053978 1.769009 0.295071
v -0.148802 1.769009 0.193531
v -0.095659 1.464472 0.162849
v -0.182560 1.769009 0.112033
v -0.123286 1.464472 0.096150
v -0.194074 1.769009 0.024574
v -0.132710 1.464472 0.024574
v -0.182560 1.769009 -0.062885
v -0.123286 1.464472 -0.047003
v -0.148802 1.769009 -0.144384
v -0.095659 1.464472 -0.113702
v -0.095101 1.769009 -0.214368
v -0.051710 1.464472 -0.170977
v -0.025116 1.769009 -0.268069
v 0.005566 1.464472 -0.214926
v 0.056382 1.769009 -0.301827
v 0.072265 1.464472 -0.242554
v 0.143841 1.769009 -0.313341
v 0.143841 1.464472 -0.251977
v 0.231300 1.769009 -0.301827
v 0.215418 1.464472 -0.242554
v 0.312799 1.769009 -0.268069
v 0.282117 1.464472 -0.214926
v 0.382783 1.769009 -0.214368
v 0.339392 1.464472 -0.170977
v 0.436484 1.769009 -0.144384
v 0.383341 1.464472 -0.113702
v 0.374482 0.892479 0.024574
v 0.371630 0.850750 0.024574
v 0.363868 0.850750 -0.034382
v 0.366623 0.892479 -0.035120
v 0.366623 0.892478 0.084268
v 0.363868 0.850750 0.083530
v 0.343582 0.892479 0.139894
v 0.341112 0.850750 0.138468
v 0.306929 0.892478 0.187662
v 0.304912 0.850750 0.185645
v 0.259162 0.892479 0.224315
v 0.257735 0.850750 0.221844
v 0.292168 0.850750 0.195423
v 0.297241 0.892479 0.197563
v 0.203536 0.892479 0.247356
v 0.202797 0.850750 0.244600
v 0.143841 0.892479 0.255215
v 0.143841 0.850750 0.252362
v 0.084147 0.892479 0.247356
v 0.084885 0.850750 0.244600
v 0.028521 0.892479 0.224315
v 0.029947 0.850750 0.221844
v -0.019246 0.892478 0.187662
v -0.017229 0.850750 0.185645
v 0.010491 0.850750 0.206916
v 0.005498 0.892479 0.209199
v -0.055900 0.892478 0.139894
v -0.053429 0.850750 0.138468
v -0.078941 0.892479 0.084268
v -0.076185 0.850750 0.083530
v -0.086800 0.892479 0.024574
v -0.083947 0.850750 0.024574
v -0.078941 0.892479 -0.035120
v -0.076185 0.850750 -0.034382
v -0.055900 0.892479 -0.090747
v -0.053429 0.850750 -0.089320
v -0.019246 0.892479 -0.138514
v -0.017229 0.850750 -0.136497
v 0.028521 0.892479 -0.175167
v 0.029947 0.850750 -0.172697
v 0.084147 0.892479 -0.198208
v 0.084885 0.850750 -0.195453
v 0.143841 0.892479 -0.206067
v 0.143841 0.850750 -0.203214
v 0.203536 0.892479 -0.198208
v 0.202797 0.850750 -0.195453
v 0.259162 0.892478 -0.175167
v 0.257735 0.850750 -0.172696
v 0.306929 0.892479 -0.138514
v 0.304912 0.850750 -0.136497
v 0.343582 0.892479 -0.090747
v 0.341112 0.850750 -0.089320
v 0.395034 1.179883 0.024574
v 0.391148 1.136266 0.024574
v 0.382721 1.136266 -0.039434
v 0.386475 1.179883 -0.040440
v 0.386475 1.179883 0.089587
v 0.382721 1.136266 0.088582
v 0.361381 1.179883 0.150170
v 0.358015 1.136266 0.148227
v 0.321462 1.179883 0.202194
v 0.318713 1.136266 0.199446
v 0.269438 1.179883 0.242113
v 0.267495 1.136266 0.238748
v 0.304878 1.136266 0.210063
v 0.307408 1.179883 0.212978
v 0.208855 1.179883 0.267208
v 0.207849 1.136266 0.263454
v 0.143841 1.179883 0.275767
v 0.143841 1.136266 0.271881
v 0.078828 1.179883 0.267208
v 0.079834 1.136266 0.263454
v 0.018245 1.179883 0.242113
v 0.020188 1.136266 0.238748
v -0.033779 1.179883 0.202194
v -0.031031 1.136266 0.199446
v -0.000935 1.136266 0.222540
v -0.003210 1.179883 0.225651
v -0.073698 1.179883 0.150170
v -0.070332 1.136266 0.148227
v -0.098792 1.179883 0.089587
v -0.095039 1.136266 0.088582
v -0.107352 1.179883 0.024574
v -0.103465 1.136266 0.024574
v -0.098792 1.179883 -0.040440
v -0.095039 1.136266 -0.039434
v -0.073698 1.179883 -0.101023
v -0.070332 1.136266 -0.099079
v -0.033779 1.179883 -0.153046
v -0.031031 1.136266 -0.150298
v 0.018245 1.179883 -0.192966
v 0.020188 1.136266 -0.189600
v 0.078828 1.179883 -0.218060
v 0.079834 1.136266 -0.214306
v 0.143841 1.179883 -0.226619
v 0.143841 1.136266 -0.222733
v 0.208855 1.179883 -0.218060
v 0.207849 1.136266 -0.214306
v 0.269438 1.179883 -0.192966
v 0.267495 1.136266 -0.189600
v 0.321462 1.179883 -0.153046
v 0.318713 1.136266 -0.150298
v 0.361381 1.179883 -0.101023
v 0.358015 1.136266 -0.099079
v 0.366118 0.610098 0.024574
v 0.364060 0.520212 0.024574
v 0.356556 0.520212 -0.032423
v 0.358544 0.610098 -0.032956
v 0.358544 0.610098 0.082103
v 0.356556 0.520212 0.081571
v 0.336339 0.610098 0.135712
v 0.334556 0.520212 0.134683
v 0.304391 0.610098 0.181747
v 0.299559 0.520212 0.180292
v 0.254980 0.610098 0.217071
v 0.253950 0.520212 0.215289
v 0.287239 0.520212 0.189746
v 0.288579 0.610098 0.191290
v 0.201371 0.610098 0.239277
v 0.200838 0.520212 0.237289
v 0.143841 0.610098 0.246851
v 0.143841 0.520212 0.244792
v 0.086312 0.610098 0.239277
v 0.086845 0.520212 0.237289
v 0.032703 0.610098 0.217071
v 0.033732 0.520212 0.215289
v -0.013332 0.610098 0.181747
v -0.011877 0.520212 0.180292
v 0.014923 0.520212 0.200856
v 0.010507 0.610098 0.202504
v -0.048656 0.610098 0.135712
v -0.046873 0.520212 0.134683
v -0.070862 0.610098 0.082103
v -0.068873 0.520212 0.081571
v -0.078436 0.610098 0.024574
v -0.076377 0.520212 0.024574
v -0.070862 0.610098 -0.032956
v -0.068873 0.520212 -0.032423
v -0.048656 0.610098 -0.086565
v -0.046874 0.520212 -0.085535
v -0.013332 0.610098 -0.132600
v -0.011877 0.520212 -0.131144
v 0.032703 0.610098 -0.167924
v 0.033732 0.520212 -0.166141
v 0.086312 0.610098 -0.190129
v 0.086845 0.520212 -0.188141
v 0.143841 0.610098 -0.197703
v 0.143841 0.520212 -0.195644
v 0.201371 0.610098 -0.190129
v 0.200838 0.520212 -0.188141
v 0.254980 0.610098 -0.167924
v 0.253950 0.520212 -0.166141
v 0.301015 0.610098 -0.132600
v 0.299559 0.520212 -0.131144
v 0.336339 0.610098 -0.086565
v 0.334556 0.520212 -0.085535
v 0.366026 0.322093 0.024574
v 0.367061 0.217906 0.024574
v 0.359455 0.217906 -0.033200
v 0.358456 0.322093 -0.032932
v 0.358456 0.322093 0.082080
v 0.359455 0.217906 0.082347
v 0.336259 0.322093 0.135666
v 0.337155 0.217906 0.136184
v 0.304324 0.322093 0.181683
v 0.301681 0.217906 0.182414
v 0.254934 0.322093 0.216992
v 0.255451 0.217906 0.217887
v 0.289193 0.217906 0.191997
v 0.288519 0.322093 0.191221
v 0.201347 0.322093 0.239188
v 0.201614 0.217906 0.240187
v 0.143841 0.322093 0.246759
v 0.143841 0.217906 0.247793
v 0.086336 0.322093 0.239188
v 0.086068 0.217906 0.240187
v 0.032749 0.322093 0.216992
v 0.032232 0.217906 0.217887
v -0.013267 0.322093 0.181683
v -0.013999 0.217906 0.182414
v 0.013166 0.217906 0.203258
v 0.010562 0.322093 0.202430
v -0.048577 0.322093 0.135666
v -0.049472 0.217906 0.136184
v -0.070773 0.322093 0.082080
v -0.071772 0.217906 0.082347
v -0.078344 0.322093 0.024574
v -0.079378 0.217906 0.024574
v -0.070773 0.322093 -0.032932
v -0.071772 0.217906 -0.033200
v -0.048577 0.322093 -0.086519
v -0.049472 0.217906 -0.087036
v -0.013267 0.322093 -0.132535
v -0.013999 0.217906 -0.133266
v 0.032749 0.322093 -0.167844
v 0.032232 0.217906 -0.168740
v 0.086336 0.322093 -0.190040
v 0.086068 0.217906 -0.191039
v 0.143841 0.322093 -0.197611
v 0.143841 0.217906 -0.198645
v 0.201347 0.322093 -0.190040
v 0.201615 0.217906 -0.191039
v 0.254934 0.322093 -0.167844
v 0.255451 0.217906 -0.168740
v 0.300950 0.322093 -0.132535
v 0.301681 0.217906 -0.133266
v 0.336259 0.322093 -0.086519
v 0.337155 0.217906 -0.087036
v 0.370940 0.029380 0.024574
v 0.363202 0.029380 -0.034204
v 0.363202 0.029380 0.083351
v 0.340515 0.029380 0.138123
v 0.307878 0.029380 0.185157
v 0.257391 0.029380 0.221247
v 0.291719 0.029380 0.194906
v 0.202619 0.029380 0.243934
v 0.143841 0.029380 0.251673
v 0.085064 0.029380 0.243934
v 0.030292 0.029380 0.221247
v -0.016742 0.029380 0.185157
v 0.007619 0.029380 0.206363
v -0.052832 0.029380 0.138123
v -0.075519 0.029380 0.083351
v -0.083257 0.029380 0.024574
v -0.075519 0.029380 -0.034204
v -0.052832 0.029380 -0.088975
v -0.016742 0.029380 -0.136009
v 0.030292 0.029380 -0.172099
v 0.085064 0.029380 -0.194787
v 0.143841 0.029380 -0.202525
v 0.202619 0.029380 -0.194787
v 0.257391 0.029380 -0.172099
v 0.304424 0.029380 -0.136009
v 0.340514 0.029380 -0.088975
v 0.407554 1.320386 0.024574
v 0.398568 1.320386 -0.043680
v 0.398568 1.320386 0.092828
v 0.372223 1.320386 0.156430
v 0.330314 1.320386 0.211047
v 0.275698 1.320386 0.252956
v 0.315560 1.320386 0.222368
v 0.212095 1.320386 0.279300
v 0.143841 1.320386 0.288286
v 0.075588 1.320386 0.279300
v 0.011985 1.320386 0.252955
v -0.042632 1.320386 0.211047
v -0.010539 1.320386 0.235672
v -0.084540 1.320386 0.156430
v -0.110885 1.320386 0.092828
v -0.119871 1.320386 0.024574
v -0.110885 1.320386 -0.043680
v -0.084540 1.320386 -0.107282
v -0.042632 1.320386 -0.161899
v 0.011985 1.320386 -0.203808
v 0.075588 1.320386 -0.230153
v 0.143841 1.320386 -0.239138
v 0.212095 1.320386 -0.230153
v 0.275698 1.320386 -0.203808
v 0.330314 1.320386 -0.161899
v 0.372223 1.320386 -0.107282
v 0.384216 1.034865 0.024574
v 0.376025 1.034865 -0.037640
v 0.376025 1.034865 0.086787
v 0.352012 1.034865 0.144761
v 0.313812 1.034865 0.194544
v 0.303725 1.034865 0.204864
v 0.264029 1.034865 0.232744
v 0.206055 1.034865 0.256758
v 0.143841 1.034865 0.264949
v 0.081628 1.034865 0.256758
v 0.023654 1.034865 0.232744
v -0.026129 1.034865 0.194544
v -0.000331 1.034865 0.216991
v -0.064329 1.034865 0.144761
v -0.088343 1.034865 0.086787
v -0.096534 1.034865 0.024574
v -0.088343 1.034865 -0.037640
v -0.064329 1.034865 -0.095614
v -0.026129 1.034865 -0.145397
v 0.023654 1.034865 -0.183597
v 0.081628 1.034865 -0.207610
v 0.143841 1.034865 -0.215801
v 0.206055 1.034865 -0.207610
v 0.264029 1.034865 -0.183597
v 0.313812 1.034865 -0.145397
v 0.352012 1.034865 -0.095613
v 0.369289 0.748538 0.024574
v 0.361607 0.748538 -0.033776
v 0.361607 0.748538 0.082924
v 0.339085 0.748538 0.137298
v 0.306684 0.748538 0.183989
v -0.015574 0.748538 0.183989
v 0.008608 0.748538 0.205042
v -0.051402 0.748538 0.137298
v -0.073924 0.748538 0.082924
v -0.081606 0.748538 0.024574
v -0.073924 0.748538 -0.033776
v -0.051402 0.748538 -0.088150
v -0.015574 0.748538 -0.134842
v 0.031118 0.748538 -0.170669
v 0.085491 0.748538 -0.193192
v 0.143841 0.748538 -0.200873
v 0.202191 0.748538 -0.193192
v 0.256565 0.748538 -0.170669
v 0.303257 0.748538 -0.134841
v 0.339084 0.748538 -0.088150
v 0.290644 0.748538 0.193668
v 0.256565 0.748538 0.219817
v 0.202191 0.748538 0.242339
v 0.143841 0.748538 0.250021
v 0.085491 0.748538 0.242339
v 0.031117 0.748538 0.219817
v 0.364689 0.456787 0.024574
v 0.357164 0.456787 -0.032586
v 0.357164 0.456787 0.081734
v 0.335101 0.456787 0.134998
v 0.303357 0.456787 0.180737
v 0.287649 0.456787 0.190218
v 0.254265 0.456787 0.215834
v 0.201001 0.456787 0.237897
v 0.143841 0.456787 0.245422
v 0.086682 0.456787 0.237897
v 0.033417 0.456787 0.215834
v 0.011362 0.456787 0.201360
v -0.012322 0.456787 0.180737
v -0.047419 0.456787 0.134998
v -0.069482 0.456787 0.081734
v -0.077007 0.456787 0.024574
v -0.069482 0.456787 -0.032586
v -0.047419 0.456787 -0.085850
v -0.012322 0.456787 -0.131589
v 0.033417 0.456787 -0.166686
v 0.086682 0.456787 -0.188749
v 0.143841 0.456787 -0.196274
v 0.201001 0.456787 -0.188749
v 0.254265 0.456787 -0.166686
v 0.300004 0.456787 -0.131589
v 0.335101 0.456787 -0.085850
v 0.368053 0.169682 0.024574
v 0.360413 0.169682 -0.033456
v 0.360413 0.169682 0.082604
v 0.338014 0.169682 0.136680
v 0.305790 0.169682 0.183115
v 0.289839 0.169682 0.192741
v 0.255947 0.169682 0.218747
v 0.201872 0.169682 0.241146
v 0.143841 0.169682 0.248785
v 0.085811 0.169682 0.241146
v 0.031735 0.169682 0.218747
v 0.009348 0.169682 0.204052
v -0.014700 0.169682 0.183115
v -0.050332 0.169682 0.136680
v -0.072731 0.169682 0.082604
v -0.080370 0.169682 0.024574
v -0.072731 0.169682 -0.033456
v -0.050332 0.169682 -0.087532
v -0.014700 0.169682 -0.133968
v 0.031736 0.169682 -0.169599
v 0.085811 0.169682 -0.191998
v 0.143841 0.169682 -0.199638
v 0.201872 0.169682 -0.191998
v 0.255947 0.169682 -0.169599
v 0.302383 0.169682 -0.133968
v 0.338014 0.169682 -0.087532
v 0.254805 1.192530 0.216769
v 0.281860 1.192483 0.196023
v 0.288857 1.313065 0.204081
v 0.260193 1.313109 0.226100
v 0.201280 1.192530 0.238940
v 0.204069 1.313109 0.249347
v 0.143841 1.192530 0.246502
v 0.143841 1.313109 0.257276
v 0.086402 1.192530 0.238940
v 0.083613 1.313109 0.249347
v 0.038476 1.192483 0.219100
v 0.033104 1.313065 0.228405
v 0.244403 0.904520 0.198753
v 0.270941 0.904484 0.180416
v 0.276516 1.026917 0.186694
v 0.248600 1.026951 0.206021
v 0.195896 0.904520 0.218845
v 0.198068 1.026951 0.226952
v 0.143841 0.904520 0.225698
v 0.143841 1.026951 0.234091
v 0.091787 0.904520 0.218845
v 0.089614 1.026951 0.226952
v 0.043279 0.904520 0.198753
v 0.039083 1.026950 0.206021
v 0.026832 1.026917 0.198786
v 0.031844 0.904484 0.192087
v 0.279726 0.739222 0.166121
v 0.272247 0.739222 0.169693
v 0.270459 0.620777 0.167675
v 0.277764 0.620777 0.164202
v 0.239967 0.620789 0.191068
v 0.241327 0.739233 0.193424
v 0.193600 0.620789 0.210274
v 0.194304 0.739233 0.212902
v 0.143841 0.620789 0.216825
v 0.143841 0.739234 0.219545
v 0.094083 0.620789 0.210274
v 0.093379 0.739233 0.212902
v 0.047716 0.620789 0.191068
v 0.046355 0.739234 0.193424
v 0.035537 0.739222 0.187152
v 0.037162 0.620777 0.184980
v 0.276633 0.446492 0.163095
v 0.269447 0.446492 0.166497
v 0.270198 0.331797 0.167343
v 0.277456 0.331797 0.163900
v 0.239756 0.331792 0.190704
v 0.239185 0.446487 0.189715
v 0.193491 0.331792 0.209868
v 0.193195 0.446487 0.208765
v 0.143841 0.331792 0.216404
v 0.143841 0.446487 0.215262
v 0.094192 0.331792 0.209868
v 0.094488 0.446487 0.208765
v 0.047926 0.331792 0.190704
v 0.048497 0.446487 0.189715
v 0.038099 0.446492 0.183728
v 0.037417 0.331797 0.184639
v 0.279146 0.159073 0.165553
v 0.271704 0.159073 0.169107
v 0.273336 0.038766 0.170949
v 0.280936 0.038766 0.167303
v 0.242163 0.038755 0.194873
v 0.240922 0.159062 0.192723
v 0.194736 0.038755 0.214518
v 0.194094 0.159062 0.212120
v 0.143841 0.038755 0.221218
v 0.143841 0.159062 0.218735
v 0.092946 0.038755 0.214517
v 0.093589 0.159062 0.212120
v 0.045519 0.038755 0.194873
v 0.046761 0.159062 0.192723
v 0.036018 0.159073 0.186509
v 0.034536 0.038766 0.188491
v 0.428203 3.725484 0.084230
v -0.148952 3.725484 0.084230
v -0.148952 3.195273 0.084230
v 0.428203 3.195273 0.084230
v 0.428203 3.195273 -0.000000
v -0.148952 3.195273 -0.000000
v -0.148952 3.725484 -0.000000
v 0.428203 3.725484 -0.000000
v 0.449258 3.195273 0.063175
v 0.449258 3.195273 0.021055
v 0.449258 3.725484 0.021055
v 0.449258 3.725484 0.063175
v -0.170008 3.725484 0.063175
v -0.170008 3.725484 0.021055
v -0.170008 3.195273 0.021055
v -0.170008 3.195273 0.063175
v -0.163841 3.195273 0.078063
v -0.163841 3.725484 0.078063
v 0.443091 3.195273 0.078063
v 0.443091 3.725484 0.078063
v -0.163841 3.195273 0.006167
v -0.163841 3.725484 0.006167
v 0.443091 3.195273 0.006167
v 0.443091 3.725484 0.006167
v 0.439258 3.701695 0.023045
v 0.435437 3.701695 0.013821
v 0.426214 3.701695 0.010000
v -0.146963 3.701695 0.010000
v -0.156187 3.701695 0.013821
v -0.160008 3.701695 0.023045
v -0.160008 3.701695 0.061186
v -0.156187 3.701695 0.070410
v -0.146963 3.701695 0.074230
v 0.426214 3.701695 0.074230
v 0.435437 3.701695 0.070410
v 0.439258 3.701695 0.061186
v 0.435437 3.725484 0.013821
v 0.426214 3.725484 0.010000
v -0.146963 3.725484 0.010000
v -0.156187 3.725484 0.013821
v -0.160008 3.725484 0.023045
v -0.160008 3.725484 0.061186
v -0.156187 3.725484 0.070410
v -0.146963 3.725484 0.074230
v 0.426214 3.725484 0.074230
v 0.435437 3.725484 0.070410
v 0.439258 3.725484 0.061186
v 0.439258 3.725484 0.023045
v 0.156746 2.882987 0.163934
v 0.156746 3.080599 0.163934
v 0.040826 3.080599 0.115919
v 0.040826 2.882987 0.115919
v -0.007189 3.080599 -0.000000
v -0.007189 2.882987 -0.000000
v 0.040827 3.080599 -0.115919
v 0.040827 2.882987 -0.115919
v 0.156746 3.080599 -0.163934
v 0.156746 2.882987 -0.163934
v 0.272665 3.080599 -0.115919
v 0.272665 2.882987 -0.115919
v 0.320680 3.080599 0.000000
v 0.320680 2.882987 0.000000
v 0.272665 3.080599 0.115919
v 0.272665 2.882987 0.115919
v 0.156746 2.685375 0.163934
v 0.040826 2.685375 0.115919
v -0.007189 2.685375 -0.000000
v 0.040827 2.685375 -0.115919
v 0.156746 2.685375 -0.163934
v 0.272665 2.685375 -0.115919
v 0.320680 2.685375 0.000000
v 0.272665 2.685375 0.115919
v 0.156746 2.487763 0.163934
v 0.040826 2.487763 0.115919
v -0.007189 2.487763 -0.000000
v 0.040827 2.487763 -0.115919
v 0.156746 2.487763 -0.163934
v 0.272665 2.487763 -0.115919
v 0.320680 2.487763 0.000000
v 0.272665 2.487763 0.115919
v 0.156746 2.290151 0.163934
v 0.040826 2.290151 0.115919
v -0.007189 2.290151 -0.000000
v 0.040827 2.290151 -0.115919
v 0.156746 2.290151 -0.163934
v 0.272665 2.290151 -0.115919
v 0.320680 2.290151 0.000000
v 0.272665 2.290151 0.115919
v 0.156746 2.092539 0.163934
v 0.040826 2.092539 0.115919
v -0.007189 2.092539 -0.000000
v 0.040827 2.092539 -0.115919
v 0.156746 2.092539 -0.163934
v 0.272665 2.092539 -0.115919
v 0.320680 2.092539 0.000000
v 0.272665 2.092539 0.115919
v 0.156746 1.894927 0.163934
v 0.040826 1.894927 0.115919
v -0.007189 1.894927 -0.000000
v 0.040827 1.894927 -0.115919
v 0.156746 1.894927 -0.163934
v 0.272665 1.894927 -0.115919
v 0.320680 1.894927 0.000000
v 0.272665 1.894927 0.115919
v 0.156746 1.697315 0.163934
v 0.040826 1.697315 0.115919
v -0.007189 1.697315 -0.000000
v 0.040827 1.697315 -0.115919
v 0.156746 1.697315 -0.163934
v 0.272665 1.697315 -0.115919
v 0.320680 1.697315 0.000000
v 0.272665 1.697315 0.115919
v 0.156746 1.499704 0.163934
v 0.040826 1.499704 0.115919
v -0.007189 1.499704 -0.000000
v 0.040827 1.499704 -0.115919
v 0.156746 1.499704 -0.163934
v 0.272665 1.499704 -0.115919
v 0.320680 1.499704 0.000000
v 0.272665 1.499704 0.115919
v 0.156746 1.302091 0.163934
v 0.040826 1.302091 0.115919
v -0.007189 1.302091 -0.000000
v 0.040827 1.302091 -0.115919
v 0.156746 1.302091 -0.163934
v 0.272665 1.302091 -0.115919
v 0.320680 1.302091 0.000000
v 0.272665 1.302091 0.115919
v 0.156746 2.670149 0.163934
v 0.040826 2.670149 0.115919
v -0.007189 2.670149 -0.000000
v 0.040827 2.670149 -0.115919
v 0.156746 2.670149 -0.163934
v 0.272665 2.670149 -0.115919
v 0.320680 2.670149 0.000000
v 0.272665 2.670149 0.115919
v 0.156746 0.906867 0.163934
v 0.040826 0.906867 0.115919
v -0.007189 0.906867 -0.000000
v 0.040827 0.906867 -0.115919
v 0.156746 0.906867 -0.163934
v 0.272665 0.906867 -0.115919
v 0.320680 0.906867 0.000000
v 0.272665 0.906867 0.115919
v 0.156746 0.709255 0.163934
v 0.040826 0.709255 0.115919
v -0.007189 0.709255 -0.000000
v 0.040827 0.709255 -0.115919
v 0.156746 0.709255 -0.163934
v 0.272665 0.709255 -0.115919
v 0.320680 0.709255 0.000000
v 0.272665 0.709255 0.115919
v 0.156746 0.511643 0.163934
v 0.040826 0.511643 0.115919
v -0.007189 0.511643 -0.000000
v 0.040827 0.511643 -0.115919
v 0.156746 0.511643 -0.163934
v 0.272665 0.511643 -0.115919
v 0.320680 0.511643 0.000000
v 0.272665 0.511643 0.115919
v 0.156746 0.314031 0.163934
v 0.040826 0.314031 0.115919
v -0.007189 0.314031 -0.000000
v 0.040827 0.314031 -0.115919
v 0.156746 0.314031 -0.163934
v 0.272665 0.314031 -0.115919
v 0.320680 0.314031 0.000000
v 0.272665 0.314031 0.115919
v 0.156746 0.116419 0.163934
v 0.040826 0.116419 0.115919
v -0.007189 0.116419 -0.000000
v 0.040827 0.116419 -0.115919
v 0.156746 0.116419 -0.163934
v 0.272665 0.116419 -0.115919
v 0.320680 0.116419 0.000000
v 0.272665 0.116419 0.115919
v 0.156746 -0.081192 0.163934
v 0.040826 -0.081192 0.115919
v -0.007189 -0.081192 -0.000000
v 0.040827 -0.081192 -0.115919
v 0.156746 -0.081192 -0.163934
v 0.272665 -0.081192 -0.115919
v 0.320680 -0.081192 0.000000
v 0.272665 -0.081192 0.115919
v 0.156746 -0.278804 0.163934
v 0.040826 -0.278804 0.115919
v -0.007189 -0.278804 -0.000000
v 0.040827 -0.278804 -0.115919
v 0.156746 -0.278804 -0.163934
v 0.272665 -0.278804 -0.115919
v 0.320680 -0.278804 0.000000
v 0.272665 -0.278804 0.115919
v 0.156746 -0.476416 0.163934
v 0.040826 -0.476416 0.115919
v -0.007189 -0.476416 -0.000000
v 0.040827 -0.476416 -0.115919
v 0.156746 -0.476416 -0.163934
v 0.272665 -0.476416 -0.115919
v 0.320680 -0.476416 0.000000
v 0.272665 -0.476416 0.115919
v 0.156746 -0.674028 0.163934
v 0.040826 -0.674028 0.115919
v -0.007189 -0.674028 -0.000000
v 0.040827 -0.674028 -0.115919
v 0.156746 -0.674028 -0.163934
v 0.272665 -0.674028 -0.115919
v 0.320680 -0.674028 0.000000
v 0.272665 -0.674028 0.115919
v 0.156746 -0.871640 0.163934
v 0.040826 -0.871640 0.115919
v -0.007189 -0.871640 -0.000000
v 0.040827 -0.871640 -0.115919
v 0.156746 -0.871640 -0.163934
v 0.272665 -0.871640 -0.115919
v 0.320680 -0.871640 0.000000
v 0.272665 -0.871640 0.115919
v 0.156746 -1.069252 0.163934
v 0.040826 -1.069252 0.115919
v -0.007189 -1.069252 -0.000000
v 0.040827 -1.069252 -0.115919
v 0.156746 -1.069252 -0.163934
v 0.272665 -1.069252 -0.115919
v 0.320680 -1.069252 0.000000
v 0.272665 -1.069252 0.115919
v 0.156746 -1.266864 0.163934
v 0.040826 -1.266864 0.115919
v -0.007189 -1.266864 -0.000000
v 0.040827 -1.266864 -0.115919
v 0.156746 -1.266864 -0.163934
v 0.272665 -1.266864 -0.115919
v 0.320680 -1.266864 0.000000
v 0.272665 -1.266864 0.115919
v 0.156746 -1.464476 0.163934
v 0.040826 -1.464476 0.115919
v -0.007189 -1.464476 -0.000000
v 0.040827 -1.464476 -0.115919
v 0.156746 -1.464476 -0.163934
v 0.272665 -1.464476 -0.115919
v 0.320680 -1.464476 0.000000
v 0.272665 -1.464476 0.115919
v 0.156746 -1.662088 0.163934
v 0.040826 -1.662088 0.115919
v -0.007189 -1.662088 -0.000000
v 0.040827 -1.662088 -0.115919
v 0.156746 -1.662088 -0.163934
v 0.272665 -1.662088 -0.115919
v 0.320680 -1.662088 0.000000
v 0.272665 -1.662088 0.115919
v 0.156746 -1.859700 0.163934
v 0.040826 -1.859700 0.115919
v -0.007189 -1.859700 -0.000000
v 0.040827 -1.859700 -0.115919
v 0.156746 -1.859700 -0.163934
v 0.272665 -1.859700 -0.115919
v 0.320680 -1.859700 0.000000
v 0.272665 -1.859700 0.115919
v 0.156746 -2.057312 0.163934
v 0.040826 -2.057312 0.115919
v -0.007189 -2.057312 -0.000000
v 0.040827 -2.057312 -0.115919
v 0.156746 -2.057312 -0.163934
v 0.272665 -2.057312 -0.115919
v 0.320680 -2.057312 0.000000
v 0.272665 -2.057312 0.115919
v 0.156746 -2.254924 0.163934
v 0.040826 -2.254924 0.115919
v -0.007189 -2.254924 -0.000000
v 0.040827 -2.254924 -0.115919
v 0.156746 -2.254924 -0.163934
v 0.272665 -2.254924 -0.115919
v 0.320680 -2.254924 0.000000
v 0.272665 -2.254924 0.115919
v 0.156746 -2.449713 0.163934
v 0.040826 -2.449713 0.115919
v -0.007189 -2.449713 -0.000000
v 0.040827 -2.449713 -0.115919
v 0.156746 -2.449713 -0.163934
v 0.272665 -2.449713 -0.115919
v 0.320680 -2.449713 0.000000
v 0.272665 -2.449713 0.115919
v 0.156746 -2.644502 0.163934
v 0.040826 -2.644502 0.115919
v -0.007189 -2.644502 -0.000000
v 0.040827 -2.644502 -0.115919
v 0.156746 -2.644502 -0.163934
v 0.272665 -2.644502 -0.115919
v 0.320680 -2.644502 0.000000
v 0.272665 -2.644502 0.115919
v 0.156746 -2.839291 0.163934
v 0.040826 -2.839291 0.115919
v -0.007189 -2.839291 -0.000000
v 0.040827 -2.839291 -0.115919
v 0.156746 -2.839291 -0.163934
v 0.272665 -2.839291 -0.115919
v 0.320680 -2.839291 0.000000
v 0.272665 -2.839291 0.115919
v 0.156746 -3.034080 0.163934
v 0.040826 -3.034080 0.115919
v -0.007189 -3.034080 -0.000000
v 0.040827 -3.034080 -0.115919
v 0.156746 -3.034080 -0.163934
v 0.272665 -3.034080 -0.115919
v 0.320680 -3.034080 0.000000
v 0.272665 -3.034080 0.115919
v 0.156746 -3.228869 0.163934
v 0.040826 -3.228869 0.115919
v -0.007189 -3.228869 -0.000000
v 0.040827 -3.228869 -0.115919
v 0.156746 -3.228869 -0.163934
v 0.272665 -3.228869 -0.115919
v 0.320680 -3.228869 0.000000
v 0.272665 -3.228869 0.115919
v 0.156746 -3.423658 0.163934
v 0.040826 -3.423658 0.115919
v -0.007189 -3.423658 -0.000000
v 0.040827 -3.423658 -0.115919
v 0.156746 -3.423658 -0.163934
v 0.272665 -3.423658 -0.115919
v 0.320680 -3.423658 0.000000
v 0.272665 -3.423658 0.115919
v 0.156746 -3.618447 0.163934
v 0.040826 -3.618447 0.115919
v -0.007189 -3.618447 -0.000000
v 0.040827 -3.618447 -0.115919
v 0.156746 -3.618447 -0.163934
v 0.272665 -3.618447 -0.115919
v 0.320680 -3.618447 0.000000
v 0.272665 -3.618447 0.115919
v 0.156746 -3.813236 0.163934
v 0.040826 -3.813236 0.115919
v -0.007189 -3.813236 -0.000000
v 0.040827 -3.813236 -0.115919
v 0.156746 -3.813236 -0.163934
v 0.272665 -3.813236 -0.115919
v 0.320680 -3.813236 0.000000
v 0.272665 -3.813236 0.115919
v 0.156746 -4.008025 0.163934
v 0.040826 -4.008025 0.115919
v -0.007189 -4.008025 -0.000000
v 0.040827 -4.008025 -0.115919
v 0.156746 -4.008025 -0.163934
v 0.272665 -4.008025 -0.115919
v 0.320680 -4.008025 0.000000
v 0.272665 -4.008025 0.115919
v 0.156746 -4.202814 0.163934
v 0.040826 -4.202814 0.115919
v -0.007189 -4.202814 -0.000000
v 0.040827 -4.202814 -0.115919
v 0.156746 -4.202814 -0.163934
v 0.272665 -4.202814 -0.115919
v 0.320680 -4.202814 0.000000
v 0.272665 -4.202814 0.115919
v 0.156746 -4.397603 0.163934
v 0.040826 -4.397603 0.115919
v -0.007189 -4.397603 -0.000000
v 0.040827 -4.397603 -0.115919
v 0.156746 -4.397603 -0.163934
v 0.272665 -4.397603 -0.115919
v 0.320680 -4.397603 0.000000
v 0.272665 -4.397603 0.115919
v 0.156746 -4.592391 0.163934
v 0.040826 -4.592391 0.115919
v -0.007189 -4.592391 -0.000000
v 0.040827 -4.592391 -0.115919
v 0.156746 -4.592391 -0.163934
v 0.272665 -4.592391 -0.115919
v 0.320680 -4.592391 0.000000
v 0.272665 -4.592391 0.115919
v 0.156746 -4.787180 0.163934
v 0.040826 -4.787180 0.115919
v -0.007189 -4.787180 -0.000000
v 0.040827 -4.787180 -0.115919
v 0.156746 -4.787180 -0.163934
v 0.272665 -4.787180 -0.115919
v 0.320680 -4.787180 0.000000
v 0.272665 -4.787180 0.115919
v 0.156746 -4.981969 0.163934
v 0.040826 -4.981969 0.115919
v -0.007189 -4.981969 -0.000000
v 0.040827 -4.981969 -0.115919
v 0.156746 -4.981969 -0.163934
v 0.272665 -4.981969 -0.115919
v 0.320680 -4.981969 0.000000
v 0.272665 -4.981969 0.115919
v 0.156746 -5.176759 0.163934
v 0.040826 -5.153914 0.115919
v -0.007189 -5.144452 -0.000000
v 0.040827 -5.153914 -0.115919
v 0.156746 -5.176759 -0.163934
v 0.272665 -5.199603 -0.115919
v 0.320680 -5.209065 0.000000
v 0.272665 -5.199603 0.115919
v 0.082857 -5.356943 0.163934
v -0.024395 -5.312962 0.115919
v -0.068820 -5.294744 -0.000000
v -0.024395 -5.312962 -0.115919
v 0.082857 -5.356943 -0.163934
v 0.190109 -5.400923 -0.115919
v 0.234534 -5.419141 0.000000
v 0.190109 -5.400923 0.115919
v 0.008969 -5.537127 0.163934
v -0.098283 -5.493146 0.115919
v -0.142708 -5.474928 -0.000000
v -0.098283 -5.493146 -0.115919
v 0.008969 -5.537127 -0.163934
v 0.116220 -5.581108 -0.115919
v 0.160646 -5.599325 0.000000
v 0.116220 -5.581108 0.115919
v -0.064920 -5.717311 0.163934
v -0.172171 -5.673330 0.115919
v -0.216596 -5.655112 -0.000000
v -0.172171 -5.673330 -0.115919
v -0.064920 -5.717311 -0.163934
v 0.042332 -5.761292 -0.115919
v 0.086757 -5.779509 0.000000
v 0.042332 -5.761292 0.115919
v -0.138808 -5.897495 0.163934
v -0.246060 -5.853514 0.115919
v -0.290485 -5.835297 -0.000000
v -0.246060 -5.853514 -0.115919
v -0.138808 -5.897495 -0.163934
v -0.031556 -5.941476 -0.115919
v 0.012869 -5.959693 0.000000
v -0.031556 -5.941476 0.115919
v -0.212697 -6.077679 0.163934
v -0.319948 -6.033698 0.115919
v -0.364373 -6.015481 -0.000000
v -0.319948 -6.033698 -0.115919
v -0.212697 -6.077679 -0.163934
v -0.105445 -6.121660 -0.115919
v -0.061020 -6.139877 0.000000
v -0.105445 -6.121660 0.115919
v -0.286585 -6.257863 0.163934
v -0.393837 -6.213882 0.115919
v -0.438262 -6.195664 -0.000000
v -0.393837 -6.213882 -0.115919
v -0.286585 -6.257863 -0.163934
v -0.179333 -6.301844 -0.115919
v -0.134908 -6.320062 0.000000
v -0.179333 -6.301844 0.115919
v -0.360474 -6.438047 0.163934
v -0.467725 -6.394066 0.115919
v -0.512150 -6.375849 -0.000000
v -0.467725 -6.394066 -0.115919
v -0.360473 -6.438047 -0.163934
v -0.253222 -6.482028 -0.115919
v -0.208797 -6.500245 0.000000
v -0.253222 -6.482028 0.115919
v -0.434362 -6.618231 0.163934
v -0.541614 -6.574250 0.115919
v -0.586039 -6.556033 -0.000000
v -0.541614 -6.574250 -0.115919
v -0.434362 -6.618231 -0.163934
v -0.327110 -6.662212 -0.115919
v -0.282685 -6.680429 0.000000
v -0.327110 -6.662212 0.115919
v -0.508250 -6.798415 0.163934
v -0.615502 -6.754435 0.115919
v -0.659927 -6.736217 -0.000000
v -0.615502 -6.754435 -0.115919
v -0.508250 -6.798415 -0.163934
v -0.400999 -6.842396 -0.115919
v -0.356574 -6.860614 0.000000
v -0.400999 -6.842396 0.115919
v -0.582139 -6.978600 0.163934
v -0.689390 -6.934619 0.115919
v -0.733816 -6.916401 -0.000000
v -0.689390 -6.934619 -0.115919
v -0.582139 -6.978600 -0.163934
v -0.474887 -7.022580 -0.115919
v -0.430462 -7.040798 0.000000
v -0.474887 -7.022580 0.115919
v -0.656027 -7.158784 0.163934
v -0.763279 -7.114802 0.115919
v -0.807704 -7.096585 -0.000000
v -0.763279 -7.114802 -0.115919
v -0.656027 -7.158784 -0.163934
v -0.548776 -7.202765 -0.115919
v -0.504350 -7.220982 0.000000
v -0.548776 -7.202765 0.115919
v -0.729916 -7.338967 0.163934
v -0.837167 -7.294987 0.115919
v -0.881593 -7.276770 -0.000000
v -0.837167 -7.294987 -0.115919
v -0.729916 -7.338967 -0.163934
v -0.622664 -7.382949 -0.115919
v -0.578239 -7.401166 0.000000
v -0.622664 -7.382949 0.115919
v -0.803804 -7.519152 0.163934
v -0.911056 -7.475171 0.115919
v -0.955481 -7.456953 -0.000000
v -0.911056 -7.475171 -0.115919
v -0.803804 -7.519152 -0.163934
v -0.696552 -7.563132 -0.115919
v -0.652127 -7.581350 0.000000
v -0.696552 -7.563132 0.115919
v -0.877693 -7.699336 0.163934
v -0.943832 -7.555099 0.115919
v -0.971228 -7.495355 -0.000000
v -0.943832 -7.555099 -0.115919
v -0.877693 -7.699336 -0.163934
v -0.811553 -7.843572 -0.115919
v -0.784157 -7.903316 0.000000
v -0.811553 -7.843572 0.115919
v -1.061965 -7.637912 0.163934
v -1.025308 -7.527941 0.115919
v -1.010124 -7.482389 -0.000000
v -1.025308 -7.527941 -0.115919
v -1.061965 -7.637912 -0.163934
v -1.098622 -7.747882 -0.115919
v -1.113806 -7.793433 0.000000
v -1.098622 -7.747882 0.115919
v -1.246237 -7.576488 0.163934
v -1.209580 -7.466516 0.115919
v -1.194397 -7.420965 -0.000000
v -1.209580 -7.466517 -0.115919
v -1.246237 -7.576488 -0.163934
v -1.282894 -7.686458 -0.115919
v -1.298078 -7.732009 0.000000
v -1.282894 -7.686458 0.115919
v -1.430510 -7.515063 0.163934
v -1.393853 -7.405093 0.115919
v -1.378669 -7.359542 -0.000000
v -1.393853 -7.405093 -0.115919
v -1.430510 -7.515063 -0.163934
v -1.467167 -7.625034 -0.115919
v -1.482350 -7.670586 0.000000
v -1.467167 -7.625034 0.115919
v -1.614782 -7.453639 0.163934
v -1.578125 -7.343669 0.115919
v -1.562941 -7.298118 -0.000000
v -1.578125 -7.343669 -0.115919
v -1.614782 -7.453639 -0.163934
v -1.651439 -7.563610 -0.115919
v -1.666623 -7.609161 0.000000
v -1.651439 -7.563610 0.115919
v -1.799055 -7.392215 0.163934
v -1.762398 -7.282245 0.115919
v -1.747214 -7.236693 -0.000000
v -1.762398 -7.282245 -0.115919
v -1.799055 -7.392215 -0.163934
v -1.835711 -7.502186 -0.115919
v -1.850895 -7.547737 0.000000
v -1.835711 -7.502186 0.115919
v -1.983327 -7.330791 0.163934
v -1.946670 -7.220820 0.115919
v -1.931486 -7.175269 -0.000000
v -1.946670 -7.220820 -0.115919
v -1.983327 -7.330791 -0.163934
v -2.019984 -7.440762 -0.115919
v -2.035168 -7.486313 0.000000
v -2.019984 -7.440762 0.115919
v -2.167599 -7.269367 0.163934
v -2.130943 -7.159396 0.115919
v -2.115759 -7.113845 -0.000000
v -2.130943 -7.159396 -0.115919
v -2.167599 -7.269367 -0.163934
v -2.204256 -7.379337 -0.115919
v -2.219440 -7.424889 0.000000
v -2.204256 -7.379337 0.115919
v -2.351872 -7.207943 0.163934
v -2.315215 -7.097972 0.115919
v -2.300031 -7.052421 -0.000000
v -2.315215 -7.097972 -0.115919
v -2.351872 -7.207943 -0.163934
v -2.388529 -7.317913 -0.115919
v -2.403712 -7.363464 0.000000
v -2.388529 -7.317913 0.115919
v -2.536144 -7.146519 0.163934
v -2.499487 -7.036548 0.115919
v -2.484303 -6.990996 -0.000000
v -2.499487 -7.036548 -0.115919
v -2.536144 -7.146519 -0.163934
v -2.572801 -7.256489 -0.115919
v -2.587985 -7.302040 0.000000
v -2.572801 -7.256489 0.115919
v -2.720417 -7.085094 0.163934
v -2.683760 -6.975124 0.115919
v -2.668576 -6.929573 -0.000000
v -2.683760 -6.975124 -0.115919
v -2.720417 -7.085094 -0.163934
v -2.757073 -7.195065 -0.115919
v -2.772257 -7.240617 0.000000
v -2.757073 -7.195065 0.115919
v -2.904689 -7.023670 0.163934
v -2.868032 -6.913700 0.115919
v -2.852848 -6.868149 -0.000000
v -2.868032 -6.913700 -0.115919
v -2.904689 -7.023670 -0.163934
v -2.941346 -7.133641 -0.115919
v -2.956530 -7.179193 0.000000
v -2.941346 -7.133641 0.115919
v -3.088961 -6.962246 0.163934
v -3.052305 -6.852276 0.115919
v -3.037121 -6.806725 -0.000000
v -3.052305 -6.852276 -0.115919
v -3.088961 -6.962246 -0.163934
v -3.125618 -7.072217 -0.115919
v -3.140802 -7.117768 0.000000
v -3.125618 -7.072217 0.115919
v -3.273234 -6.900822 0.163934
v -3.156904 -6.817410 0.115919
v -3.108719 -6.782858 -0.000000
v -3.156904 -6.817410 -0.115919
v -3.273234 -6.900822 -0.163934
v -3.389563 -6.984235 -0.115919
v -3.437748 -7.018785 0.000000
v -3.389563 -6.984235 0.115919
v -3.272279 -6.705970 0.163934
v -3.156361 -6.706537 0.115919
v -3.108346 -6.706773 -0.000000
v -3.156361 -6.706537 -0.115919
v -3.272279 -6.705970 -0.163934
v -3.388196 -6.705401 -0.115919
v -3.436211 -6.705166 0.000000
v -3.388196 -6.705401 0.115919
v -3.271323 -6.511117 0.163934
v -3.155406 -6.511685 0.115919
v -3.107391 -6.511920 -0.000000
v -3.155406 -6.511685 -0.115919
v -3.271323 -6.511117 -0.163934
v -3.387241 -6.510549 -0.115919
v -3.435256 -6.510313 0.000000
v -3.387241 -6.510549 0.115919
v -3.270368 -6.316264 0.163934
v -3.154450 -6.316833 0.115919
v -3.106436 -6.317068 -0.000000
v -3.154450 -6.316833 -0.115919
v -3.270368 -6.316264 -0.163934
v -3.386286 -6.315696 -0.115919
v -3.434301 -6.315460 0.000000
v -3.386286 -6.315696 0.115919
v -3.269413 -6.121412 0.163934
v -3.153495 -6.121980 0.115919
v -3.105481 -6.122215 -0.000000
v -3.153495 -6.121980 -0.115919
v -3.269413 -6.121412 -0.163934
v -3.385331 -6.120843 -0.115919
v -3.433346 -6.120608 0.000000
v -3.385331 -6.120843 0.115919
v -3.268458 -5.926559 0.163934
v -3.152540 -5.927127 0.115919
v -3.104526 -5.927362 -0.000000
v -3.152540 -5.927127 -0.115919
v -3.268458 -5.926559 -0.163934
v -3.384376 -5.925991 -0.115919
v -3.432391 -5.925756 0.000000
v -3.384376 -5.925991 0.115919
v -3.267503 -5.731706 0.163934
v -3.151585 -5.732275 0.115919
v -3.103570 -5.732511 -0.000000
v -3.151585 -5.732275 -0.115919
v -3.267503 -5.731706 -0.163934
v -3.383420 -5.731138 -0.115919
v -3.431435 -5.730903 0.000000
v -3.383420 -5.731138 0.115919
v -3.266548 -5.536854 0.163934
v -3.150630 -5.537422 0.115919
v -3.102615 -5.537657 -0.000000
v -3.150630 -5.537422 -0.115919
v -3.266548 -5.536854 -0.163934
v -3.382465 -5.536285 -0.115919
v -3.430480 -5.536050 0.000000
v -3.382465 -5.536285 0.115919
v -3.265592 -5.342001 0.163934
v -3.149675 -5.342569 0.115919
v -3.101660 -5.342805 -0.000000
v -3.149675 -5.342569 -0.115919
v -3.265592 -5.342001 -0.163934
v -3.381510 -5.341433 -0.115919
v -3.429525 -5.341197 0.000000
v -3.381510 -5.341433 0.115919
v -3.264637 -5.147149 0.163934
v -3.148720 -5.147717 0.115919
v -3.100705 -5.147952 -0.000000
v -3.148720 -5.147717 -0.115919
v -3.264637 -5.147149 -0.163934
v -3.380555 -5.146580 -0.115919
v -3.428570 -5.146345 0.000000
v -3.380555 -5.146580 0.115919
v -3.263682 -4.952296 0.163934
v -3.147764 -4.952864 0.115919
v -3.099750 -4.953099 -0.000000
v -3.147764 -4.952864 -0.115919
v -3.263682 -4.952296 -0.163934
v -3.379600 -4.951728 -0.115919
v -3.427615 -4.951492 0.000000
v -3.379600 -4.951728 0.115919
v -3.262727 -4.757443 0.163934
v -3.146809 -4.758011 0.115919
v -3.098794 -4.758247 -0.000000
v -3.146809 -4.758011 -0.115919
v -3.262727 -4.757443 -0.163934
v -3.378645 -4.756875 -0.115919
v -3.426659 -4.756639 0.000000
v -3.378645 -4.756875 0.115919
v -3.261772 -4.562591 0.163934
v -3.145854 -4.563159 0.115919
v -3.097839 -4.563394 -0.000000
v -3.145854 -4.563159 -0.115919
v -3.261772 -4.562591 -0.163934
v -3.377690 -4.562022 -0.115919
v -3.425704 -4.561787 0.000000
v -3.377690 -4.562022 0.115919
v -3.260817 -4.367738 0.163934
v -3.144899 -4.368306 0.115919
v -3.096884 -4.368542 -0.000000
v -3.144899 -4.368306 -0.115919
v -3.260817 -4.367738 -0.163934
v -3.376735 -4.367170 -0.115919
v -3.424749 -4.366934 0.000000
v -3.376734 -4.367170 0.115919
v -3.259861 -4.172885 0.163934
v -3.143944 -4.173454 0.115919
v -3.095929 -4.173689 -0.000000
v -3.143944 -4.173454 -0.115919
v -3.259861 -4.172885 -0.163934
v -3.375779 -4.172317 -0.115919
v -3.423794 -4.172082 0.000000
v -3.375779 -4.172317 0.115919
v -3.258906 -3.978033 0.163934
v -3.142988 -3.978601 0.115919
v -3.094974 -3.978837 -0.000000
v -3.142989 -3.978601 -0.115919
v -3.258906 -3.978033 -0.163934
v -3.374824 -3.977465 -0.115919
v -3.422839 -3.977229 0.000000
v -3.374824 -3.977465 0.115919
v -3.257951 -3.783180 0.163934
v -3.142033 -3.783748 0.115919
v -3.094019 -3.783984 -0.000000
v -3.142033 -3.783748 -0.115919
v -3.257951 -3.783180 -0.163934
v -3.373869 -3.782612 -0.115919
v -3.421884 -3.782376 0.000000
v -3.373869 -3.782612 0.115919
v -3.256996 -3.588327 0.163934
v -3.141078 -3.588896 0.115919
v -3.093064 -3.589131 -0.000000
v -3.141078 -3.588896 -0.115919
v -3.256996 -3.588327 -0.163934
v -3.372914 -3.587759 -0.115919
v -3.420928 -3.587524 0.000000
v -3.372914 -3.587759 0.115919
v -3.256041 -3.393475 0.163934
v -3.140123 -3.394043 0.115919
v -3.092108 -3.394279 -0.000000
v -3.140123 -3.394043 -0.115919
v -3.256041 -3.393475 -0.163934
v -3.371959 -3.392907 -0.115919
v -3.419973 -3.392671 0.000000
v -3.371959 -3.392907 0.115919
v -3.255086 -3.198622 0.163934
v -3.139167 -3.198906 0.115919
v -3.091151 -3.199024 -0.000000
v -3.139167 -3.198906 -0.115919
v -3.255086 -3.198622 -0.163934
v -3.371005 -3.198338 -0.115919
v -3.419020 -3.198220 0.000000
v -3.371005 -3.198338 0.115919
v -3.255086 -3.004075 0.163934
v -3.139167 -3.004075 0.115919
v -3.091151 -3.004075 -0.000000
v -3.139167 -3.004075 -0.115919
v -3.255086 -3.004075 -0.163934
v -3.371005 -3.004075 -0.115919
v -3.419020 -3.004075 0.000000
v -3.371005 -3.004075 0.115919
v -3.255086 -2.809528 0.163934
v -3.139167 -2.809528 0.115919
v -3.091151 -2.809528 -0.000000
v -3.139167 -2.809528 -0.115919
v -3.255086 -2.809528 -0.163934
v -3.371005 -2.809528 -0.115919
v -3.419020 -2.809528 0.000000
v -3.371005 -2.809528 0.115919
v -3.255086 -2.614981 0.163934
v -3.139167 -2.614981 0.115919
v -3.091151 -2.614981 -0.000000
v -3.139167 -2.614981 -0.115919
v -3.255086 -2.614981 -0.163934
v -3.371005 -2.614981 -0.115919
v -3.419020 -2.614981 0.000000
v -3.371005 -2.614981 0.115919
v -3.255086 -2.420434 0.163934
v -3.139167 -2.420434 0.115919
v -3.091151 -2.420434 -0.000000
v -3.139167 -2.420434 -0.115919
v -3.255086 -2.420434 -0.163934
v -3.371005 -2.420434 -0.115919
v -3.419020 -2.420434 0.000000
v -3.371005 -2.420434 0.115919
v -3.255086 -2.225887 0.163934
v -3.139167 -2.225887 0.115919
v -3.091151 -2.225887 -0.000000
v -3.139167 -2.225887 -0.115919
v -3.255086 -2.225887 -0.163934
v -3.371005 -2.225887 -0.115919
v -3.419020 -2.225887 0.000000
v -3.371005 -2.225887 0.115919
v -3.255086 -2.031340 0.163934
v -3.139167 -2.031340 0.115919
v -3.091151 -2.031340 -0.000000
v -3.139167 -2.031340 -0.115919
v -3.255086 -2.031340 -0.163934
v -3.371005 -2.031340 -0.115919
v -3.419020 -2.031340 0.000000
v -3.371005 -2.031340 0.115919
v -3.255086 -1.836793 0.163934
v -3.139167 -1.836793 0.115919
v -3.091151 -1.836793 -0.000000
v -3.139167 -1.836793 -0.115919
v -3.255086 -1.836793 -0.163934
v -3.371005 -1.836793 -0.115919
v -3.419020 -1.836793 0.000000
v -3.371005 -1.836793 0.115919
v -3.255086 -1.642246 0.163934
v -3.139167 -1.642246 0.115919
v -3.091151 -1.642246 -0.000000
v -3.139167 -1.642246 -0.115919
v -3.255086 -1.642246 -0.163934
v -3.371005 -1.642246 -0.115919
v -3.419020 -1.642246 0.000000
v -3.371005 -1.642246 0.115919
v -3.255086 -1.447700 0.163934
v -3.139167 -1.447700 0.115919
v -3.091151 -1.447700 -0.000000
v -3.139167 -1.447700 -0.115919
v -3.255086 -1.447700 -0.163934
v -3.371005 -1.447700 -0.115919
v -3.419020 -1.447700 0.000000
v -3.371005 -1.447700 0.115919
v -3.255086 -1.253153 0.163934
v -3.139167 -1.253153 0.115919
v -3.091151 -1.253153 -0.000000
v -3.139167 -1.253153 -0.115919
v -3.255086 -1.253153 -0.163934
v -3.371005 -1.253153 -0.115919
v -3.419020 -1.253153 0.000000
v -3.371005 -1.253153 0.115919
v -3.255086 -1.058606 0.163934
v -3.139167 -1.058606 0.115919
v -3.091151 -1.058606 -0.000000
v -3.139167 -1.058606 -0.115919
v -3.255086 -1.058606 -0.163934
v -3.371005 -1.058606 -0.115919
v -3.419020 -1.058606 0.000000
v -3.371005 -1.058606 0.115919
v -3.255086 -0.864058 0.163934
v -3.139167 -0.864058 0.115919
v -3.091151 -0.864058 -0.000000
v -3.139167 -0.864058 -0.115919
v -3.255086 -0.864058 -0.163934
v -3.371005 -0.864058 -0.115919
v -3.419020 -0.864058 0.000000
v -3.371005 -0.864058 0.115919
v -3.255086 -0.669512 0.163934
v -3.139167 -0.669512 0.115919
v -3.091151 -0.669512 -0.000000
v -3.139167 -0.669512 -0.115919
v -3.255086 -0.669512 -0.163934
v -3.371005 -0.669512 -0.115919
v -3.419020 -0.669512 0.000000
v -3.371005 -0.669512 0.115919
v -3.255086 -0.474965 0.163934
v -3.139167 -0.474965 0.115919
v -3.091151 -0.474965 -0.000000
v -3.139167 -0.474965 -0.115919
v -3.255086 -0.474965 -0.163934
v -3.371005 -0.474965 -0.115919
v -3.419020 -0.474965 0.000000
v -3.371005 -0.474965 0.115919
v -3.255086 -0.280418 0.163934
v -3.139167 -0.280418 0.115919
v -3.091151 -0.280418 -0.000000
v -3.139167 -0.280418 -0.115919
v -3.255086 -0.280418 -0.163934
v -3.371005 -0.280418 -0.115919
v -3.419020 -0.280418 0.000000
v -3.371005 -0.280418 0.115919
v -3.255086 -0.085871 0.163934
v -3.139167 -0.085871 0.115919
v -3.091151 -0.085871 -0.000000
v -3.139167 -0.085871 -0.115919
v -3.255086 -0.085871 -0.163934
v -3.371005 -0.085871 -0.115919
v -3.419020 -0.085871 0.000000
v -3.371005 -0.085871 0.115919
v -3.255086 0.108676 0.163934
v -3.139167 0.108676 0.115919
v -3.091151 0.108676 -0.000000
v -3.139167 0.108676 -0.115919
v -3.255086 0.108676 -0.163934
v -3.371005 0.108676 -0.115919
v -3.419020 0.108676 0.000000
v -3.371005 0.108676 0.115919
v -3.255086 0.303223 0.163934
v -3.139167 0.303223 0.115919
v -3.091151 0.303223 -0.000000
v -3.139167 0.303223 -0.115919
v -3.255086 0.303223 -0.163934
v -3.371005 0.303223 -0.115919
v -3.419020 0.303223 0.000000
v -3.371005 0.303223 0.115919
v -3.255086 0.497770 0.163934
v -3.139167 0.497770 0.115919
v -3.091151 0.497770 -0.000000
v -3.139167 0.497770 -0.115919
v -3.255086 0.497770 -0.163934
v -3.371005 0.497770 -0.115919
v -3.419020 0.497770 0.000000
v -3.371005 0.497770 0.115919
v -3.255086 0.692317 0.163934
v -3.139167 0.692317 0.115919
v -3.091151 0.692317 -0.000000
v -3.139167 0.692317 -0.115919
v -3.255086 0.692317 -0.163934
v -3.371005 0.692317 -0.115919
v -3.419020 0.692317 0.000000
v -3.371005 0.692317 0.115919
v -3.255086 0.886864 0.163934
v -3.139167 0.886864 0.115919
v -3.091151 0.886864 -0.000000
v -3.139167 0.886864 -0.115919
v -3.255086 0.886864 -0.163934
v -3.371005 0.886864 -0.115919
v -3.419020 0.886864 0.000000
v -3.371005 0.886864 0.115919
v -3.255086 1.081411 0.163934
v -3.139167 1.081411 0.115919
v -3.091151 1.081411 -0.000000
v -3.139167 1.081411 -0.115919
v -3.255086 1.081411 -0.163934
v -3.371005 1.081411 -0.115919
v -3.419020 1.081411 0.000000
v -3.371005 1.081411 0.115919
v -3.255086 1.275958 0.163934
v -3.139167 1.275958 0.115919
v -3.091151 1.275958 -0.000000
v -3.139167 1.275958 -0.115919
v -3.255086 1.275958 -0.163934
v -3.371005 1.275958 -0.115919
v -3.419020 1.275958 0.000000
v -3.371005 1.275958 0.115919
v -3.255086 1.470505 0.163934
v -3.139167 1.470505 0.115919
v -3.091151 1.470505 -0.000000
v -3.139167 1.470505 -0.115919
v -3.255086 1.470505 -0.163934
v -3.371005 1.470505 -0.115919
v -3.419020 1.470505 0.000000
v -3.371005 1.470505 0.115919
v -3.255086 3.139787 0.163934
v -3.139167 3.139787 0.115919
v -3.091151 3.139787 -0.000000
v -3.139167 3.139787 -0.115919
v -3.255086 3.139787 -0.163934
v -3.371005 3.139787 -0.115919
v -3.419020 3.139787 0.000000
v -3.371005 3.139787 0.115919

# UV coordinates
vt 0.285628 0.048157
vt 0.285628 0.049287
vt 0.279343 0.049287
vt 0.279343 0.048157
vt 0.273059 0.049287
vt 0.273059 0.048157
vt 0.266774 0.049287
vt 0.266774 0.048157
vt 0.260489 0.049287
vt 0.260489 0.048157
vt 0.254205 0.049287
vt 0.254205 0.048157
vt 0.247920 0.049287
vt 0.247920 0.048157
vt 0.241635 0.049287
vt 0.241635 0.048157
vt 0.235351 0.049287
vt 0.235351 0.048157
vt 0.229066 0.049287
vt 0.229066 0.048157
vt 0.222781 0.049287
vt 0.222781 0.048157
vt 0.216497 0.049287
vt 0.216497 0.048157
vt 0.210212 0.049287
vt 0.210212 0.048157
vt 0.310767 0.048157
vt 0.310767 0.049287
vt 0.304482 0.049287
vt 0.304482 0.048157
vt 0.298198 0.049287
vt 0.298198 0.048157
vt 0.291913 0.049287
vt 0.291913 0.048157
vt 0.291913 0.000002
vt 0.285628 0.000002
vt 0.298198 0.000002
vt 0.304482 0.000002
vt 0.310767 0.000002
vt 0.216497 0.000002
vt 0.210212 0.000002
vt 0.222781 0.000002
vt 0.229066 0.000002
vt 0.235351 0.000002
vt 0.241635 0.000002
vt 0.247920 0.000002
vt 0.254205 0.000002
vt 0.260489 0.000002
vt 0.266774 0.000002
vt 0.273059 0.000002
vt 0.279343 0.000002
vt 0.511637 0.024966
vt 0.507215 0.029388
vt 0.506880 0.028887
vt 0.511136 0.024631
vt 0.501320 0.031190
vt 0.501437 0.031781
vt 0.495301 0.031190
vt 0.495184 0.031781
vt 0.489740 0.028887
vt 0.489406 0.029388
vt 0.485485 0.024631
vt 0.484984 0.024966
vt 0.483181 0.019071
vt 0.482591 0.019188
vt 0.483181 0.013052
vt 0.482591 0.012935
vt 0.485485 0.007491
vt 0.484984 0.007157
vt 0.489740 0.003236
vt 0.489406 0.002735
vt 0.495301 0.000932
vt 0.495184 0.000342
vt 0.501320 0.000932
vt 0.501437 0.000342
vt 0.506880 0.003236
vt 0.507215 0.002735
vt 0.511136 0.007491
vt 0.511637 0.007157
vt 0.513439 0.013052
vt 0.514030 0.012935
vt 0.513439 0.019071
vt 0.514030 0.019188
vt 0.511925 0.025158
vt 0.507408 0.029676
vt 0.514370 0.019256
vt 0.514370 0.012867
vt 0.511925 0.006964
vt 0.507407 0.002446
vt 0.501505 0.000002
vt 0.495116 0.000002
vt 0.489213 0.002447
vt 0.484696 0.006964
vt 0.482251 0.012867
vt 0.482251 0.019256
vt 0.484696 0.025159
vt 0.489213 0.029676
vt 0.495116 0.032121
vt 0.501505 0.032121
vt 0.499872 0.018399
vt 0.498859 0.018819
vt 0.497762 0.018819
vt 0.496748 0.018399
vt 0.495973 0.017623
vt 0.495553 0.016610
vt 0.495553 0.015513
vt 0.495973 0.014499
vt 0.496748 0.013724
vt 0.497762 0.013304
vt 0.498859 0.013304
vt 0.499872 0.013724
vt 0.500648 0.014499
vt 0.501068 0.015513
vt 0.501068 0.016610
vt 0.500648 0.017623
vt 0.600615 0.021501
vt 0.575795 0.021500
vt 0.576233 0.000005
vt 0.600152 0.000005
vt 0.627402 0.021977
vt 0.603481 0.021977
vt 0.603481 0.000002
vt 0.627402 0.000002
vt 0.757383 0.002406
vt 0.757387 0.000667
vt 0.779276 0.000709
vt 0.779272 0.002475
vt 0.780567 0.002438
vt 0.780567 0.000676
vt 0.802476 0.000670
vt 0.802478 0.002411
vt 0.802478 0.003077
vt 0.780570 0.003110
vt 0.574991 0.021441
vt 0.575579 0.000002
vt 0.600805 0.000003
vt 0.601409 0.021380
vt 0.779269 0.003152
vt 0.757381 0.003071
vt 0.602813 0.021977
vt 0.602813 0.000002
vt 0.780566 0.000001
vt 0.802476 0.000004
vt 0.757389 0.000002
vt 0.779276 0.000034
vt 0.628070 0.000002
vt 0.628070 0.021977
vt 0.706436 0.000002
vt 0.707053 0.000257
vt 0.707309 0.000874
vt 0.707309 0.002620
vt 0.707053 0.003237
vt 0.706436 0.003493
vt 0.682515 0.003493
vt 0.681898 0.003237
vt 0.681643 0.002620
vt 0.681643 0.000874
vt 0.681898 0.000257
vt 0.682515 0.000002
vt 0.059179 0.008056
vt 0.059217 0.009024
vt 0.059032 0.009466
vt 0.048838 0.009507
vt 0.048673 0.009086
vt 0.048702 0.008093
vt 0.048654 0.003908
vt 0.048677 0.002908
vt 0.048811 0.002492
vt 0.058946 0.002461
vt 0.059032 0.002868
vt 0.059078 0.003871
vt 0.059893 0.011915
vt 0.059488 0.011917
vt 0.048384 0.011976
vt 0.047979 0.011979
vt 0.047964 0.009000
vt 0.047932 0.003043
vt 0.047916 0.000065
vt 0.048321 0.000063
vt 0.059424 0.000004
vt 0.059830 0.000001
vt 0.059845 0.002980
vt 0.059877 0.008937
vt 0.387643 0.048157
vt 0.387643 0.049287
vt 0.381358 0.049287
vt 0.381358 0.048157
vt 0.375073 0.049287
vt 0.375073 0.048157
vt 0.368789 0.049287
vt 0.368789 0.048157
vt 0.362504 0.049287
vt 0.362504 0.048157
vt 0.356219 0.049287
vt 0.356219 0.048157
vt 0.349935 0.049287
vt 0.349935 0.048157
vt 0.343650 0.049287
vt 0.343650 0.048157
vt 0.337365 0.049287
vt 0.337365 0.048157
vt 0.331080 0.049287
vt 0.331080 0.048157
vt 0.324796 0.049287
vt 0.324796 0.048157
vt 0.318511 0.049287
vt 0.318511 0.048157
vt 0.312226 0.049287
vt 0.312226 0.048157
vt 0.412781 0.048157
vt 0.412781 0.049287
vt 0.406497 0.049287
vt 0.406497 0.048157
vt 0.400212 0.049287
vt 0.400212 0.048157
vt 0.393927 0.049287
vt 0.393927 0.048157
vt 0.393927 0.000002
vt 0.387643 0.000002
vt 0.400212 0.000002
vt 0.406497 0.000002
vt 0.412781 0.000002
vt 0.318511 0.000002
vt 0.312226 0.000002
vt 0.324796 0.000002
vt 0.331080 0.000002
vt 0.337365 0.000002
vt 0.343650 0.000002
vt 0.349935 0.000002
vt 0.356219 0.000002
vt 0.362504 0.000002
vt 0.368789 0.000002
vt 0.375073 0.000002
vt 0.381358 0.000002
vt 0.544096 0.024966
vt 0.539674 0.029388
vt 0.539340 0.028887
vt 0.543595 0.024631
vt 0.533779 0.031190
vt 0.533896 0.031781
vt 0.527760 0.031190
vt 0.527643 0.031781
vt 0.522200 0.028887
vt 0.521865 0.029388
vt 0.517944 0.024631
vt 0.517443 0.024966
vt 0.515641 0.019071
vt 0.515050 0.019188
vt 0.515641 0.013052
vt 0.515050 0.012935
vt 0.517944 0.007491
vt 0.517443 0.007157
vt 0.522200 0.003236
vt 0.521865 0.002735
vt 0.527760 0.000932
vt 0.527643 0.000342
vt 0.533779 0.000932
vt 0.533896 0.000342
vt 0.539340 0.003236
vt 0.539674 0.002735
vt 0.543595 0.007491
vt 0.544096 0.007157
vt 0.545899 0.013052
vt 0.546489 0.012935
vt 0.545899 0.019071
vt 0.546489 0.019188
vt 0.544384 0.025158
vt 0.539867 0.029676
vt 0.546829 0.019256
vt 0.546829 0.012867
vt 0.544384 0.006964
vt 0.539867 0.002446
vt 0.533964 0.000002
vt 0.527575 0.000002
vt 0.521672 0.002447
vt 0.517155 0.006964
vt 0.514710 0.012867
vt 0.514710 0.019256
vt 0.517155 0.025159
vt 0.521673 0.029676
vt 0.527575 0.032121
vt 0.533964 0.032121
vt 0.532332 0.018399
vt 0.531318 0.018819
vt 0.530221 0.018819
vt 0.529208 0.018399
vt 0.528432 0.017623
vt 0.528012 0.016610
vt 0.528012 0.015513
vt 0.528432 0.014499
vt 0.529208 0.013724
vt 0.530221 0.013304
vt 0.531318 0.013304
vt 0.532332 0.013724
vt 0.533107 0.014499
vt 0.533527 0.015513
vt 0.533527 0.016610
vt 0.533107 0.017623
vt 0.060979 0.005069
vt 0.061113 0.001921
vt 0.063591 0.002048
vt 0.063437 0.005229
vt 0.066002 0.002187
vt 0.065869 0.005357
vt 0.068376 0.002288
vt 0.068277 0.005454
vt 0.070728 0.002354
vt 0.070668 0.005520
vt 0.073067 0.002388
vt 0.073044 0.005554
vt 0.075396 0.002392
vt 0.075410 0.005559
vt 0.077720 0.002367
vt 0.077768 0.005536
vt 0.080039 0.002315
vt 0.080120 0.005485
vt 0.082354 0.002235
vt 0.082468 0.005406
vt 0.084665 0.002126
vt 0.084813 0.005296
vt 0.086971 0.001983
vt 0.087158 0.005153
vt 0.089270 0.001802
vt 0.089505 0.004970
vt 0.091560 0.001574
vt 0.091857 0.004736
vt 0.093848 0.001275
vt 0.094214 0.004442
vt 0.095199 0.001011
vt 0.095593 0.004174
vt 0.096565 0.003904
vt 0.096195 0.000794
vt 0.098708 0.000378
vt 0.098987 0.003510
vt 0.101275 0.000112
vt 0.101443 0.003244
vt 0.103860 0.000001
vt 0.103903 0.003144
vt 0.106413 0.000044
vt 0.106364 0.003201
vt 0.108228 0.000146
vt 0.108153 0.003342
vt 0.108813 0.003367
vt 0.108885 0.000177
vt 0.111278 0.000267
vt 0.111226 0.003455
vt 0.113634 0.000279
vt 0.113651 0.003449
vt 0.116002 0.000206
vt 0.116088 0.003369
vt 0.118414 0.000065
vt 0.118561 0.003180
vt 0.646802 0.004746
vt 0.647750 0.007035
vt 0.638582 0.009492
vt 0.645294 0.002780
vt 0.643328 0.001272
vt 0.641038 0.000323
vt 0.638582 0.000000
vt 0.636125 0.000323
vt 0.633836 0.001272
vt 0.631870 0.002780
vt 0.630361 0.004746
vt 0.629413 0.007035
vt 0.629090 0.009492
vt 0.629413 0.011949
vt 0.630361 0.014238
vt 0.631870 0.016204
vt 0.633836 0.017712
vt 0.633025 0.017090
vt 0.636125 0.018660
vt 0.638582 0.018984
vt 0.641038 0.018660
vt 0.643328 0.017712
vt 0.645294 0.016204
vt 0.644762 0.016611
vt 0.646802 0.014238
vt 0.647750 0.011949
vt 0.648074 0.009492
vt 0.480349 0.020557
vt 0.478718 0.024495
vt 0.464576 0.016330
vt 0.476123 0.027877
vt 0.472741 0.030473
vt 0.468802 0.032104
vt 0.464576 0.032660
vt 0.460349 0.032104
vt 0.456411 0.030473
vt 0.453029 0.027877
vt 0.450434 0.024495
vt 0.448802 0.020557
vt 0.448246 0.016330
vt 0.448802 0.012104
vt 0.450434 0.008165
vt 0.453029 0.004783
vt 0.455016 0.003258
vt 0.456411 0.002188
vt 0.460349 0.000557
vt 0.464576 0.000000
vt 0.468802 0.000557
vt 0.472741 0.002188
vt 0.475209 0.004082
vt 0.476123 0.004783
vt 0.478718 0.008165
vt 0.480349 0.012104
vt 0.480906 0.016330
vt 0.129091 0.081912
vt 0.125568 0.068716
vt 0.128560 0.068202
vt 0.132724 0.081518
vt 0.125493 0.082268
vt 0.122528 0.069182
vt 0.121933 0.082607
vt 0.119457 0.069613
vt 0.118411 0.082926
vt 0.116369 0.070025
vt 0.114944 0.083427
vt 0.113284 0.070576
vt 0.115532 0.070117
vt 0.117461 0.082974
vt 0.111484 0.083667
vt 0.110165 0.070902
vt 0.108043 0.083854
vt 0.107028 0.071105
vt 0.104622 0.083961
vt 0.103888 0.071155
vt 0.101230 0.083982
vt 0.100751 0.071077
vt 0.097881 0.084151
vt 0.097637 0.071134
vt 0.099464 0.071027
vt 0.099841 0.083929
vt 0.094532 0.084058
vt 0.094532 0.071051
vt 0.091191 0.083955
vt 0.091424 0.070961
vt 0.087854 0.083829
vt 0.088315 0.070858
vt 0.084520 0.083676
vt 0.085204 0.070737
vt 0.081182 0.083499
vt 0.082092 0.070595
vt 0.077835 0.083296
vt 0.078979 0.070432
vt 0.074474 0.083068
vt 0.075865 0.070246
vt 0.071092 0.082815
vt 0.072750 0.070035
vt 0.067682 0.082537
vt 0.069637 0.069798
vt 0.064237 0.082235
vt 0.066529 0.069533
vt 0.060750 0.081907
vt 0.063429 0.069235
vt 0.057216 0.081552
vt 0.060347 0.068898
vt 0.053633 0.081168
vt 0.057297 0.068508
vt 0.050000 0.080750
vt 0.054307 0.068035
vt 0.119629 0.044225
vt 0.119271 0.042456
vt 0.121730 0.042043
vt 0.122109 0.043783
vt 0.117119 0.044615
vt 0.116783 0.042828
vt 0.114583 0.044965
vt 0.114275 0.043159
vt 0.112013 0.045325
vt 0.111756 0.043498
vt 0.109227 0.045255
vt 0.109133 0.043696
vt 0.111070 0.043583
vt 0.111419 0.045423
vt 0.106677 0.045406
vt 0.106564 0.043839
vt 0.104215 0.045554
vt 0.104036 0.043989
vt 0.101739 0.045685
vt 0.101487 0.044144
vt 0.099122 0.045926
vt 0.098877 0.044326
vt 0.096409 0.046414
vt 0.096275 0.044563
vt 0.097787 0.044459
vt 0.097858 0.046371
vt 0.093756 0.046449
vt 0.093655 0.044630
vt 0.091093 0.046475
vt 0.091015 0.044669
vt 0.088423 0.046478
vt 0.088369 0.044680
vt 0.085751 0.046458
vt 0.085722 0.044668
vt 0.083080 0.046415
vt 0.083077 0.044633
vt 0.080414 0.046351
vt 0.080437 0.044577
vt 0.077756 0.046266
vt 0.077804 0.044500
vt 0.075109 0.046159
vt 0.075182 0.044401
vt 0.072477 0.046031
vt 0.072574 0.044281
vt 0.069862 0.045880
vt 0.069984 0.044139
vt 0.067269 0.045704
vt 0.067415 0.043974
vt 0.064701 0.045503
vt 0.064871 0.043785
vt 0.062161 0.045274
vt 0.062355 0.043574
vt 0.059653 0.045008
vt 0.059872 0.043346
vt 0.122416 0.056485
vt 0.121923 0.054618
vt 0.124579 0.054094
vt 0.125111 0.055957
vt 0.119686 0.056961
vt 0.119229 0.055087
vt 0.116927 0.057398
vt 0.116507 0.055514
vt 0.114129 0.057826
vt 0.113781 0.055892
vt 0.111093 0.057781
vt 0.111010 0.056138
vt 0.113050 0.055974
vt 0.113370 0.057972
vt 0.108379 0.057950
vt 0.108230 0.056299
vt 0.105723 0.058123
vt 0.105470 0.056494
vt 0.103016 0.058284
vt 0.102671 0.056714
vt 0.100006 0.058875
vt 0.099830 0.056980
vt 0.097136 0.058927
vt 0.097012 0.057019
vt 0.098662 0.056958
vt 0.098818 0.058853
vt 0.094272 0.058894
vt 0.094183 0.057010
vt 0.091393 0.058855
vt 0.091336 0.056984
vt 0.088509 0.058797
vt 0.088485 0.056934
vt 0.085624 0.058720
vt 0.085634 0.056864
vt 0.082741 0.058621
vt 0.082785 0.056774
vt 0.079863 0.058502
vt 0.079941 0.056662
vt 0.076991 0.058361
vt 0.077103 0.056529
vt 0.074129 0.058197
vt 0.074276 0.056373
vt 0.071280 0.058009
vt 0.071462 0.056192
vt 0.068446 0.057794
vt 0.068665 0.055986
vt 0.065633 0.057550
vt 0.065890 0.055752
vt 0.062845 0.057272
vt 0.063141 0.055485
vt 0.060088 0.056955
vt 0.060424 0.055182
vt 0.057364 0.056593
vt 0.057740 0.054842
vt 0.117856 0.032228
vt 0.117446 0.028395
vt 0.119833 0.028102
vt 0.120260 0.031923
vt 0.115436 0.032510
vt 0.115037 0.028663
vt 0.112994 0.032768
vt 0.112610 0.028915
vt 0.110626 0.033073
vt 0.110203 0.029190
vt 0.107864 0.032929
vt 0.107752 0.029485
vt 0.109535 0.029274
vt 0.109744 0.032939
vt 0.105474 0.033051
vt 0.105290 0.029678
vt 0.103127 0.033194
vt 0.102864 0.029833
vt 0.100758 0.033335
vt 0.100423 0.029973
vt 0.098264 0.033629
vt 0.097953 0.030069
vt 0.095725 0.034124
vt 0.095493 0.030211
vt 0.096919 0.030128
vt 0.097096 0.034038
vt 0.093211 0.034204
vt 0.093032 0.030303
vt 0.090692 0.034274
vt 0.090549 0.030389
vt 0.088167 0.034325
vt 0.088057 0.030455
vt 0.085640 0.034354
vt 0.085562 0.030501
vt 0.083113 0.034363
vt 0.083065 0.030526
vt 0.080589 0.034352
vt 0.080569 0.030530
vt 0.078069 0.034320
vt 0.078077 0.030514
vt 0.075556 0.034268
vt 0.075590 0.030477
vt 0.073053 0.034196
vt 0.073111 0.030422
vt 0.070563 0.034106
vt 0.070642 0.030348
vt 0.068087 0.033998
vt 0.068185 0.030257
vt 0.065628 0.033872
vt 0.065742 0.030152
vt 0.063187 0.033731
vt 0.063317 0.030038
vt 0.060767 0.033571
vt 0.060912 0.029919
vt 0.116780 0.019977
vt 0.116527 0.015571
vt 0.118948 0.015335
vt 0.119187 0.019732
vt 0.114362 0.020190
vt 0.114096 0.015769
vt 0.111931 0.020391
vt 0.111667 0.015927
vt 0.109584 0.020589
vt 0.109270 0.016109
vt 0.106936 0.020391
vt 0.106828 0.016355
vt 0.108612 0.016200
vt 0.108735 0.020465
vt 0.104593 0.020483
vt 0.104421 0.016524
vt 0.102300 0.020611
vt 0.102066 0.016655
vt 0.099994 0.020755
vt 0.099701 0.016791
vt 0.097573 0.021067
vt 0.097305 0.016887
vt 0.095124 0.021591
vt 0.094913 0.017054
vt 0.096298 0.016946
vt 0.096448 0.021481
vt 0.092693 0.021721
vt 0.092519 0.017213
vt 0.090256 0.021845
vt 0.090100 0.017369
vt 0.087812 0.021951
vt 0.087675 0.017500
vt 0.085364 0.022035
vt 0.085246 0.017606
vt 0.082914 0.022095
vt 0.082815 0.017685
vt 0.080463 0.022133
vt 0.080382 0.017739
vt 0.078011 0.022148
vt 0.077948 0.017768
vt 0.075561 0.022140
vt 0.075513 0.017772
vt 0.073113 0.022112
vt 0.073077 0.017753
vt 0.070667 0.022063
vt 0.070641 0.017712
vt 0.068227 0.021997
vt 0.068204 0.017650
vt 0.065792 0.021914
vt 0.065768 0.017571
vt 0.063366 0.021819
vt 0.063333 0.017477
vt 0.060948 0.021715
vt 0.060903 0.017375
vt 0.116204 0.007678
vt 0.118665 0.007486
vt 0.113742 0.007794
vt 0.111281 0.007851
vt 0.108913 0.007858
vt 0.106266 0.007422
vt 0.108064 0.007657
vt 0.103936 0.007366
vt 0.101662 0.007450
vt 0.099377 0.007659
vt 0.096988 0.008131
vt 0.094564 0.008860
vt 0.095877 0.008654
vt 0.092161 0.009122
vt 0.089765 0.009339
vt 0.087375 0.009515
vt 0.084987 0.009653
vt 0.082601 0.009757
vt 0.080214 0.009832
vt 0.077823 0.009877
vt 0.075428 0.009896
vt 0.073026 0.009887
vt 0.070616 0.009851
vt 0.068196 0.009789
vt 0.065764 0.009699
vt 0.063321 0.009582
vt 0.060865 0.009435
vt 0.130357 0.092684
vt 0.134475 0.092471
vt 0.126480 0.092915
vt 0.122768 0.093164
vt 0.119168 0.093429
vt 0.115598 0.093953
vt 0.118212 0.093512
vt 0.111958 0.094239
vt 0.108360 0.094421
vt 0.104802 0.094525
vt 0.101290 0.094565
vt 0.097795 0.094714
vt 0.099862 0.094568
vt 0.094262 0.094675
vt 0.090785 0.094560
vt 0.087342 0.094414
vt 0.083917 0.094244
vt 0.080500 0.094052
vt 0.077082 0.093835
vt 0.073654 0.093593
vt 0.070209 0.093326
vt 0.066732 0.093036
vt 0.063207 0.092724
vt 0.059610 0.092394
vt 0.055902 0.092052
vt 0.052029 0.091697
vt 0.047916 0.091318
vt 0.123926 0.062542
vt 0.126766 0.062015
vt 0.121040 0.063027
vt 0.118115 0.063477
vt 0.115155 0.063888
vt 0.112240 0.064818
vt 0.114344 0.063971
vt 0.109336 0.065236
vt 0.106476 0.065409
vt 0.103576 0.065391
vt 0.100493 0.064958
vt 0.097465 0.065007
vt 0.099238 0.064935
vt 0.094457 0.064937
vt 0.091453 0.064859
vt 0.088449 0.064772
vt 0.085447 0.064670
vt 0.082448 0.064549
vt 0.079452 0.064407
vt 0.076461 0.064241
vt 0.073477 0.064052
vt 0.070502 0.063837
vt 0.067539 0.063594
vt 0.064593 0.063319
vt 0.061672 0.063008
vt 0.058781 0.062651
vt 0.055931 0.062234
vt 0.120887 0.050294
vt 0.123468 0.049810
vt 0.118273 0.050733
vt 0.115631 0.051126
vt 0.112966 0.051465
vt 0.112351 0.051566
vt 0.110278 0.052216
vt 0.107611 0.052515
vt 0.104998 0.052703
vt 0.102368 0.052841
vt 0.099663 0.052813
vt 0.096804 0.052603
vt 0.098319 0.052559
vt 0.094022 0.052636
vt 0.091247 0.052627
vt 0.088471 0.052598
vt 0.085696 0.052547
vt 0.082924 0.052476
vt 0.080157 0.052384
vt 0.077399 0.052270
vt 0.074652 0.052134
vt 0.071919 0.051974
vt 0.069204 0.051790
vt 0.066511 0.051579
vt 0.063844 0.051337
vt 0.061207 0.051059
vt 0.058601 0.050740
vt 0.118573 0.038127
vt 0.121006 0.037782
vt 0.116119 0.038451
vt 0.113646 0.038730
vt 0.111249 0.039072
vt 0.096065 0.040115
vt 0.097476 0.040042
vt 0.093471 0.040205
vt 0.090880 0.040256
vt 0.088289 0.040283
vt 0.085698 0.040289
vt 0.083109 0.040273
vt 0.080524 0.040237
vt 0.077946 0.040179
vt 0.075378 0.040101
vt 0.072822 0.040002
vt 0.070282 0.039882
vt 0.067760 0.039742
vt 0.065259 0.039582
vt 0.062781 0.039402
vt 0.060327 0.039204
vt 0.110405 0.039380
vt 0.108590 0.039803
vt 0.106128 0.040006
vt 0.103709 0.040156
vt 0.101265 0.040269
vt 0.098721 0.040248
vt 0.117189 0.025700
vt 0.119581 0.025430
vt 0.114783 0.025953
vt 0.112373 0.026167
vt 0.110036 0.026401
vt 0.109190 0.026741
vt 0.107373 0.027132
vt 0.105016 0.027322
vt 0.102708 0.027461
vt 0.100379 0.027576
vt 0.097944 0.027570
vt 0.096739 0.027333
vt 0.095390 0.027428
vt 0.092911 0.027556
vt 0.090438 0.027651
vt 0.087963 0.027728
vt 0.085484 0.027786
vt 0.083004 0.027822
vt 0.080525 0.027837
vt 0.078048 0.027831
vt 0.075576 0.027805
vt 0.073109 0.027759
vt 0.070651 0.027695
vt 0.068203 0.027614
vt 0.065766 0.027520
vt 0.063343 0.027417
vt 0.060936 0.027310
vt 0.116410 0.013547
vt 0.118841 0.013328
vt 0.113976 0.013725
vt 0.111554 0.013838
vt 0.109216 0.013946
vt 0.108355 0.014269
vt 0.106540 0.014564
vt 0.104228 0.014694
vt 0.101976 0.014809
vt 0.099710 0.014936
vt 0.097340 0.014983
vt 0.096155 0.014765
vt 0.094839 0.014920
vt 0.092417 0.015135
vt 0.089999 0.015306
vt 0.087581 0.015450
vt 0.085161 0.015564
vt 0.082740 0.015652
vt 0.080318 0.015712
vt 0.077894 0.015746
vt 0.075468 0.015754
vt 0.073039 0.015739
vt 0.070609 0.015700
vt 0.068176 0.015639
vt 0.065741 0.015559
vt 0.063305 0.015460
vt 0.060869 0.015343
vt 0.110903 0.058986
vt 0.111092 0.057781
vt 0.113370 0.057973
vt 0.112254 0.058831
vt 0.114343 0.063971
vt 0.113061 0.063442
vt 0.112240 0.064818
vt 0.111646 0.063702
vt 0.108445 0.059174
vt 0.108379 0.057951
vt 0.109336 0.065236
vt 0.109054 0.064001
vt 0.105922 0.059341
vt 0.105723 0.058123
vt 0.106476 0.065409
vt 0.106402 0.064162
vt 0.103410 0.059462
vt 0.103016 0.058284
vt 0.103576 0.065391
vt 0.103779 0.064189
vt 0.101280 0.059562
vt 0.100006 0.058875
vt 0.100493 0.064958
vt 0.101577 0.064151
vt 0.108982 0.046442
vt 0.110278 0.046293
vt 0.111055 0.050966
vt 0.109691 0.051119
vt 0.106711 0.046600
vt 0.107316 0.051331
vt 0.104361 0.046759
vt 0.104867 0.051502
vt 0.102016 0.046880
vt 0.102420 0.051643
vt 0.099749 0.046984
vt 0.100069 0.051702
vt 0.099492 0.051752
vt 0.099209 0.046978
vt 0.110023 0.038455
vt 0.109701 0.038453
vt 0.109193 0.033993
vt 0.109498 0.033927
vt 0.107659 0.034099
vt 0.108119 0.038666
vt 0.105488 0.034254
vt 0.105905 0.038814
vt 0.103260 0.034396
vt 0.103622 0.038959
vt 0.101040 0.034522
vt 0.101347 0.039088
vt 0.098908 0.034643
vt 0.099160 0.039163
vt 0.098653 0.039218
vt 0.098419 0.034639
vt 0.108783 0.025828
vt 0.108480 0.025816
vt 0.108218 0.021506
vt 0.108521 0.021452
vt 0.106705 0.021564
vt 0.106954 0.025991
vt 0.104585 0.021689
vt 0.104830 0.026123
vt 0.102413 0.021822
vt 0.102646 0.026258
vt 0.100259 0.021949
vt 0.100469 0.026388
vt 0.098195 0.022081
vt 0.098376 0.026469
vt 0.097899 0.026519
vt 0.097724 0.022079
vt 0.108000 0.013315
vt 0.107693 0.013288
vt 0.107529 0.008685
vt 0.107842 0.008652
vt 0.106015 0.008627
vt 0.106167 0.013390
vt 0.103907 0.008640
vt 0.104071 0.013462
vt 0.101760 0.008736
vt 0.101932 0.013573
vt 0.099633 0.008908
vt 0.099805 0.013717
vt 0.097592 0.009148
vt 0.097757 0.013844
vt 0.097279 0.013906
vt 0.097113 0.009174
vt 0.147537 0.005069
vt 0.147671 0.001921
vt 0.150149 0.002048
vt 0.149995 0.005229
vt 0.152560 0.002187
vt 0.152426 0.005357
vt 0.154934 0.002288
vt 0.154835 0.005454
vt 0.157286 0.002354
vt 0.157225 0.005520
vt 0.159624 0.002388
vt 0.159602 0.005554
vt 0.161954 0.002392
vt 0.161968 0.005559
vt 0.164277 0.002367
vt 0.164326 0.005536
vt 0.166597 0.002315
vt 0.166678 0.005485
vt 0.168912 0.002235
vt 0.169026 0.005406
vt 0.171223 0.002126
vt 0.171371 0.005296
vt 0.173529 0.001983
vt 0.173716 0.005153
vt 0.175828 0.001802
vt 0.176063 0.004970
vt 0.178118 0.001574
vt 0.178415 0.004736
vt 0.180405 0.001275
vt 0.180771 0.004442
vt 0.181757 0.001011
vt 0.182150 0.004174
vt 0.183122 0.003904
vt 0.182753 0.000794
vt 0.185265 0.000378
vt 0.185545 0.003510
vt 0.187833 0.000112
vt 0.188001 0.003244
vt 0.190418 0.000001
vt 0.190461 0.003144
vt 0.192970 0.000044
vt 0.192921 0.003201
vt 0.194786 0.000146
vt 0.194711 0.003342
vt 0.195370 0.003367
vt 0.195443 0.000177
vt 0.197836 0.000267
vt 0.197784 0.003455
vt 0.200192 0.000279
vt 0.200209 0.003449
vt 0.202560 0.000206
vt 0.202646 0.003369
vt 0.204972 0.000065
vt 0.205119 0.003180
vt 0.666896 0.004746
vt 0.667844 0.007035
vt 0.658675 0.009492
vt 0.665387 0.002780
vt 0.663421 0.001272
vt 0.661132 0.000323
vt 0.658675 0.000000
vt 0.656219 0.000323
vt 0.653930 0.001272
vt 0.651964 0.002780
vt 0.650455 0.004746
vt 0.649507 0.007035
vt 0.649184 0.009492
vt 0.649507 0.011949
vt 0.650455 0.014238
vt 0.651964 0.016204
vt 0.653930 0.017712
vt 0.653119 0.017090
vt 0.656219 0.018660
vt 0.658675 0.018984
vt 0.661132 0.018660
vt 0.663421 0.017712
vt 0.665387 0.016204
vt 0.664856 0.016611
vt 0.666896 0.014238
vt 0.667844 0.011949
vt 0.668167 0.009492
vt 0.446344 0.020557
vt 0.444713 0.024495
vt 0.430571 0.016330
vt 0.442118 0.027877
vt 0.438736 0.030473
vt 0.434797 0.032104
vt 0.430571 0.032660
vt 0.426344 0.032104
vt 0.422406 0.030473
vt 0.419024 0.027877
vt 0.416429 0.024495
vt 0.414797 0.020557
vt 0.414241 0.016330
vt 0.414797 0.012104
vt 0.416429 0.008165
vt 0.419024 0.004783
vt 0.421011 0.003258
vt 0.422406 0.002188
vt 0.426344 0.000557
vt 0.430571 0.000000
vt 0.434797 0.000557
vt 0.438736 0.002188
vt 0.441204 0.004082
vt 0.442118 0.004783
vt 0.444713 0.008165
vt 0.446344 0.012104
vt 0.446901 0.016330
vt 0.215649 0.081912
vt 0.212126 0.068716
vt 0.215118 0.068202
vt 0.219282 0.081518
vt 0.212051 0.082268
vt 0.209086 0.069182
vt 0.208491 0.082606
vt 0.206015 0.069613
vt 0.204968 0.082926
vt 0.202927 0.070025
vt 0.201502 0.083427
vt 0.199842 0.070576
vt 0.202090 0.070117
vt 0.204019 0.082974
vt 0.198042 0.083667
vt 0.196723 0.070902
vt 0.194601 0.083854
vt 0.193586 0.071105
vt 0.191180 0.083961
vt 0.190446 0.071155
vt 0.187787 0.083982
vt 0.187308 0.071077
vt 0.184438 0.084151
vt 0.184195 0.071134
vt 0.186022 0.071027
vt 0.186398 0.083929
vt 0.181090 0.084058
vt 0.181090 0.071051
vt 0.177749 0.083955
vt 0.177982 0.070961
vt 0.174412 0.083829
vt 0.174873 0.070858
vt 0.171077 0.083676
vt 0.171762 0.070737
vt 0.167739 0.083499
vt 0.168650 0.070595
vt 0.164393 0.083296
vt 0.165537 0.070432
vt 0.161032 0.083068
vt 0.162422 0.070246
vt 0.157650 0.082815
vt 0.159308 0.070035
vt 0.154240 0.082537
vt 0.156195 0.069798
vt 0.150794 0.082235
vt 0.153086 0.069533
vt 0.147308 0.081907
vt 0.149987 0.069235
vt 0.143774 0.081552
vt 0.146905 0.068898
vt 0.140191 0.081168
vt 0.143855 0.068508
vt 0.136558 0.080750
vt 0.140864 0.068035
vt 0.206187 0.044225
vt 0.205829 0.042456
vt 0.208288 0.042043
vt 0.208667 0.043783
vt 0.203677 0.044615
vt 0.203341 0.042828
vt 0.201141 0.044965
vt 0.200833 0.043159
vt 0.198570 0.045325
vt 0.198314 0.043498
vt 0.195785 0.045255
vt 0.195690 0.043696
vt 0.197628 0.043583
vt 0.197976 0.045423
vt 0.193234 0.045406
vt 0.193122 0.043839
vt 0.190773 0.045554
vt 0.190594 0.043989
vt 0.188297 0.045685
vt 0.188045 0.044144
vt 0.185680 0.045926
vt 0.185434 0.044326
vt 0.182966 0.046414
vt 0.182832 0.044563
vt 0.184345 0.044459
vt 0.184416 0.046371
vt 0.180314 0.046449
vt 0.180213 0.044630
vt 0.177650 0.046475
vt 0.177572 0.044669
vt 0.174981 0.046478
vt 0.174927 0.044680
vt 0.172309 0.046458
vt 0.172280 0.044668
vt 0.169638 0.046415
vt 0.169635 0.044633
vt 0.166972 0.046351
vt 0.166994 0.044577
vt 0.164314 0.046266
vt 0.164362 0.044500
vt 0.161667 0.046159
vt 0.161739 0.044401
vt 0.159034 0.046031
vt 0.159132 0.044281
vt 0.156420 0.045880
vt 0.156541 0.044139
vt 0.153827 0.045704
vt 0.153972 0.043974
vt 0.151259 0.045503
vt 0.151428 0.043785
vt 0.148719 0.045274
vt 0.148913 0.043574
vt 0.146210 0.045008
vt 0.146430 0.043346
vt 0.208974 0.056485
vt 0.208481 0.054618
vt 0.211137 0.054093
vt 0.211669 0.055957
vt 0.206244 0.056961
vt 0.205787 0.055087
vt 0.203485 0.057397
vt 0.203065 0.055514
vt 0.200687 0.057826
vt 0.200339 0.055892
vt 0.197650 0.057781
vt 0.197568 0.056138
vt 0.199607 0.055974
vt 0.199928 0.057972
vt 0.194937 0.057950
vt 0.194787 0.056299
vt 0.192281 0.058123
vt 0.192028 0.056494
vt 0.189574 0.058284
vt 0.189228 0.056714
vt 0.186564 0.058875
vt 0.186388 0.056980
vt 0.183694 0.058927
vt 0.183569 0.057019
vt 0.185220 0.056958
vt 0.185376 0.058853
vt 0.180830 0.058893
vt 0.180741 0.057010
vt 0.177951 0.058855
vt 0.177894 0.056984
vt 0.175066 0.058797
vt 0.175043 0.056934
vt 0.172181 0.058720
vt 0.172192 0.056864
vt 0.169299 0.058621
vt 0.169343 0.056774
vt 0.166420 0.058502
vt 0.166498 0.056662
vt 0.163549 0.058361
vt 0.163661 0.056529
vt 0.160687 0.058197
vt 0.160834 0.056372
vt 0.157837 0.058008
vt 0.158020 0.056192
vt 0.155004 0.057794
vt 0.155223 0.055986
vt 0.152191 0.057550
vt 0.152448 0.055752
vt 0.149403 0.057272
vt 0.149699 0.055485
vt 0.146645 0.056955
vt 0.146981 0.055182
vt 0.143922 0.056592
vt 0.144298 0.054842
vt 0.204414 0.032228
vt 0.204004 0.028395
vt 0.206391 0.028102
vt 0.206817 0.031923
vt 0.201994 0.032510
vt 0.201595 0.028663
vt 0.199552 0.032768
vt 0.199167 0.028915
vt 0.197184 0.033073
vt 0.196761 0.029190
vt 0.194422 0.032929
vt 0.194310 0.029485
vt 0.196092 0.029274
vt 0.196301 0.032939
vt 0.192031 0.033051
vt 0.191848 0.029678
vt 0.189684 0.033194
vt 0.189422 0.029833
vt 0.187316 0.033335
vt 0.186981 0.029973
vt 0.184822 0.033629
vt 0.184510 0.030069
vt 0.182283 0.034124
vt 0.182050 0.030211
vt 0.183477 0.030128
vt 0.183654 0.034038
vt 0.179769 0.034204
vt 0.179590 0.030303
vt 0.177249 0.034274
vt 0.177107 0.030389
vt 0.174725 0.034324
vt 0.174615 0.030455
vt 0.172198 0.034354
vt 0.172120 0.030501
vt 0.169671 0.034363
vt 0.169623 0.030526
vt 0.167147 0.034352
vt 0.167127 0.030530
vt 0.164627 0.034320
vt 0.164634 0.030514
vt 0.162114 0.034268
vt 0.162148 0.030477
vt 0.159611 0.034196
vt 0.159669 0.030422
vt 0.157120 0.034106
vt 0.157199 0.030348
vt 0.154645 0.033998
vt 0.154743 0.030257
vt 0.152186 0.033872
vt 0.152300 0.030152
vt 0.149745 0.033731
vt 0.149875 0.030038
vt 0.147325 0.033571
vt 0.147469 0.029919
vt 0.203337 0.019977
vt 0.203085 0.015571
vt 0.205506 0.015335
vt 0.205745 0.019732
vt 0.200920 0.020190
vt 0.200653 0.015769
vt 0.198489 0.020391
vt 0.198225 0.015927
vt 0.196142 0.020589
vt 0.195828 0.016109
vt 0.193493 0.020391
vt 0.193386 0.016355
vt 0.195169 0.016200
vt 0.195292 0.020465
vt 0.191151 0.020483
vt 0.190978 0.016524
vt 0.188858 0.020611
vt 0.188624 0.016655
vt 0.186552 0.020755
vt 0.186258 0.016791
vt 0.184131 0.021067
vt 0.183863 0.016887
vt 0.181681 0.021591
vt 0.181471 0.017054
vt 0.182856 0.016946
vt 0.183006 0.021481
vt 0.179251 0.021721
vt 0.179076 0.017213
vt 0.176814 0.021845
vt 0.176658 0.017369
vt 0.174370 0.021951
vt 0.174232 0.017500
vt 0.171922 0.022035
vt 0.171804 0.017606
vt 0.169472 0.022095
vt 0.169372 0.017685
vt 0.167021 0.022133
vt 0.166940 0.017739
vt 0.164569 0.022148
vt 0.164506 0.017768
vt 0.162119 0.022140
vt 0.162071 0.017772
vt 0.159670 0.022112
vt 0.159635 0.017753
vt 0.157225 0.022063
vt 0.157199 0.017712
vt 0.154785 0.021997
vt 0.154762 0.017650
vt 0.152350 0.021914
vt 0.152326 0.017571
vt 0.149923 0.021819
vt 0.149891 0.017477
vt 0.147506 0.021715
vt 0.147461 0.017375
vt 0.202761 0.007678
vt 0.205223 0.007486
vt 0.200300 0.007794
vt 0.197839 0.007851
vt 0.195471 0.007858
vt 0.192824 0.007422
vt 0.194622 0.007657
vt 0.190494 0.007366
vt 0.188220 0.007450
vt 0.185935 0.007659
vt 0.183546 0.008131
vt 0.181122 0.008860
vt 0.182435 0.008654
vt 0.178719 0.009122
vt 0.176323 0.009339
vt 0.173932 0.009515
vt 0.171545 0.009653
vt 0.169159 0.009757
vt 0.166772 0.009832
vt 0.164381 0.009877
vt 0.161986 0.009896
vt 0.159584 0.009887
vt 0.157174 0.009851
vt 0.154754 0.009789
vt 0.152322 0.009699
vt 0.149878 0.009582
vt 0.147423 0.009435
vt 0.216915 0.092684
vt 0.221032 0.092471
vt 0.213037 0.092915
vt 0.209326 0.093164
vt 0.205726 0.093429
vt 0.202156 0.093953
vt 0.204770 0.093512
vt 0.198515 0.094239
vt 0.194918 0.094421
vt 0.191360 0.094525
vt 0.187848 0.094565
vt 0.184353 0.094714
vt 0.186419 0.094568
vt 0.180820 0.094675
vt 0.177343 0.094560
vt 0.173899 0.094414
vt 0.170474 0.094244
vt 0.167057 0.094052
vt 0.163639 0.093835
vt 0.160212 0.093593
vt 0.156766 0.093326
vt 0.153290 0.093036
vt 0.149765 0.092724
vt 0.146167 0.092394
vt 0.142460 0.092052
vt 0.138587 0.091697
vt 0.134474 0.091318
vt 0.210484 0.062542
vt 0.213324 0.062014
vt 0.207598 0.063027
vt 0.204672 0.063477
vt 0.201713 0.063888
vt 0.198798 0.064818
vt 0.200901 0.063971
vt 0.195894 0.065236
vt 0.193034 0.065409
vt 0.190133 0.065391
vt 0.187051 0.064958
vt 0.184023 0.065007
vt 0.185796 0.064935
vt 0.181014 0.064936
vt 0.178010 0.064859
vt 0.175007 0.064772
vt 0.172005 0.064670
vt 0.169005 0.064549
vt 0.166010 0.064407
vt 0.163019 0.064241
vt 0.160035 0.064052
vt 0.157059 0.063837
vt 0.154097 0.063594
vt 0.151151 0.063319
vt 0.148229 0.063008
vt 0.145339 0.062651
vt 0.142489 0.062234
vt 0.186564 0.058875
vt 0.207445 0.050294
vt 0.210026 0.049810
vt 0.204831 0.050733
vt 0.202189 0.051126
vt 0.199524 0.051465
vt 0.198909 0.051566
vt 0.196836 0.052216
vt 0.194169 0.052515
vt 0.191556 0.052703
vt 0.188926 0.052841
vt 0.186221 0.052813
vt 0.183362 0.052603
vt 0.184877 0.052559
vt 0.180580 0.052636
vt 0.177805 0.052627
vt 0.175029 0.052598
vt 0.172254 0.052547
vt 0.169481 0.052476
vt 0.166715 0.052384
vt 0.163956 0.052270
vt 0.161209 0.052133
vt 0.158477 0.051974
vt 0.155762 0.051790
vt 0.153069 0.051579
vt 0.150402 0.051337
vt 0.147764 0.051059
vt 0.145159 0.050740
vt 0.205131 0.038127
vt 0.207564 0.037782
vt 0.202676 0.038451
vt 0.200204 0.038730
vt 0.197806 0.039072
vt 0.182623 0.040115
vt 0.184034 0.040042
vt 0.180028 0.040205
vt 0.177438 0.040256
vt 0.174847 0.040283
vt 0.172256 0.040289
vt 0.169666 0.040273
vt 0.167081 0.040237
vt 0.164503 0.040179
vt 0.161935 0.040101
vt 0.159380 0.040002
vt 0.156840 0.039882
vt 0.154318 0.039742
vt 0.151817 0.039582
vt 0.149339 0.039402
vt 0.146885 0.039204
vt 0.196963 0.039380
vt 0.195148 0.039803
vt 0.192686 0.040006
vt 0.190267 0.040156
vt 0.187823 0.040269
vt 0.185279 0.040248
vt 0.203747 0.025700
vt 0.206139 0.025430
vt 0.201341 0.025953
vt 0.198931 0.026167
vt 0.196593 0.026401
vt 0.195747 0.026741
vt 0.193930 0.027132
vt 0.191574 0.027322
vt 0.189266 0.027461
vt 0.186937 0.027576
vt 0.184502 0.027570
vt 0.183296 0.027333
vt 0.181948 0.027428
vt 0.179469 0.027556
vt 0.176996 0.027651
vt 0.174520 0.027728
vt 0.172042 0.027786
vt 0.169562 0.027822
vt 0.167083 0.027837
vt 0.164606 0.027831
vt 0.162134 0.027805
vt 0.159667 0.027759
vt 0.157209 0.027695
vt 0.154760 0.027614
vt 0.152324 0.027520
vt 0.149901 0.027417
vt 0.147494 0.027310
vt 0.202968 0.013547
vt 0.205398 0.013328
vt 0.200534 0.013725
vt 0.198112 0.013838
vt 0.195774 0.013946
vt 0.194913 0.014269
vt 0.193098 0.014564
vt 0.190786 0.014694
vt 0.188534 0.014809
vt 0.186268 0.014936
vt 0.183897 0.014983
vt 0.182713 0.014765
vt 0.181397 0.014920
vt 0.178974 0.015135
vt 0.176557 0.015306
vt 0.174139 0.015450
vt 0.171719 0.015564
vt 0.169298 0.015652
vt 0.166875 0.015712
vt 0.164451 0.015745
vt 0.162025 0.015754
vt 0.159597 0.015739
vt 0.157167 0.015700
vt 0.154734 0.015639
vt 0.152299 0.015559
vt 0.149862 0.015460
vt 0.147427 0.015343
vt 0.197461 0.058986
vt 0.197650 0.057781
vt 0.199928 0.057973
vt 0.198812 0.058831
vt 0.200901 0.063971
vt 0.199619 0.063442
vt 0.198798 0.064818
vt 0.198204 0.063702
vt 0.195003 0.059174
vt 0.194936 0.057951
vt 0.195894 0.065236
vt 0.195612 0.064001
vt 0.192480 0.059341
vt 0.192281 0.058123
vt 0.193034 0.065409
vt 0.192960 0.064162
vt 0.189968 0.059462
vt 0.189574 0.058284
vt 0.190133 0.065391
vt 0.190337 0.064189
vt 0.187838 0.059562
vt 0.187051 0.064958
vt 0.188134 0.064151
vt 0.195540 0.046442
vt 0.196836 0.046293
vt 0.197613 0.050966
vt 0.196249 0.051119
vt 0.193268 0.046600
vt 0.193874 0.051331
vt 0.190919 0.046759
vt 0.191424 0.051502
vt 0.188574 0.046880
vt 0.188978 0.051643
vt 0.186307 0.046984
vt 0.186626 0.051702
vt 0.186050 0.051752
vt 0.185767 0.046978
vt 0.196581 0.038455
vt 0.196258 0.038453
vt 0.195751 0.033993
vt 0.196055 0.033927
vt 0.194216 0.034099
vt 0.194677 0.038666
vt 0.192046 0.034254
vt 0.192463 0.038814
vt 0.189818 0.034396
vt 0.190180 0.038959
vt 0.187598 0.034522
vt 0.187905 0.039088
vt 0.185465 0.034643
vt 0.185718 0.039163
vt 0.185211 0.039218
vt 0.184977 0.034639
vt 0.195340 0.025828
vt 0.195038 0.025816
vt 0.194776 0.021506
vt 0.195079 0.021452
vt 0.193263 0.021564
vt 0.193511 0.025991
vt 0.191142 0.021689
vt 0.191388 0.026123
vt 0.188971 0.021822
vt 0.189204 0.026258
vt 0.186817 0.021949
vt 0.187027 0.026388
vt 0.184753 0.022081
vt 0.184934 0.026468
vt 0.184457 0.026519
vt 0.184282 0.022079
vt 0.194558 0.013315
vt 0.194250 0.013288
vt 0.194086 0.008685
vt 0.194400 0.008652
vt 0.192572 0.008627
vt 0.192725 0.013390
vt 0.190465 0.008640
vt 0.190629 0.013462
vt 0.188318 0.008736
vt 0.188490 0.013573
vt 0.186191 0.008908
vt 0.186363 0.013717
vt 0.184149 0.009148
vt 0.184314 0.013844
vt 0.183837 0.013906
vt 0.183671 0.009174
vt 0.572793 0.021501
vt 0.547973 0.021500
vt 0.548411 0.000005
vt 0.572330 0.000005
vt 0.145152 0.021977
vt 0.121231 0.021977
vt 0.121231 0.000002
vt 0.145152 0.000002
vt 0.734197 0.002406
vt 0.734202 0.000667
vt 0.756091 0.000709
vt 0.756087 0.002475
vt 0.803752 0.002438
vt 0.803752 0.000676
vt 0.825662 0.000670
vt 0.825663 0.002411
vt 0.825663 0.003077
vt 0.803755 0.003110
vt 0.547169 0.021441
vt 0.547757 0.000002
vt 0.572982 0.000003
vt 0.573587 0.021380
vt 0.756084 0.003152
vt 0.734196 0.003071
vt 0.120563 0.021977
vt 0.120563 0.000002
vt 0.803751 0.000001
vt 0.825661 0.000004
vt 0.734204 0.000002
vt 0.756091 0.000034
vt 0.145820 0.000002
vt 0.145820 0.021977
vt 0.732713 0.000002
vt 0.733330 0.000257
vt 0.733586 0.000874
vt 0.733586 0.002620
vt 0.733330 0.003237
vt 0.732713 0.003493
vt 0.708792 0.003493
vt 0.708175 0.003237
vt 0.707919 0.002620
vt 0.707919 0.000874
vt 0.708175 0.000257
vt 0.708792 0.000002
vt 0.680541 0.008056
vt 0.680579 0.009024
vt 0.680393 0.009466
vt 0.670200 0.009507
vt 0.670035 0.009086
vt 0.670064 0.008093
vt 0.670015 0.003908
vt 0.670038 0.002908
vt 0.670172 0.002492
vt 0.680307 0.002461
vt 0.680393 0.002868
vt 0.680440 0.003871
vt 0.681254 0.011915
vt 0.680849 0.011917
vt 0.669746 0.011976
vt 0.669341 0.011979
vt 0.669325 0.009000
vt 0.669293 0.003043
vt 0.669277 0.000065
vt 0.669682 0.000063
vt 0.680786 0.000004
vt 0.681191 0.000001
vt 0.681207 0.002980
vt 0.681239 0.008937
vt 0.002325 0.008938
vt 0.002325 0.000003
vt 0.007995 0.000002
vt 0.007995 0.008938
vt 0.013669 0.000002
vt 0.013669 0.008938
vt 0.019343 0.000002
vt 0.019343 0.008938
vt 0.025017 0.000002
vt 0.025017 0.008938
vt 0.030691 0.000002
vt 0.030691 0.008938
vt 0.036365 0.000002
vt 0.036365 0.008938
vt 0.042039 0.000002
vt 0.042039 0.008938
vt 0.047713 0.000002
vt 0.047713 0.008938
vt 0.002325 0.017874
vt 0.007995 0.017874
vt 0.013669 0.017874
vt 0.019343 0.017874
vt 0.025017 0.017874
vt 0.030691 0.017874
vt 0.036365 0.017874
vt 0.042039 0.017874
vt 0.047713 0.017874
vt 0.002325 0.026810
vt 0.007995 0.026810
vt 0.013669 0.026810
vt 0.019343 0.026810
vt 0.025017 0.026810
vt 0.030691 0.026810
vt 0.036365 0.026810
vt 0.042039 0.026810
vt 0.047712 0.026810
vt 0.002327 0.035742
vt 0.007995 0.035746
vt 0.013669 0.035746
vt 0.019343 0.035746
vt 0.025017 0.035746
vt 0.030691 0.035746
vt 0.036365 0.035746
vt 0.042039 0.035746
vt 0.047711 0.035744
vt 0.002327 0.044675
vt 0.007995 0.044683
vt 0.013669 0.044683
vt 0.019343 0.044683
vt 0.025017 0.044683
vt 0.030691 0.044683
vt 0.036365 0.044683
vt 0.042039 0.044683
vt 0.047718 0.044677
vt 0.002310 0.053647
vt 0.007995 0.053619
vt 0.013669 0.053619
vt 0.019343 0.053619
vt 0.025017 0.053619
vt 0.030691 0.053619
vt 0.036365 0.053619
vt 0.042039 0.053619
vt 0.047752 0.053632
vt 0.002245 0.062764
vt 0.007995 0.062555
vt 0.013669 0.062555
vt 0.019343 0.062555
vt 0.025017 0.062555
vt 0.030691 0.062555
vt 0.036365 0.062555
vt 0.042039 0.062555
vt 0.047823 0.062670
vt 0.002174 0.072037
vt 0.007995 0.071491
vt 0.013669 0.071491
vt 0.019343 0.071491
vt 0.025017 0.071491
vt 0.030691 0.071491
vt 0.036365 0.071491
vt 0.042039 0.071491
vt 0.047821 0.071780
vt 0.002384 0.080337
vt 0.007995 0.080428
vt 0.013669 0.080428
vt 0.019343 0.080428
vt 0.025017 0.080428
vt 0.030691 0.080428
vt 0.036365 0.080428
vt 0.042039 0.080428
vt 0.047698 0.080193
vt 0.002376 0.089074
vt 0.007995 0.089364
vt 0.013669 0.089364
vt 0.019343 0.089364
vt 0.025017 0.089364
vt 0.030691 0.089364
vt 0.036365 0.089364
vt 0.042039 0.089364
vt 0.047643 0.089757
vt 0.002356 0.098509
vt 0.007995 0.098300
vt 0.013669 0.098300
vt 0.019343 0.098300
vt 0.025017 0.098300
vt 0.030691 0.098300
vt 0.036365 0.098300
vt 0.042039 0.098300
vt 0.047660 0.098387
vt 0.002214 0.106930
vt 0.007995 0.107236
vt 0.013669 0.107236
vt 0.019343 0.107236
vt 0.025017 0.107236
vt 0.030691 0.107236
vt 0.036365 0.107236
vt 0.042039 0.107236
vt 0.047869 0.106666
vt 0.002210 0.116052
vt 0.007995 0.116172
vt 0.013669 0.116172
vt 0.019343 0.116172
vt 0.025017 0.116172
vt 0.030691 0.116172
vt 0.036365 0.116172
vt 0.042039 0.116172
vt 0.047796 0.115955
vt 0.002284 0.125095
vt 0.007995 0.125108
vt 0.013669 0.125108
vt 0.019343 0.125108
vt 0.025017 0.125108
vt 0.030691 0.125108
vt 0.036365 0.125108
vt 0.042039 0.125108
vt 0.047729 0.125079
vt 0.002319 0.134050
vt 0.007995 0.134045
vt 0.013669 0.134045
vt 0.019343 0.134045
vt 0.025017 0.134045
vt 0.030691 0.134045
vt 0.036365 0.134045
vt 0.042039 0.134045
vt 0.047711 0.134053
vt 0.002326 0.142984
vt 0.007995 0.142981
vt 0.013669 0.142981
vt 0.019343 0.142981
vt 0.025017 0.142981
vt 0.030691 0.142981
vt 0.036365 0.142981
vt 0.042039 0.142981
vt 0.047711 0.142986
vt 0.002326 0.151918
vt 0.007995 0.151917
vt 0.013669 0.151917
vt 0.019343 0.151917
vt 0.025017 0.151917
vt 0.030691 0.151917
vt 0.036365 0.151917
vt 0.042039 0.151917
vt 0.047712 0.151918
vt 0.002325 0.160853
vt 0.007995 0.160853
vt 0.013669 0.160853
vt 0.019343 0.160853
vt 0.025017 0.160853
vt 0.030691 0.160853
vt 0.036365 0.160853
vt 0.042039 0.160853
vt 0.047713 0.160853
vt 0.002325 0.169789
vt 0.007995 0.169790
vt 0.013669 0.169790
vt 0.019343 0.169790
vt 0.025017 0.169790
vt 0.030691 0.169790
vt 0.036365 0.169790
vt 0.042039 0.169790
vt 0.047713 0.169789
vt 0.002325 0.178726
vt 0.007995 0.178726
vt 0.013669 0.178726
vt 0.019343 0.178726
vt 0.025017 0.178726
vt 0.030691 0.178726
vt 0.036365 0.178726
vt 0.042039 0.178726
vt 0.047713 0.178726
vt 0.002325 0.187662
vt 0.007995 0.187662
vt 0.013669 0.187662
vt 0.019343 0.187662
vt 0.025017 0.187662
vt 0.030691 0.187662
vt 0.036365 0.187662
vt 0.042039 0.187662
vt 0.047713 0.187662
vt 0.002325 0.196598
vt 0.007995 0.196598
vt 0.013669 0.196598
vt 0.019343 0.196598
vt 0.025017 0.196598
vt 0.030691 0.196598
vt 0.036365 0.196598
vt 0.042039 0.196598
vt 0.047713 0.196598
vt 0.002325 0.205534
vt 0.007995 0.205534
vt 0.013669 0.205534
vt 0.019343 0.205534
vt 0.025017 0.205534
vt 0.030691 0.205534
vt 0.036365 0.205534
vt 0.042039 0.205534
vt 0.047713 0.205534
vt 0.002325 0.214471
vt 0.007995 0.214471
vt 0.013669 0.214471
vt 0.019343 0.214471
vt 0.025017 0.214471
vt 0.030691 0.214471
vt 0.036365 0.214471
vt 0.042039 0.214471
vt 0.047713 0.214471
vt 0.002325 0.223407
vt 0.007995 0.223407
vt 0.013669 0.223407
vt 0.019343 0.223407
vt 0.025017 0.223407
vt 0.030691 0.223407
vt 0.036365 0.223407
vt 0.042039 0.223407
vt 0.047713 0.223407
vt 0.002325 0.232343
vt 0.007995 0.232343
vt 0.013669 0.232343
vt 0.019343 0.232343
vt 0.025017 0.232343
vt 0.030691 0.232343
vt 0.036365 0.232343
vt 0.042039 0.232343
vt 0.047713 0.232343
vt 0.002325 0.241279
vt 0.007995 0.241279
vt 0.013669 0.241279
vt 0.019343 0.241279
vt 0.025017 0.241279
vt 0.030691 0.241279
vt 0.036365 0.241279
vt 0.042039 0.241279
vt 0.047713 0.241279
vt 0.002325 0.250088
vt 0.007995 0.250088
vt 0.013669 0.250088
vt 0.019343 0.250088
vt 0.025017 0.250088
vt 0.030691 0.250088
vt 0.036365 0.250088
vt 0.042039 0.250088
vt 0.047713 0.250088
vt 0.002325 0.258896
vt 0.007995 0.258896
vt 0.013669 0.258896
vt 0.019343 0.258896
vt 0.025017 0.258896
vt 0.030691 0.258896
vt 0.036365 0.258896
vt 0.042039 0.258896
vt 0.047713 0.258896
vt 0.002325 0.267705
vt 0.007995 0.267705
vt 0.013669 0.267705
vt 0.019343 0.267705
vt 0.025017 0.267705
vt 0.030691 0.267705
vt 0.036365 0.267705
vt 0.042039 0.267705
vt 0.047713 0.267705
vt 0.002325 0.276513
vt 0.007995 0.276513
vt 0.013669 0.276513
vt 0.019343 0.276513
vt 0.025017 0.276513
vt 0.030691 0.276513
vt 0.036365 0.276513
vt 0.042039 0.276513
vt 0.047713 0.276513
vt 0.002325 0.285322
vt 0.007995 0.285322
vt 0.013669 0.285322
vt 0.019343 0.285322
vt 0.025017 0.285322
vt 0.030691 0.285322
vt 0.036365 0.285322
vt 0.042039 0.285322
vt 0.047713 0.285322
vt 0.002325 0.294130
vt 0.007995 0.294130
vt 0.013669 0.294130
vt 0.019343 0.294130
vt 0.025017 0.294130
vt 0.030691 0.294130
vt 0.036365 0.294130
vt 0.042039 0.294130
vt 0.047713 0.294130
vt 0.002325 0.302939
vt 0.007995 0.302939
vt 0.013669 0.302939
vt 0.019343 0.302939
vt 0.025017 0.302939
vt 0.030691 0.302939
vt 0.036365 0.302939
vt 0.042039 0.302939
vt 0.047713 0.302939
vt 0.002325 0.311747
vt 0.007995 0.311747
vt 0.013669 0.311747
vt 0.019343 0.311747
vt 0.025017 0.311747
vt 0.030691 0.311747
vt 0.036365 0.311747
vt 0.042039 0.311747
vt 0.047713 0.311747
vt 0.002325 0.320556
vt 0.007995 0.320556
vt 0.013669 0.320556
vt 0.019343 0.320556
vt 0.025017 0.320556
vt 0.030691 0.320556
vt 0.036365 0.320556
vt 0.042039 0.320556
vt 0.047713 0.320556
vt 0.002325 0.329365
vt 0.007995 0.329365
vt 0.013669 0.329365
vt 0.019343 0.329365
vt 0.025017 0.329365
vt 0.030691 0.329365
vt 0.036365 0.329365
vt 0.042039 0.329365
vt 0.047713 0.329364
vt 0.002325 0.338175
vt 0.007995 0.338173
vt 0.013669 0.338173
vt 0.019343 0.338173
vt 0.025017 0.338173
vt 0.030691 0.338173
vt 0.036365 0.338173
vt 0.042039 0.338173
vt 0.047714 0.338172
vt 0.002329 0.346980
vt 0.007995 0.346982
vt 0.013669 0.346982
vt 0.019343 0.346982
vt 0.025017 0.346982
vt 0.030691 0.346982
vt 0.036365 0.346982
vt 0.042039 0.346982
vt 0.047721 0.346986
vt 0.002354 0.355765
vt 0.007995 0.355790
vt 0.013669 0.355790
vt 0.019343 0.355790
vt 0.025017 0.355790
vt 0.030691 0.355790
vt 0.036365 0.355790
vt 0.042039 0.355790
vt 0.047733 0.355821
vt 0.002445 0.364576
vt 0.007995 0.364599
vt 0.013669 0.364599
vt 0.019343 0.364599
vt 0.025017 0.364599
vt 0.030691 0.364599
vt 0.036365 0.364599
vt 0.042039 0.364599
vt 0.047725 0.364711
vt 0.002023 0.373408
vt 0.007995 0.373407
vt 0.013669 0.373407
vt 0.019343 0.373407
vt 0.025017 0.373407
vt 0.030691 0.373407
vt 0.036365 0.373407
vt 0.042039 0.373407
vt 0.047614 0.373409
vt 0.002434 0.382245
vt 0.007995 0.382214
vt 0.013669 0.382214
vt 0.019343 0.382214
vt 0.025017 0.382214
vt 0.030691 0.382214
vt 0.036365 0.382214
vt 0.042039 0.382214
vt 0.047734 0.382111
vt 0.002360 0.391036
vt 0.007995 0.391020
vt 0.013669 0.391020
vt 0.019343 0.391020
vt 0.025017 0.391020
vt 0.030691 0.391020
vt 0.036365 0.391020
vt 0.042039 0.391020
vt 0.047728 0.390979
vt 0.002334 0.399828
vt 0.007995 0.399827
vt 0.013669 0.399827
vt 0.019343 0.399827
vt 0.025017 0.399827
vt 0.030691 0.399827
vt 0.036365 0.399827
vt 0.042039 0.399827
vt 0.047716 0.399821
vt 0.002326 0.408632
vt 0.007995 0.408634
vt 0.013669 0.408634
vt 0.019343 0.408634
vt 0.025017 0.408634
vt 0.030691 0.408634
vt 0.036365 0.408634
vt 0.042039 0.408634
vt 0.047712 0.408635
vt 0.002325 0.417440
vt 0.007995 0.417440
vt 0.013669 0.417440
vt 0.019343 0.417440
vt 0.025017 0.417440
vt 0.030691 0.417440
vt 0.036365 0.417440
vt 0.042039 0.417440
vt 0.047712 0.417441
vt 0.002325 0.426247
vt 0.007995 0.426247
vt 0.013669 0.426247
vt 0.019343 0.426247
vt 0.025017 0.426247
vt 0.030691 0.426247
vt 0.036365 0.426247
vt 0.042039 0.426247
vt 0.047713 0.426247
vt 0.002325 0.435053
vt 0.007995 0.435053
vt 0.013669 0.435053
vt 0.019343 0.435053
vt 0.025017 0.435053
vt 0.030691 0.435053
vt 0.036365 0.435053
vt 0.042039 0.435053
vt 0.047713 0.435053
vt 0.002325 0.443860
vt 0.007995 0.443860
vt 0.013669 0.443860
vt 0.019343 0.443860
vt 0.025017 0.443860
vt 0.030691 0.443860
vt 0.036365 0.443860
vt 0.042039 0.443860
vt 0.047712 0.443860
vt 0.002324 0.452670
vt 0.007995 0.452667
vt 0.013669 0.452667
vt 0.019343 0.452667
vt 0.025017 0.452667
vt 0.030691 0.452667
vt 0.036365 0.452667
vt 0.042039 0.452667
vt 0.047712 0.452665
vt 0.002324 0.461485
vt 0.007995 0.461473
vt 0.013669 0.461473
vt 0.019343 0.461473
vt 0.025017 0.461473
vt 0.030691 0.461473
vt 0.036365 0.461473
vt 0.042039 0.461473
vt 0.047716 0.461470
vt 0.002344 0.470298
vt 0.007995 0.470280
vt 0.013669 0.470280
vt 0.019343 0.470280
vt 0.025017 0.470280
vt 0.030691 0.470280
vt 0.036365 0.470280
vt 0.042039 0.470280
vt 0.047739 0.470294
vt 0.002473 0.479110
vt 0.007995 0.479086
vt 0.013669 0.479086
vt 0.019343 0.479086
vt 0.025017 0.479086
vt 0.030691 0.479086
vt 0.036365 0.479086
vt 0.042039 0.479086
vt 0.047778 0.479197
vt 0.003101 0.488398
vt 0.007995 0.487893
vt 0.013669 0.487893
vt 0.019343 0.487893
vt 0.025017 0.487893
vt 0.030691 0.487893
vt 0.036365 0.487893
vt 0.042039 0.487893
vt 0.047707 0.488297
vt 0.000000 0.496713
vt 0.007995 0.496700
vt 0.013669 0.496700
vt 0.019343 0.496700
vt 0.025017 0.496700
vt 0.030691 0.496700
vt 0.036365 0.496700
vt 0.042039 0.496700
vt 0.047128 0.496701
vt 0.003059 0.505000
vt 0.007995 0.505483
vt 0.013669 0.505483
vt 0.019343 0.505483
vt 0.025017 0.505483
vt 0.030691 0.505483
vt 0.036365 0.505483
vt 0.042039 0.505483
vt 0.047742 0.505111
vt 0.002504 0.514215
vt 0.007995 0.514267
vt 0.013669 0.514267
vt 0.019343 0.514267
vt 0.025017 0.514267
vt 0.030691 0.514267
vt 0.036365 0.514267
vt 0.042039 0.514267
vt 0.047759 0.514120
vt 0.002361 0.523032
vt 0.007995 0.523051
vt 0.013669 0.523051
vt 0.019343 0.523051
vt 0.025017 0.523051
vt 0.030691 0.523051
vt 0.036365 0.523051
vt 0.042039 0.523051
vt 0.047723 0.523030
vt 0.002328 0.531826
vt 0.007995 0.531834
vt 0.013669 0.531834
vt 0.019343 0.531834
vt 0.025017 0.531834
vt 0.030691 0.531834
vt 0.036365 0.531834
vt 0.042039 0.531834
vt 0.047711 0.531840
vt 0.002324 0.540616
vt 0.007995 0.540618
vt 0.013669 0.540618
vt 0.019343 0.540618
vt 0.025017 0.540618
vt 0.030691 0.540618
vt 0.036365 0.540618
vt 0.042039 0.540618
vt 0.047711 0.540622
vt 0.002325 0.549402
vt 0.007995 0.549402
vt 0.013669 0.549402
vt 0.019343 0.549402
vt 0.025017 0.549402
vt 0.030691 0.549402
vt 0.036365 0.549402
vt 0.042039 0.549402
vt 0.047712 0.549403
vt 0.002325 0.558186
vt 0.007995 0.558186
vt 0.013669 0.558186
vt 0.019343 0.558186
vt 0.025017 0.558186
vt 0.030691 0.558186
vt 0.036365 0.558186
vt 0.042039 0.558186
vt 0.047712 0.558185
vt 0.002324 0.566972
vt 0.007995 0.566969
vt 0.013669 0.566969
vt 0.019343 0.566969
vt 0.025017 0.566969
vt 0.030691 0.566969
vt 0.036365 0.566969
vt 0.042039 0.566969
vt 0.047712 0.566968
vt 0.002324 0.575762
vt 0.007995 0.575753
vt 0.013669 0.575753
vt 0.019343 0.575753
vt 0.025017 0.575753
vt 0.030691 0.575753
vt 0.036365 0.575753
vt 0.042039 0.575753
vt 0.047716 0.575751
vt 0.002339 0.584549
vt 0.007995 0.584537
vt 0.013669 0.584537
vt 0.019343 0.584537
vt 0.025017 0.584537
vt 0.030691 0.584537
vt 0.036365 0.584537
vt 0.042039 0.584537
vt 0.047735 0.584549
vt 0.002435 0.593323
vt 0.007995 0.593321
vt 0.013669 0.593321
vt 0.019343 0.593321
vt 0.025017 0.593321
vt 0.030691 0.593321
vt 0.036365 0.593321
vt 0.042039 0.593321
vt 0.047769 0.593414
vt 0.002903 0.602368
vt 0.007995 0.602104
vt 0.013669 0.602104
vt 0.019343 0.602104
vt 0.025017 0.602104
vt 0.030691 0.602104
vt 0.036365 0.602104
vt 0.042039 0.602104
vt 0.047720 0.602444
vt 0.000784 0.610883
vt 0.007995 0.610888
vt 0.013669 0.610888
vt 0.019343 0.610888
vt 0.025017 0.610888
vt 0.030691 0.610888
vt 0.036365 0.610888
vt 0.042039 0.610888
vt 0.047285 0.610893
vt 0.002866 0.619450
vt 0.007995 0.619700
vt 0.013669 0.619700
vt 0.019343 0.619700
vt 0.025017 0.619700
vt 0.030691 0.619700
vt 0.036365 0.619700
vt 0.042039 0.619700
vt 0.047749 0.619390
vt 0.002458 0.628490
vt 0.007995 0.628511
vt 0.013669 0.628511
vt 0.019343 0.628511
vt 0.025017 0.628511
vt 0.030691 0.628511
vt 0.036365 0.628511
vt 0.042039 0.628511
vt 0.047753 0.628388
vt 0.002352 0.637311
vt 0.007995 0.637323
vt 0.013669 0.637323
vt 0.019343 0.637323
vt 0.025017 0.637323
vt 0.030691 0.637323
vt 0.036365 0.637323
vt 0.042039 0.637323
vt 0.047721 0.637305
vt 0.002327 0.646128
vt 0.007995 0.646134
vt 0.013669 0.646134
vt 0.019343 0.646134
vt 0.025017 0.646134
vt 0.030691 0.646134
vt 0.036365 0.646134
vt 0.042039 0.646134
vt 0.047712 0.646138
vt 0.002324 0.654944
vt 0.007995 0.654946
vt 0.013669 0.654946
vt 0.019343 0.654946
vt 0.025017 0.654946
vt 0.030691 0.654946
vt 0.036365 0.654946
vt 0.042039 0.654946
vt 0.047712 0.654948
vt 0.002325 0.663757
vt 0.007995 0.663757
vt 0.013669 0.663757
vt 0.019343 0.663757
vt 0.025017 0.663757
vt 0.030691 0.663757
vt 0.036365 0.663757
vt 0.042039 0.663757
vt 0.047713 0.663758
vt 0.002325 0.672569
vt 0.007995 0.672569
vt 0.013669 0.672569
vt 0.019343 0.672569
vt 0.025017 0.672569
vt 0.030691 0.672569
vt 0.036365 0.672569
vt 0.042039 0.672569
vt 0.047713 0.672569
vt 0.002325 0.681380
vt 0.007995 0.681380
vt 0.013669 0.681380
vt 0.019343 0.681380
vt 0.025017 0.681380
vt 0.030691 0.681380
vt 0.036365 0.681380
vt 0.042039 0.681380
vt 0.047713 0.681380
vt 0.002325 0.690192
vt 0.007995 0.690192
vt 0.013669 0.690192
vt 0.019343 0.690192
vt 0.025017 0.690192
vt 0.030691 0.690192
vt 0.036365 0.690192
vt 0.042039 0.690192
vt 0.047713 0.690192
vt 0.002325 0.699003
vt 0.007995 0.699003
vt 0.013669 0.699003
vt 0.019343 0.699003
vt 0.025017 0.699003
vt 0.030691 0.699003
vt 0.036365 0.699003
vt 0.042039 0.699003
vt 0.047713 0.699003
vt 0.002325 0.707815
vt 0.007995 0.707815
vt 0.013669 0.707815
vt 0.019343 0.707815
vt 0.025017 0.707815
vt 0.030691 0.707815
vt 0.036365 0.707815
vt 0.042039 0.707815
vt 0.047713 0.707815
vt 0.002325 0.716626
vt 0.007995 0.716626
vt 0.013669 0.716626
vt 0.019343 0.716626
vt 0.025017 0.716626
vt 0.030691 0.716626
vt 0.036365 0.716626
vt 0.042039 0.716626
vt 0.047713 0.716626
vt 0.002325 0.725438
vt 0.007995 0.725438
vt 0.013669 0.725438
vt 0.019343 0.725438
vt 0.025017 0.725438
vt 0.030691 0.725438
vt 0.036365 0.725438
vt 0.042039 0.725438
vt 0.047713 0.725438
vt 0.002325 0.734249
vt 0.007995 0.734249
vt 0.013669 0.734249
vt 0.019343 0.734249
vt 0.025017 0.734249
vt 0.030691 0.734249
vt 0.036365 0.734249
vt 0.042039 0.734249
vt 0.047713 0.734249
vt 0.002325 0.743061
vt 0.007995 0.743061
vt 0.013669 0.743061
vt 0.019343 0.743061
vt 0.025017 0.743061
vt 0.030691 0.743061
vt 0.036365 0.743061
vt 0.042039 0.743061
vt 0.047713 0.743061
vt 0.002325 0.751872
vt 0.007995 0.751872
vt 0.013669 0.751872
vt 0.019343 0.751872
vt 0.025017 0.751872
vt 0.030691 0.751872
vt 0.036365 0.751872
vt 0.042039 0.751872
vt 0.047713 0.751872
vt 0.002325 0.760684
vt 0.007995 0.760684
vt 0.013669 0.760684
vt 0.019343 0.760684
vt 0.025017 0.760684
vt 0.030691 0.760684
vt 0.036365 0.760684
vt 0.042039 0.760684
vt 0.047712 0.760684
vt 0.002325 0.769497
vt 0.007995 0.769495
vt 0.013669 0.769495
vt 0.019343 0.769495
vt 0.025017 0.769495
vt 0.030691 0.769495
vt 0.036365 0.769495
vt 0.042039 0.769495
vt 0.047712 0.769495
vt 0.002326 0.778307
vt 0.007995 0.778307
vt 0.013669 0.778307
vt 0.019343 0.778307
vt 0.025017 0.778307
vt 0.030691 0.778307
vt 0.036365 0.778307
vt 0.042039 0.778307
vt 0.047716 0.778307
vt 0.002325 0.787103
vt 0.007995 0.787105
vt 0.013669 0.787105
vt 0.019343 0.787105
vt 0.025017 0.787105
vt 0.030691 0.787105
vt 0.036365 0.787105
vt 0.042039 0.787105
vt 0.047712 0.787105
vt 0.002325 0.795902
vt 0.007995 0.795902
vt 0.013669 0.795902
vt 0.019343 0.795902
vt 0.025017 0.795902
vt 0.030691 0.795902
vt 0.036365 0.795902
vt 0.042039 0.795902
vt 0.047712 0.795903
vt 0.002325 0.804700
vt 0.007995 0.804700
vt 0.013669 0.804700
vt 0.019343 0.804700
vt 0.025017 0.804700
vt 0.030691 0.804700
vt 0.036365 0.804700
vt 0.042039 0.804700
vt 0.047713 0.804700
vt 0.002325 0.813498
vt 0.007995 0.813498
vt 0.013669 0.813498
vt 0.019343 0.813498
vt 0.025017 0.813498
vt 0.030691 0.813498
vt 0.036365 0.813498
vt 0.042039 0.813498
vt 0.047713 0.813498
vt 0.002325 0.822295
vt 0.007995 0.822295
vt 0.013669 0.822295
vt 0.019343 0.822295
vt 0.025017 0.822295
vt 0.030691 0.822295
vt 0.036365 0.822295
vt 0.042039 0.822295
vt 0.047713 0.822295
vt 0.002325 0.831093
vt 0.007995 0.831093
vt 0.013669 0.831093
vt 0.019343 0.831093
vt 0.025017 0.831093
vt 0.030691 0.831093
vt 0.036365 0.831093
vt 0.042039 0.831093
vt 0.047713 0.831093
vt 0.002325 0.839890
vt 0.007995 0.839890
vt 0.013669 0.839890
vt 0.019343 0.839890
vt 0.025017 0.839890
vt 0.030691 0.839890
vt 0.036365 0.839890
vt 0.042039 0.839890
vt 0.047713 0.839890
vt 0.002325 0.848688
vt 0.007995 0.848688
vt 0.013669 0.848688
vt 0.019343 0.848688
vt 0.025017 0.848688
vt 0.030691 0.848688
vt 0.036365 0.848688
vt 0.042039 0.848688
vt 0.047713 0.848688
vt 0.002325 0.857486
vt 0.007995 0.857486
vt 0.013669 0.857486
vt 0.019343 0.857486
vt 0.025017 0.857486
vt 0.030691 0.857486
vt 0.036365 0.857486
vt 0.042039 0.857486
vt 0.047713 0.857486
vt 0.002325 0.866283
vt 0.007995 0.866283
vt 0.013669 0.866283
vt 0.019343 0.866283
vt 0.025017 0.866283
vt 0.030691 0.866283
vt 0.036365 0.866283
vt 0.042039 0.866283
vt 0.047713 0.866283
vt 0.002325 0.875081
vt 0.007995 0.875081
vt 0.013669 0.875081
vt 0.019343 0.875081
vt 0.025017 0.875081
vt 0.030691 0.875081
vt 0.036365 0.875081
vt 0.042039 0.875081
vt 0.047713 0.875081
vt 0.002325 0.883879
vt 0.007995 0.883879
vt 0.013669 0.883879
vt 0.019343 0.883879
vt 0.025017 0.883879
vt 0.030691 0.883879
vt 0.036365 0.883879
vt 0.042039 0.883879
vt 0.047713 0.883879
vt 0.002325 0.892676
vt 0.007995 0.892676
vt 0.013669 0.892676
vt 0.019343 0.892676
vt 0.025017 0.892676
vt 0.030691 0.892676
vt 0.036365 0.892676
vt 0.042039 0.892676
vt 0.047713 0.892676
vt 0.002325 0.901474
vt 0.007995 0.901474
vt 0.013669 0.901474
vt 0.019343 0.901474
vt 0.025017 0.901474
vt 0.030691 0.901474
vt 0.036365 0.901474
vt 0.042039 0.901474
vt 0.047713 0.901474
vt 0.002325 0.910271
vt 0.007995 0.910271
vt 0.013669 0.910271
vt 0.019343 0.910271
vt 0.025017 0.910271
vt 0.030691 0.910271
vt 0.036365 0.910271
vt 0.042039 0.910271
vt 0.047713 0.910271
vt 0.002325 0.919069
vt 0.007995 0.919069
vt 0.013669 0.919069
vt 0.019343 0.919069
vt 0.025017 0.919069
vt 0.030691 0.919069
vt 0.036365 0.919069
vt 0.042039 0.919069
vt 0.047713 0.919069
vt 0.002325 0.927867
vt 0.007995 0.927867
vt 0.013669 0.927867
vt 0.019343 0.927867
vt 0.025017 0.927867
vt 0.030691 0.927867
vt 0.036365 0.927867
vt 0.042039 0.927867
vt 0.047713 0.927867
vt 0.002326 0.936664
vt 0.007995 0.936664
vt 0.013669 0.936664
vt 0.019343 0.936664
vt 0.025017 0.936664
vt 0.030691 0.936664
vt 0.036365 0.936664
vt 0.042039 0.936664
vt 0.047712 0.936664
vt 0.002327 0.945457
vt 0.007995 0.945462
vt 0.013669 0.945462
vt 0.019343 0.945462
vt 0.025017 0.945462
vt 0.030691 0.945462
vt 0.036365 0.945462
vt 0.042039 0.945462
vt 0.047711 0.945459
vt 0.002327 0.954252
vt 0.007995 0.954260
vt 0.013669 0.954260
vt 0.019343 0.954260
vt 0.025017 0.954260
vt 0.030691 0.954260
vt 0.036365 0.954260
vt 0.042039 0.954260
vt 0.047719 0.954254
vt 0.002308 0.963089
vt 0.007995 0.963057
vt 0.013669 0.963057
vt 0.019343 0.963057
vt 0.025017 0.963057
vt 0.030691 0.963057
vt 0.036365 0.963057
vt 0.042039 0.963057
vt 0.047756 0.963072
vt 0.002240 0.972077
vt 0.007995 0.971855
vt 0.013669 0.971855
vt 0.019343 0.971855
vt 0.025017 0.971855
vt 0.030691 0.971855
vt 0.036365 0.971855
vt 0.042039 0.971855
vt 0.047831 0.971979
vt 0.002167 0.981224
vt 0.007995 0.980652
vt 0.013669 0.980652
vt 0.019343 0.980652
vt 0.025017 0.980652
vt 0.030691 0.980652
vt 0.036365 0.980652
vt 0.042039 0.980652
vt 0.047833 0.980961
vt 0.002380 0.989379
vt 0.007995 0.989450
vt 0.013669 0.989450
vt 0.019343 0.989450
vt 0.025017 0.989450
vt 0.030691 0.989450
vt 0.036365 0.989450
vt 0.042039 0.989450
vt 0.047733 0.989255
vt 0.002391 0.999340
vt 0.007995 0.998248
vt 0.013669 0.998248
vt 0.019343 0.998248
vt 0.025017 0.998248
vt 0.030691 0.998248
vt 0.036365 0.998248
vt 0.042039 0.998248
vt 0.047434 1.000000

# vertex normals
vn 0.946198 -0.000000 -0.323589
vn 0.947173 0.000000 -0.320722
vn 0.752339 0.000000 -0.658776
vn 0.750341 -0.000000 -0.661051
vn 0.442968 0.000000 -0.896537
vn 0.440251 0.000000 -0.897875
vn 0.066159 0.000002 -0.997809
vn 0.063138 -0.000000 -0.998005
vn -0.320722 0.000001 -0.947174
vn -0.323588 -0.000000 -0.946198
vn -0.658776 0.000000 -0.752339
vn -0.661051 0.000000 -0.750341
vn -0.896537 0.000002 -0.442968
vn -0.897874 -0.000000 -0.440252
vn -0.997809 0.000001 -0.066160
vn -0.998005 -0.000000 -0.063137
vn -0.947173 0.000000 0.320723
vn -0.946198 0.000000 0.323589
vn -0.752339 0.000001 0.658776
vn -0.750341 -0.000000 0.661051
vn -0.442968 0.000000 0.896537
vn -0.440251 -0.000000 0.897875
vn -0.066159 0.000000 0.997809
vn -0.063137 0.000000 0.998005
vn 0.320723 0.000000 0.947173
vn 0.323590 -0.000000 0.946198
vn 0.658776 0.000000 0.752339
vn 0.661052 -0.000000 0.750340
vn 0.896537 0.000000 0.442969
vn 0.897874 -0.000000 0.440252
vn 0.997809 0.000000 0.066160
vn 0.998005 0.000000 0.063138
vn 0.997859 0.006936 -0.065028
vn 0.897016 0.006936 -0.441943
vn 0.946787 0.006936 0.321787
vn 0.751575 0.006936 0.659611
vn 0.441943 0.006936 0.897016
vn 0.065029 0.006936 0.997859
vn -0.321786 0.006936 0.946787
vn -0.659612 0.006936 0.751575
vn -0.897017 0.006936 0.441942
vn -0.997859 0.006936 0.065029
vn -0.946787 0.006936 -0.321786
vn -0.751575 0.006936 -0.659611
vn -0.441942 0.006936 -0.897017
vn -0.065028 0.006936 -0.997859
vn 0.321786 0.006936 -0.946787
vn 0.659611 0.006936 -0.751575
vn 0.603660 0.796239 -0.039969
vn 0.542413 0.796239 -0.267938
vn 0.028115 0.999560 -0.009467
vn 0.029598 0.999560 0.002013
vn 0.022352 0.999560 -0.019505
vn 0.398588 0.796241 -0.455113
vn 0.013186 0.999560 -0.026574
vn 0.194083 0.796241 -0.573003
vn 0.002012 0.999560 -0.029597
vn -0.039969 0.796240 -0.603659
vn -0.009466 0.999560 -0.028114
vn -0.267937 0.796240 -0.542413
vn -0.019504 0.999560 -0.022352
vn -0.455113 0.796241 -0.398589
vn -0.026575 0.999560 -0.013185
vn -0.573000 0.796243 -0.194083
vn -0.029598 0.999560 -0.002013
vn -0.603653 0.796245 0.039969
vn -0.028115 0.999560 0.009466
vn -0.542414 0.796239 0.267937
vn -0.022352 0.999560 0.019505
vn -0.398589 0.796241 0.455113
vn -0.013186 0.999560 0.026574
vn -0.194083 0.796241 0.573003
vn -0.002012 0.999560 0.029597
vn 0.039969 0.796240 0.603660
vn 0.009467 0.999560 0.028114
vn 0.267937 0.796240 0.542413
vn 0.019505 0.999560 0.022352
vn 0.455112 0.796242 0.398587
vn 0.026574 0.999560 0.013187
vn 0.573003 0.796240 0.194084
vn -0.000000 1.000000 -0.000000
vn 0.000000 1.000000 0.000000
vn -0.000002 1.000000 0.000000
vn -0.000002 1.000000 0.000001
vn 0.000002 1.000000 -0.000001
vn 0.000001 1.000000 -0.000002
vn -0.000001 1.000000 0.000001
vn -0.000001 1.000000 -0.000002
vn 0.000002 1.000000 0.000000
vn -0.000000 1.000000 -0.000000
vn -0.000000 1.000000 0.000002
vn 0.010414 0.018575 0.999773
vn -0.010414 0.019213 0.999761
vn -0.010378 -0.084789 0.996345
vn 0.010287 -0.156886 0.987563
vn 0.010278 -0.162321 -0.986685
vn -0.010415 -0.011337 -0.999882
vn -0.010414 0.018575 -0.999773
vn 0.010414 0.019213 -0.999761
vn 0.993860 -0.026139 0.107513
vn 0.993584 -0.035188 -0.107483
vn 0.994075 0.015848 -0.107536
vn 0.993949 0.022433 0.107523
vn -0.994074 0.015848 0.107539
vn -0.993949 0.022433 -0.107526
vn -0.867919 -0.487750 -0.093892
vn -0.657397 -0.750181 0.071117
vn -0.686527 -0.508267 0.519948
vn -0.603657 0.017655 0.797049
vn 0.601734 -0.081593 0.794518
vn 0.797051 0.017655 0.603653
vn -0.536533 -0.458554 -0.708421
vn -0.797050 0.017655 -0.603655
vn 0.797152 -0.007681 -0.603730
vn 0.603653 0.017655 -0.797052
vn -0.017576 0.999843 0.002373
vn -0.600380 0.105470 0.792730
vn -0.003188 0.264744 0.964314
vn 0.010586 0.572835 0.819603
vn 0.066926 0.996470 0.050686
vn 0.071481 0.997437 0.003194
vn 0.047133 0.998868 -0.006364
vn 0.047699 0.996874 -0.062981
vn 0.002153 0.759032 -0.651050
vn -0.005522 0.903990 -0.427517
vn -0.605976 0.649741 -0.458944
vn -0.996455 0.071385 -0.044525
vn -0.700565 0.477171 0.530582
vn -0.009965 0.636080 0.771559
vn 0.003230 0.212989 0.977049
vn 0.530581 0.477164 0.700569
vn 0.825461 0.553345 0.111460
vn 0.952714 0.300871 -0.042569
vn 0.700571 0.477165 -0.530579
vn 0.009965 0.636080 -0.771559
vn -0.003230 0.212989 -0.977049
vn -0.530580 0.477170 -0.700567
vn -0.825461 0.553345 -0.111465
vn -0.952714 0.300873 0.042571
vn 0.946198 -0.000000 -0.323588
vn 0.947173 0.000000 -0.320722
vn 0.752340 0.000000 -0.658775
vn 0.750341 -0.000000 -0.661051
vn 0.442968 0.000000 -0.896537
vn 0.440251 0.000000 -0.897875
vn 0.066159 0.000002 -0.997809
vn 0.063138 -0.000000 -0.998005
vn -0.320721 0.000001 -0.947174
vn -0.323588 -0.000000 -0.946198
vn -0.658776 0.000000 -0.752339
vn -0.661051 0.000000 -0.750341
vn -0.896537 0.000004 -0.442968
vn -0.897875 -0.000000 -0.440251
vn -0.997809 0.000002 -0.066160
vn -0.998005 -0.000000 -0.063137
vn -0.947173 0.000000 0.320722
vn -0.946198 0.000000 0.323588
vn -0.752340 0.000001 0.658775
vn -0.750341 0.000000 0.661051
vn -0.442968 0.000002 0.896538
vn -0.440251 -0.000000 0.897875
vn -0.066159 0.000000 0.997809
vn -0.063137 -0.000000 0.998005
vn 0.320723 0.000000 0.947173
vn 0.323589 -0.000000 0.946198
vn 0.658777 0.000000 0.752339
vn 0.661052 -0.000000 0.750340
vn 0.896537 0.000000 0.442968
vn 0.897875 -0.000000 0.440251
vn 0.997809 0.000000 0.066160
vn 0.998005 0.000000 0.063138
vn 0.997859 0.006936 -0.065028
vn 0.897017 0.006935 -0.441942
vn 0.946787 0.006936 0.321786
vn 0.751575 0.006936 0.659611
vn 0.441943 0.006936 0.897016
vn 0.065029 0.006936 0.997859
vn -0.321786 0.006936 0.946787
vn -0.659611 0.006936 0.751575
vn -0.897017 0.006936 0.441941
vn -0.997859 0.006936 0.065028
vn -0.946787 0.006936 -0.321786
vn -0.751575 0.006936 -0.659611
vn -0.441942 0.006936 -0.897017
vn -0.065028 0.006936 -0.997859
vn 0.321786 0.006936 -0.946787
vn 0.659612 0.006936 -0.751574
vn 0.603660 0.796239 -0.039969
vn 0.542413 0.796240 -0.267937
vn 0.028115 0.999560 -0.009467
vn 0.029598 0.999560 0.002013
vn 0.022352 0.999560 -0.019505
vn 0.398587 0.796243 -0.455111
vn 0.013186 0.999560 -0.026574
vn 0.194083 0.796242 -0.573002
vn 0.002012 0.999560 -0.029597
vn -0.039969 0.796240 -0.603660
vn -0.009466 0.999560 -0.028114
vn -0.267937 0.796240 -0.542413
vn -0.019504 0.999560 -0.022352
vn -0.455113 0.796241 -0.398588
vn -0.026575 0.999560 -0.013185
vn -0.573001 0.796243 -0.194083
vn -0.029598 0.999560 -0.002013
vn -0.603654 0.796244 0.039969
vn -0.028115 0.999560 0.009466
vn -0.542411 0.796241 0.267936
vn -0.022352 0.999560 0.019505
vn -0.398587 0.796242 0.455112
vn -0.013186 0.999560 0.026574
vn -0.194083 0.796241 0.573003
vn -0.002012 0.999560 0.029597
vn 0.039969 0.796240 0.603660
vn 0.009467 0.999560 0.028114
vn 0.267936 0.796241 0.542411
vn 0.455111 0.796244 0.398585
vn 0.026574 0.999560 0.013187
vn 0.573003 0.796240 0.194084
vn -0.000000 1.000000 -0.000000
vn -0.000002 1.000000 0.000000
vn -0.000002 1.000000 0.000001
vn 0.000002 1.000000 -0.000001
vn 0.000001 1.000000 -0.000002
vn -0.000001 1.000000 0.000001
vn -0.000001 1.000000 -0.000002
vn 0.000002 1.000000 0.000000
vn -0.000000 1.000000 -0.000000
vn -0.000000 1.000000 0.000002
vn 0.967563 0.010626 -0.252406
vn 0.435471 -0.895023 -0.096427
vn 0.395676 -0.895023 -0.205851
vn 0.869267 0.010626 -0.494229
vn 0.328916 -0.895023 -0.301244
vn 0.711732 0.010626 -0.702371
vn 0.239742 -0.895023 -0.376110
vn 0.505695 0.010626 -0.862647
vn 0.134228 -0.895023 -0.425343
vn 0.265195 0.010626 -0.964136
vn 0.019567 -0.895023 -0.445591
vn 0.006620 0.010626 -0.999922
vn -0.096427 -0.895023 -0.435472
vn -0.252403 0.010626 -0.967564
vn -0.205849 -0.895023 -0.395677
vn -0.494227 0.010626 -0.869268
vn -0.301245 -0.895023 -0.328916
vn -0.702371 0.010627 -0.711732
vn -0.376110 -0.895023 -0.239741
vn -0.862647 0.010626 -0.505695
vn -0.425343 -0.895023 -0.134228
vn -0.964137 0.010627 -0.265193
vn -0.445591 -0.895023 -0.019567
vn -0.999922 0.010627 -0.006620
vn -0.435472 -0.895023 0.096426
vn -0.967564 0.010628 0.252404
vn -0.395677 -0.895023 0.205850
vn -0.869268 0.010627 0.494227
vn -0.360397 -0.879053 0.312058
vn -0.734953 0.011596 0.678020
vn -0.338607 -0.831033 0.441282
vn -0.620337 0.004491 0.784323
vn -0.463424 0.006201 0.886115
vn -0.142560 -0.948933 0.281429
vn -0.134228 -0.895023 0.425343
vn -0.265194 0.010626 0.964137
vn -0.019567 -0.895023 0.445591
vn -0.006620 0.010626 0.999922
vn 0.096427 -0.895023 0.435472
vn 0.252403 0.010625 0.967564
vn 0.207275 -0.885497 0.415851
vn 0.476441 0.011213 0.879135
vn 0.338606 -0.831034 0.441281
vn 0.608706 0.013454 0.793282
vn 0.739257 -0.001448 0.673422
vn 0.239560 -0.948805 0.205864
vn 0.376109 -0.895023 0.239741
vn 0.867571 0.005420 0.497283
vn 0.425343 -0.895023 0.134227
vn 0.964137 0.010625 0.265194
vn 0.445591 -0.895023 0.019567
vn 0.999922 0.010626 0.006620
vn 0.000000 -1.000000 0.000000
vn 0.715224 0.662614 -0.222257
vn 0.633329 0.662614 -0.399796
vn 0.508273 0.662614 -0.550092
vn 0.348580 0.662614 -0.662898
vn 0.165132 0.662613 -0.730531
vn -0.029570 0.662614 -0.748377
vn -0.222256 0.662613 -0.715224
vn -0.399797 0.662614 -0.633329
vn -0.550093 0.662614 -0.508273
vn -0.662899 0.662613 -0.348581
vn -0.730530 0.662614 -0.165132
vn -0.748377 0.662614 0.029570
vn -0.715224 0.662614 0.222257
vn -0.633329 0.662614 0.399797
vn -0.502267 0.699696 0.508088
vn -0.362287 0.803636 0.472141
vn -0.382704 0.531755 0.755496
vn -0.165132 0.662614 0.730530
vn 0.029570 0.662613 0.748378
vn 0.222256 0.662615 0.715223
vn 0.376812 0.684859 0.623684
vn 0.362287 0.803636 0.472141
vn 0.642562 0.531238 0.552178
vn 0.662898 0.662614 0.348581
vn 0.730530 0.662614 0.165132
vn 0.748377 0.662614 -0.029571
vn 0.978007 -0.208550 0.003135
vn 0.986029 -0.165157 0.021657
vn 0.958037 -0.165158 -0.234282
vn 0.945494 -0.208550 -0.250097
vn 0.943870 -0.208550 0.256156
vn 0.946825 -0.165158 0.276125
vn 0.845410 -0.208550 0.491720
vn 0.843096 -0.165158 0.511773
vn 0.742466 -0.204116 0.638029
vn 0.750359 -0.145526 0.644813
vn 0.468768 -0.209083 0.858220
vn 0.457161 -0.167486 0.873472
vn 0.599112 -0.177355 0.780775
vn 0.595122 -0.210500 0.775577
vn 0.250097 -0.208550 0.945494
vn 0.234281 -0.165158 0.958037
vn -0.003136 -0.208550 0.978007
vn -0.021659 -0.165158 0.986029
vn -0.256157 -0.208550 0.943870
vn -0.276125 -0.165158 0.946825
vn -0.442350 -0.204381 0.873244
vn -0.447066 -0.145719 0.882552
vn -0.716639 -0.209388 0.665271
vn -0.733400 -0.168932 0.658473
vn -0.599111 -0.177356 0.780776
vn -0.595121 -0.210500 0.775577
vn -0.848547 -0.208550 0.486288
vn -0.864756 -0.165157 0.474258
vn -0.945494 -0.208550 0.250097
vn -0.958037 -0.165158 0.234282
vn -0.978007 -0.208550 -0.003136
vn -0.986029 -0.165158 -0.021660
vn -0.943870 -0.208550 -0.256158
vn -0.946825 -0.165158 -0.276125
vn -0.845411 -0.208550 -0.491719
vn -0.843097 -0.165157 -0.511772
vn -0.689338 -0.208550 -0.693773
vn -0.681913 -0.165158 -0.712543
vn -0.486286 -0.208551 -0.848547
vn -0.474257 -0.165157 -0.864756
vn -0.250097 -0.208550 -0.945494
vn -0.234282 -0.165158 -0.958037
vn 0.003137 -0.208550 -0.978007
vn 0.021659 -0.165158 -0.986029
vn 0.256156 -0.208550 -0.943870
vn 0.276125 -0.165158 -0.946825
vn 0.491720 -0.208550 -0.845410
vn 0.511772 -0.165158 -0.843097
vn 0.693773 -0.208550 -0.689337
vn 0.712544 -0.165158 -0.681912
vn 0.848547 -0.208550 -0.486287
vn 0.864756 -0.165158 -0.474257
vn 0.997354 -0.068181 0.025229
vn 0.999186 -0.036123 -0.017968
vn 0.960489 -0.036122 -0.275965
vn 0.969899 -0.068181 -0.233767
vn 0.956840 -0.068182 0.282503
vn 0.969790 -0.036122 0.241252
vn 0.851119 -0.068182 0.520526
vn 0.874305 -0.036122 0.484031
vn 0.772739 -0.067865 0.631085
vn 0.756946 -0.023179 0.653066
vn 0.440689 0.455446 0.773538
vn 0.497375 -0.037126 0.866741
vn 0.601732 -0.052767 0.796953
vn 0.154868 0.199819 0.967517
vn 0.255492 0.431739 0.865058
vn 0.275964 -0.036122 0.960489
vn 0.022894 0.431739 0.901708
vn 0.017968 -0.036122 0.999186
vn -0.211266 0.431739 0.876908
vn -0.241253 -0.036122 0.969790
vn -0.426878 0.277569 0.860657
vn -0.445235 -0.028122 0.894972
vn -0.755085 -0.070582 0.651816
vn -0.727045 -0.034389 0.685728
vn -0.608188 -0.043358 0.792608
vn -0.193415 -0.020512 0.980902
vn -0.876349 -0.068180 0.476827
vn -0.856337 -0.036123 0.515153
vn -0.969899 -0.068180 0.233767
vn -0.960489 -0.036122 0.275965
vn -0.997354 -0.068181 -0.025230
vn -0.999186 -0.036124 0.017967
vn -0.956840 -0.068180 -0.282504
vn -0.969790 -0.036122 -0.241251
vn -0.851119 -0.068180 -0.520526
vn -0.874304 -0.036122 -0.484033
vn -0.687396 -0.068181 -0.723075
vn -0.719235 -0.036122 -0.693827
vn -0.476827 -0.068181 -0.876349
vn -0.515153 -0.036122 -0.856337
vn -0.233765 -0.068181 -0.969900
vn -0.275964 -0.036122 -0.960489
vn 0.025229 -0.068181 -0.997354
vn -0.017968 -0.036122 -0.999186
vn 0.282503 -0.068181 -0.956840
vn 0.241252 -0.036122 -0.969790
vn 0.520527 -0.068181 -0.851119
vn 0.484033 -0.036122 -0.874304
vn 0.723075 -0.068180 -0.687397
vn 0.693826 -0.036123 -0.719236
vn 0.876348 -0.068181 -0.476828
vn 0.856337 -0.036122 -0.515153
vn 0.995754 -0.088725 0.024535
vn 0.997089 -0.074447 -0.016454
vn 0.958856 -0.074447 -0.273957
vn 0.968174 -0.088725 -0.234023
vn 0.955474 -0.088725 0.281420
vn 0.967372 -0.074447 0.242174
vn 0.850080 -0.088725 0.519126
vn 0.871732 -0.074445 0.484295
vn 0.755458 -0.088499 0.649193
vn 0.765072 -0.069850 0.640145
vn 0.454614 0.431877 0.778979
vn 0.488995 -0.070810 0.869408
vn 0.607418 -0.066373 0.791604
vn 0.262527 0.138652 0.954911
vn 0.259328 0.400153 0.878992
vn 0.273957 -0.074446 0.958856
vn 0.022993 0.400153 0.916160
vn 0.016453 -0.074446 0.997089
vn -0.215015 0.389905 0.895401
vn -0.242174 -0.074447 0.967372
vn 0.002197 0.043991 0.999029
vn -0.444496 -0.069219 0.893103
vn -0.742677 -0.088613 0.663761
vn -0.726323 -0.071520 0.683623
vn -0.607429 -0.066075 0.791621
vn -0.606400 -0.087998 0.790276
vn -0.874617 -0.088725 0.476627
vn -0.855280 -0.074448 0.512790
vn -0.968175 -0.088725 0.234020
vn -0.958856 -0.074447 0.273958
vn -0.995754 -0.088724 -0.024535
vn -0.997089 -0.074446 0.016453
vn -0.955474 -0.088725 -0.281419
vn -0.967372 -0.074446 -0.242175
vn -0.850081 -0.088725 -0.519125
vn -0.871731 -0.074448 -0.484296
vn -0.686754 -0.088725 -0.721454
vn -0.716682 -0.074446 -0.693415
vn -0.476628 -0.088725 -0.874616
vn -0.512793 -0.074446 -0.855278
vn -0.234021 -0.088724 -0.968175
vn -0.273957 -0.074447 -0.958856
vn 0.024536 -0.088725 -0.995754
vn -0.016452 -0.074447 -0.997089
vn 0.281419 -0.088725 -0.955474
vn 0.242174 -0.074447 -0.967372
vn 0.519126 -0.088725 -0.850080
vn 0.484296 -0.074447 -0.871731
vn 0.721455 -0.088725 -0.686754
vn 0.693416 -0.074446 -0.716681
vn 0.874615 -0.088725 -0.476630
vn 0.855278 -0.074446 -0.512794
vn 0.999689 -0.022895 0.009852
vn 0.999927 -0.009335 0.007743
vn 0.967859 -0.009336 -0.251319
vn 0.968176 -0.022895 -0.249222
vn 0.963076 -0.022894 0.268253
vn 0.963850 -0.009336 0.266281
vn 0.874532 -0.022896 0.484427
vn 0.867059 -0.015151 0.497976
vn 0.639368 0.005584 0.768880
vn 0.738571 -0.005519 0.674153
vn 0.492305 0.281611 0.823609
vn 0.475498 -0.010158 0.879658
vn 0.608706 -0.013301 0.793285
vn 0.555001 0.329685 0.763728
vn 0.282662 0.257546 0.923998
vn 0.251318 -0.009337 0.967860
vn 0.033882 0.257545 0.965672
vn -0.007745 -0.009337 0.999926
vn -0.217206 0.257546 0.941537
vn -0.266282 -0.009337 0.963850
vn -0.409946 0.184231 0.893310
vn -0.459656 -0.005853 0.888078
vn -0.748235 -0.024949 0.662965
vn -0.740443 -0.007711 0.672075
vn -0.620607 -0.012618 0.784020
vn -0.286639 0.011335 0.957972
vn -0.870683 -0.022894 0.491312
vn -0.869835 -0.009337 0.493255
vn -0.968176 -0.022894 0.249223
vn -0.967859 -0.009338 0.251319
vn -0.999689 -0.022894 -0.009852
vn -0.999926 -0.009337 -0.007745
vn -0.963076 -0.022894 -0.268255
vn -0.963850 -0.009338 -0.266282
vn -0.860829 -0.022895 -0.508378
vn -0.862088 -0.009338 -0.506672
vn -0.699920 -0.022894 -0.713854
vn -0.701578 -0.009337 -0.712532
vn -0.491312 -0.022894 -0.870682
vn -0.493255 -0.009337 -0.869835
vn -0.249222 -0.022894 -0.968176
vn -0.251318 -0.009336 -0.967860
vn 0.009852 -0.022894 -0.999689
vn 0.007746 -0.009337 -0.999926
vn 0.268255 -0.022894 -0.963076
vn 0.266282 -0.009338 -0.963850
vn 0.508377 -0.022894 -0.860830
vn 0.506671 -0.009337 -0.862089
vn 0.713853 -0.022895 -0.699921
vn 0.712532 -0.009337 -0.701578
vn 0.870683 -0.022896 -0.491312
vn 0.869834 -0.009336 -0.493256
vn 0.999936 0.009926 0.005369
vn 0.999785 0.013301 0.015919
vn 0.969838 0.013300 -0.243387
vn 0.967254 0.009926 -0.253617
vn 0.964475 0.009926 0.263986
vn 0.961598 0.013300 0.274140
vn 0.876481 0.009924 0.481335
vn 0.863784 0.007377 0.503809
vn 0.653956 0.036174 0.755668
vn 0.734281 0.014634 0.678688
vn 0.494834 0.277068 0.823634
vn 0.468650 0.013058 0.883287
vn 0.608717 0.012073 0.793296
vn 0.556613 0.321150 0.766188
vn 0.284791 0.255218 0.923990
vn 0.243386 0.013301 0.969838
vn 0.035942 0.255219 0.966215
vn -0.015919 0.013301 0.999785
vn -0.215357 0.255220 0.942594
vn -0.274140 0.013300 0.961598
vn -0.408863 0.189625 0.892678
vn -0.462818 0.014363 0.886337
vn -0.745840 0.007855 0.666079
vn -0.744098 0.015988 0.667879
vn -0.621902 0.012378 0.782997
vn -0.307680 0.041067 0.950603
vn -0.868654 0.009926 0.495319
vn -0.873798 0.013300 0.486108
vn -0.967253 0.009927 0.253620
vn -0.969838 0.013300 0.243389
vn -0.999936 0.009926 -0.005370
vn -0.999785 0.013300 -0.015919
vn -0.964475 0.009927 -0.263989
vn -0.961598 0.013301 -0.274140
vn -0.863285 0.009927 -0.504619
vn -0.857879 0.013300 -0.513680
vn -0.703267 0.009926 -0.710857
vn -0.695699 0.013301 -0.718211
vn -0.495319 0.009926 -0.868654
vn -0.486107 0.013301 -0.873798
vn -0.253617 0.009926 -0.967254
vn -0.243386 0.013300 -0.969838
vn 0.005368 0.009926 -0.999936
vn 0.015919 0.013300 -0.999785
vn 0.263989 0.009926 -0.964475
vn 0.274141 0.013300 -0.961598
vn 0.504618 0.009926 -0.863286
vn 0.513679 0.013300 -0.857879
vn 0.710857 0.009926 -0.703267
vn 0.718210 0.013300 -0.695699
vn 0.868655 0.009926 -0.495318
vn 0.873799 0.013300 -0.486106
vn 0.999770 0.020572 0.006002
vn 0.967257 0.020572 -0.252964
vn 0.964151 0.020573 0.264555
vn 0.876106 0.020571 0.481679
vn 0.653816 0.046507 0.755223
vn 0.493587 0.287237 0.820894
vn 0.554568 0.331056 0.763451
vn 0.284289 0.265394 0.921274
vn 0.036159 0.265394 0.963462
vn -0.214435 0.265394 0.939991
vn -0.407909 0.200256 0.890790
vn -0.746099 0.018483 0.665579
vn -0.306921 0.050364 0.950401
vn -0.868827 0.020573 0.494688
vn -0.967258 0.020572 0.252962
vn -0.999770 0.020572 -0.006001
vn -0.964151 0.020573 -0.264556
vn -0.862826 0.020573 -0.505082
vn -0.702700 0.020572 -0.711188
vn -0.494688 0.020573 -0.868827
vn -0.252961 0.020572 -0.967258
vn 0.006001 0.020572 -0.999770
vn 0.264558 0.020572 -0.964150
vn 0.505083 0.020572 -0.862826
vn 0.711188 0.020572 -0.702701
vn 0.868826 0.020573 -0.494690
vn 0.996050 -0.088752 0.002651
vn 0.962796 -0.088751 -0.255239
vn 0.961424 -0.088751 0.260358
vn 0.861279 -0.088751 0.500322
vn 0.755458 -0.088501 0.649193
vn 0.434037 -0.245218 0.866879
vn 0.348861 -0.137537 0.927027
vn 0.210612 -0.268746 0.939903
vn -0.039829 -0.268747 0.962387
vn -0.287556 -0.268747 0.919286
vn -0.327506 -0.237391 0.914541
vn -0.729655 -0.088693 0.678039
vn -0.606400 -0.087998 0.790276
vn -0.863930 -0.088752 0.495729
vn -0.962797 -0.088752 0.255235
vn -0.996050 -0.088752 -0.002651
vn -0.961425 -0.088752 -0.260357
vn -0.861280 -0.088751 -0.500320
vn -0.702439 -0.088751 -0.706188
vn -0.495728 -0.088752 -0.863931
vn -0.255236 -0.088752 -0.962797
vn 0.002651 -0.088752 -0.996050
vn 0.260357 -0.088751 -0.961425
vn 0.500321 -0.088751 -0.861279
vn 0.706189 -0.088752 -0.702439
vn 0.863930 -0.088752 -0.495729
vn 0.997655 -0.068201 -0.005825
vn 0.962153 -0.068202 -0.263837
vn 0.965167 -0.068201 0.252588
vn 0.866906 -0.068201 0.493783
vn 0.782125 -0.067751 0.619428
vn 0.289881 -0.122899 0.949139
vn 0.422620 -0.286806 0.859730
vn 0.209827 -0.315124 0.925565
vn -0.036877 -0.315123 0.948334
vn -0.281067 -0.315124 0.906476
vn -0.389786 -0.441105 0.808390
vn -0.744017 -0.068090 0.664682
vn -0.431630 -0.123148 0.893605
vn -0.861084 -0.068201 0.503868
vn -0.962153 -0.068201 0.263837
vn -0.997655 -0.068201 0.005823
vn -0.965167 -0.068201 -0.252590
vn -0.866906 -0.068201 -0.493784
vn -0.709565 -0.068201 -0.701331
vn -0.503870 -0.068202 -0.861083
vn -0.263835 -0.068202 -0.962154
vn -0.005822 -0.068201 -0.997655
vn 0.252587 -0.068201 -0.965167
vn 0.493785 -0.068202 -0.866905
vn 0.701332 -0.068201 -0.709565
vn 0.861083 -0.068202 -0.503870
vn 0.999719 -0.022896 -0.006063
vn 0.964085 -0.022895 -0.264604
vn 0.967225 -0.022895 0.252888
vn 0.877265 -0.019012 0.479630
vn 0.560017 -0.036471 0.827678
vn -0.745513 -0.022857 0.666099
vn -0.426075 -0.078393 0.901285
vn -0.862750 -0.022895 0.505111
vn -0.964085 -0.022895 0.264603
vn -0.999720 -0.022895 0.006063
vn -0.967225 -0.022895 -0.252889
vn -0.868814 -0.022895 -0.494610
vn -0.711195 -0.022895 -0.702622
vn -0.505111 -0.022895 -0.862751
vn -0.264603 -0.022895 -0.964086
vn -0.006063 -0.022895 -0.999720
vn 0.252889 -0.022895 -0.967225
vn 0.494610 -0.022895 -0.868814
vn 0.702620 -0.022895 -0.711197
vn 0.862751 -0.022895 -0.505111
vn 0.584161 -0.176684 0.792173
vn 0.436586 -0.253391 0.863241
vn 0.214096 -0.271416 0.938348
vn -0.036064 -0.271417 0.961786
vn -0.283762 -0.271416 0.919680
vn -0.398174 -0.397656 0.826636
vn 0.999823 0.009925 -0.015988
vn 0.961617 0.009926 -0.274215
vn 0.969893 0.009925 0.243330
vn 0.882062 0.014459 0.470912
vn 0.530691 -0.006234 0.847542
vn 0.576723 -0.228199 0.784421
vn 0.429008 -0.335277 0.838774
vn 0.212085 -0.358879 0.908970
vn -0.030399 -0.358879 0.932889
vn -0.270813 -0.358879 0.893234
vn -0.372130 -0.509185 0.776048
vn -0.362994 -0.064533 0.929554
vn -0.740838 0.009913 0.671611
vn -0.857879 0.009924 0.513755
vn -0.961616 0.009925 0.274218
vn -0.999823 0.009925 0.015987
vn -0.969892 0.009925 -0.243331
vn -0.873865 0.009924 -0.486067
vn -0.718287 0.009925 -0.695676
vn -0.513758 0.009926 -0.857878
vn -0.274215 0.009925 -0.961617
vn -0.015987 0.009925 -0.999823
vn 0.243330 0.009926 -0.969893
vn 0.486066 0.009926 -0.873865
vn 0.695677 0.009926 -0.718287
vn 0.857878 0.009926 -0.513757
vn 0.999550 0.020568 -0.021832
vn 0.959840 0.020568 -0.279794
vn 0.971142 0.020569 0.237613
vn 0.884627 0.025384 0.465609
vn 0.519754 0.004044 0.854307
vn 0.567762 -0.280503 0.773928
vn 0.419253 -0.403274 0.813386
vn 0.208186 -0.429225 0.878877
vn -0.026377 -0.429226 0.902812
vn -0.259144 -0.429224 0.865223
vn -0.350451 -0.582914 0.733073
vn -0.323958 -0.063504 0.943938
vn -0.737703 0.020550 0.674813
vn -0.854719 0.020569 0.518684
vn -0.959840 0.020567 0.279792
vn -0.999550 0.020567 0.021832
vn -0.971142 0.020566 -0.237614
vn -0.876552 0.020567 -0.480867
vn -0.722227 0.020567 -0.691351
vn -0.518683 0.020567 -0.854719
vn -0.279790 0.020567 -0.959841
vn -0.021832 0.020567 -0.999550
vn 0.237614 0.020568 -0.971142
vn 0.480868 0.020568 -0.876552
vn 0.691351 0.020567 -0.722227
vn 0.854719 0.020567 -0.518683
vn 0.206115 0.918065 0.338635
vn -0.517729 0.094447 0.850315
vn -0.359074 -0.558915 0.747449
vn 0.099328 -0.973408 0.206424
vn 0.120890 0.917775 0.378251
vn 0.048621 -0.973495 0.223480
vn 0.018873 0.917775 0.396651
vn -0.010880 -0.973496 0.228445
vn -0.082268 0.917734 0.388582
vn -0.068997 -0.973399 0.218480
vn 0.413388 0.594591 0.689617
vn 0.708903 -0.211421 0.672873
vn 0.189089 0.925655 0.327733
vn -0.514649 0.090339 0.852628
vn -0.363180 -0.522998 0.771086
vn 0.106034 -0.968437 0.225583
vn 0.115250 0.925764 0.360109
vn 0.052779 -0.968580 0.243036
vn 0.018120 0.925764 0.377668
vn -0.011922 -0.968580 0.248415
vn -0.080246 0.925764 0.369489
vn -0.075810 -0.968579 0.236869
vn -0.150589 0.925020 0.348800
vn -0.112915 -0.968082 0.223759
vn 0.540752 -0.071631 0.838127
vn 0.444296 0.253668 0.859217
vn -0.492645 -0.201833 0.846501
vn 0.174715 -0.955644 0.237108
vn 0.191438 0.940250 0.281569
vn -0.543851 0.022230 0.838888
vn 0.176635 0.942056 0.285186
vn 0.130087 -0.956251 0.262032
vn 0.102421 0.941949 0.319752
vn 0.061968 -0.956320 0.285678
vn 0.016174 0.941949 0.335365
vn -0.014085 -0.956322 0.291976
vn -0.071176 0.941949 0.328124
vn -0.089174 -0.956319 0.278392
vn -0.133329 0.941336 0.310016
vn -0.132466 -0.955690 0.262886
vn 0.540268 -0.051248 0.839931
vn 0.452964 0.268637 0.850093
vn -0.488241 -0.194332 0.850797
vn 0.193329 -0.945488 0.262063
vn 0.173827 0.950905 0.256055
vn -0.544267 0.029394 0.838397
vn 0.160303 0.952499 0.258937
vn 0.144045 -0.946145 0.289931
vn 0.092961 0.952451 0.290164
vn 0.068564 -0.946224 0.316164
vn 0.014694 0.952451 0.304337
vn -0.015601 -0.946224 0.323137
vn -0.064575 0.952451 0.297771
vn -0.098703 -0.946224 0.308089
vn -0.120891 0.951937 0.281428
vn -0.146529 -0.945495 0.290806
vn 0.539551 -0.039212 0.841039
vn 0.454899 0.289680 0.842112
vn -0.488739 -0.186926 0.852170
vn 0.199313 -0.941974 0.270109
vn 0.168092 0.954145 0.247694
vn -0.544417 0.031696 0.838216
vn 0.154933 0.955669 0.250386
vn 0.148557 -0.942645 0.298918
vn 0.089841 0.955637 0.280510
vn 0.070725 -0.942726 0.325983
vn 0.014178 0.955637 0.294204
vn -0.016056 -0.942727 0.333180
vn -0.062450 0.955638 0.287848
vn -0.101742 -0.942727 0.317671
vn -0.116986 0.955158 0.272006
vn -0.151191 -0.941975 0.299708
vn 0.539442 -0.035085 0.841292
vn 0.458599 0.289425 0.840191
vn 0.967563 0.010625 -0.252405
vn 0.435472 -0.895023 -0.096428
vn 0.395677 -0.895023 -0.205850
vn 0.869268 0.010625 -0.494228
vn 0.328916 -0.895023 -0.301244
vn 0.711733 0.010626 -0.702370
vn 0.239741 -0.895023 -0.376110
vn 0.505694 0.010626 -0.862647
vn 0.134228 -0.895023 -0.425343
vn 0.265195 0.010626 -0.964136
vn 0.019567 -0.895023 -0.445591
vn -0.252403 0.010626 -0.967564
vn -0.494227 0.010626 -0.869268
vn -0.301244 -0.895023 -0.328916
vn -0.702370 0.010627 -0.711733
vn -0.376109 -0.895023 -0.239742
vn -0.862647 0.010627 -0.505695
vn -0.425343 -0.895023 -0.134228
vn -0.964137 0.010627 -0.265193
vn -0.445590 -0.895023 -0.019567
vn -0.999922 0.010626 -0.006620
vn -0.435472 -0.895023 0.096427
vn -0.967563 0.010626 0.252406
vn -0.395677 -0.895023 0.205850
vn -0.869268 0.010626 0.494227
vn -0.360397 -0.879053 0.312058
vn -0.734953 0.011594 0.678019
vn -0.338607 -0.831033 0.441281
vn -0.620338 0.004490 0.784322
vn -0.463424 0.006200 0.886115
vn -0.142560 -0.948933 0.281429
vn -0.134228 -0.895023 0.425343
vn -0.265193 0.010626 0.964137
vn -0.019567 -0.895023 0.445591
vn -0.006620 0.010626 0.999922
vn 0.096427 -0.895023 0.435472
vn 0.252403 0.010625 0.967564
vn 0.207275 -0.885497 0.415851
vn 0.476441 0.011212 0.879135
vn 0.338606 -0.831034 0.441281
vn 0.608706 0.013453 0.793282
vn 0.739258 -0.001448 0.673420
vn 0.239560 -0.948805 0.205863
vn 0.376109 -0.895023 0.239741
vn 0.867571 0.005420 0.497283
vn 0.425343 -0.895023 0.134228
vn 0.964137 0.010626 0.265193
vn 0.445591 -0.895023 0.019567
vn 0.999922 0.010627 0.006619
vn 0.715224 0.662614 -0.222257
vn 0.633329 0.662613 -0.399797
vn 0.508274 0.662614 -0.550092
vn 0.348580 0.662614 -0.662899
vn 0.165132 0.662613 -0.730530
vn -0.029570 0.662613 -0.748378
vn -0.222257 0.662614 -0.715224
vn -0.399797 0.662614 -0.633329
vn -0.550092 0.662614 -0.508274
vn -0.662899 0.662614 -0.348581
vn -0.730530 0.662614 -0.165132
vn -0.748377 0.662614 0.029570
vn -0.715224 0.662614 0.222256
vn -0.633329 0.662614 0.399797
vn -0.502266 0.699696 0.508089
vn -0.362287 0.803636 0.472142
vn -0.382705 0.531755 0.755496
vn -0.165132 0.662614 0.730530
vn 0.029570 0.662614 0.748377
vn 0.222256 0.662614 0.715224
vn 0.376812 0.684859 0.623684
vn 0.362287 0.803636 0.472141
vn 0.642562 0.531238 0.552177
vn 0.662899 0.662614 0.348580
vn 0.730530 0.662614 0.165132
vn 0.748377 0.662614 -0.029571
vn 0.978007 -0.208551 0.003136
vn 0.986029 -0.165157 0.021659
vn 0.958037 -0.165157 -0.234284
vn 0.945493 -0.208550 -0.250098
vn 0.943870 -0.208550 0.256157
vn 0.946825 -0.165157 0.276124
vn 0.845411 -0.208550 0.491719
vn 0.843097 -0.165158 0.511772
vn 0.742466 -0.204116 0.638029
vn 0.750359 -0.145526 0.644812
vn 0.468767 -0.209083 0.858220
vn 0.457159 -0.167486 0.873472
vn 0.599110 -0.177356 0.780777
vn 0.595122 -0.210500 0.775577
vn 0.250097 -0.208550 0.945494
vn 0.234282 -0.165157 0.958037
vn -0.003136 -0.208550 0.978007
vn -0.021659 -0.165157 0.986029
vn -0.256156 -0.208550 0.943870
vn -0.276125 -0.165158 0.946825
vn -0.442351 -0.204381 0.873243
vn -0.447066 -0.145719 0.882552
vn -0.716638 -0.209388 0.665272
vn -0.733400 -0.168932 0.658473
vn -0.599110 -0.177355 0.780777
vn -0.595121 -0.210499 0.775578
vn -0.848547 -0.208550 0.486287
vn -0.864756 -0.165157 0.474257
vn -0.945494 -0.208550 0.250097
vn -0.958037 -0.165157 0.234282
vn -0.978007 -0.208550 -0.003136
vn -0.986029 -0.165158 -0.021659
vn -0.943870 -0.208550 -0.256156
vn -0.946825 -0.165158 -0.276125
vn -0.845410 -0.208551 -0.491720
vn -0.843097 -0.165157 -0.511772
vn -0.689337 -0.208550 -0.693773
vn -0.681913 -0.165157 -0.712543
vn -0.486287 -0.208550 -0.848547
vn -0.474257 -0.165158 -0.864756
vn -0.250096 -0.208550 -0.945494
vn -0.234281 -0.165158 -0.958037
vn 0.003137 -0.208550 -0.978007
vn 0.021659 -0.165158 -0.986029
vn 0.256157 -0.208550 -0.943870
vn 0.276125 -0.165158 -0.946825
vn 0.491720 -0.208550 -0.845410
vn 0.511772 -0.165157 -0.843097
vn 0.693773 -0.208550 -0.689337
vn 0.712544 -0.165157 -0.681912
vn 0.848547 -0.208550 -0.486287
vn 0.864756 -0.165158 -0.474257
vn 0.997354 -0.068181 0.025229
vn 0.999186 -0.036122 -0.017968
vn 0.960488 -0.036121 -0.275967
vn 0.969899 -0.068181 -0.233767
vn 0.956840 -0.068181 0.282504
vn 0.969790 -0.036121 0.241253
vn 0.851120 -0.068181 0.520525
vn 0.874304 -0.036122 0.484032
vn 0.772739 -0.067866 0.631086
vn 0.756947 -0.023179 0.653065
vn 0.440690 0.455446 0.773538
vn 0.497375 -0.037125 0.866741
vn 0.601734 -0.052766 0.796952
vn 0.154867 0.199818 0.967517
vn 0.255492 0.431739 0.865058
vn 0.275964 -0.036122 0.960489
vn 0.022894 0.431739 0.901708
vn 0.017968 -0.036122 0.999186
vn -0.211266 0.431738 0.876909
vn -0.241253 -0.036123 0.969790
vn -0.426877 0.277570 0.860657
vn -0.445235 -0.028122 0.894972
vn -0.755085 -0.070582 0.651817
vn -0.727046 -0.034388 0.685727
vn -0.608189 -0.043358 0.792607
vn -0.193416 -0.020511 0.980902
vn -0.876349 -0.068181 0.476827
vn -0.856337 -0.036122 0.515153
vn -0.969900 -0.068181 0.233766
vn -0.960489 -0.036122 0.275965
vn -0.997354 -0.068181 -0.025230
vn -0.999186 -0.036122 0.017968
vn -0.956840 -0.068181 -0.282503
vn -0.969790 -0.036122 -0.241252
vn -0.851119 -0.068181 -0.520527
vn -0.874304 -0.036122 -0.484033
vn -0.687396 -0.068181 -0.723075
vn -0.719236 -0.036122 -0.693827
vn -0.476828 -0.068181 -0.876348
vn -0.515154 -0.036122 -0.856336
vn -0.233764 -0.068181 -0.969900
vn -0.275964 -0.036122 -0.960489
vn 0.025229 -0.068181 -0.997354
vn -0.017968 -0.036122 -0.999186
vn 0.282503 -0.068181 -0.956840
vn 0.241252 -0.036122 -0.969790
vn 0.520527 -0.068181 -0.851119
vn 0.484033 -0.036122 -0.874304
vn 0.723075 -0.068181 -0.687396
vn 0.693826 -0.036122 -0.719236
vn 0.876348 -0.068180 -0.476828
vn 0.856336 -0.036123 -0.515153
vn 0.995754 -0.088725 0.024534
vn 0.997089 -0.074446 -0.016454
vn 0.958856 -0.074447 -0.273958
vn 0.968175 -0.088725 -0.234021
vn 0.955474 -0.088725 0.281420
vn 0.967372 -0.074446 0.242174
vn 0.850080 -0.088725 0.519126
vn 0.871730 -0.074447 0.484297
vn 0.755458 -0.088501 0.649193
vn 0.765073 -0.069850 0.640144
vn 0.454614 0.431877 0.778979
vn 0.488995 -0.070809 0.869408
vn 0.607419 -0.066373 0.791604
vn 0.262527 0.138653 0.954911
vn 0.259328 0.400153 0.878992
vn 0.273958 -0.074447 0.958856
vn 0.022993 0.400154 0.916160
vn 0.016453 -0.074446 0.997089
vn -0.215015 0.389904 0.895401
vn -0.242174 -0.074446 0.967372
vn 0.002197 0.043993 0.999029
vn -0.444496 -0.069218 0.893103
vn -0.742677 -0.088614 0.663760
vn -0.726323 -0.071521 0.683622
vn -0.607432 -0.066075 0.791619
vn -0.606398 -0.087998 0.790277
vn -0.874617 -0.088726 0.476627
vn -0.855278 -0.074446 0.512793
vn -0.968175 -0.088725 0.234021
vn -0.958856 -0.074446 0.273958
vn -0.995754 -0.088724 -0.024536
vn -0.997089 -0.074446 0.016453
vn -0.955474 -0.088725 -0.281419
vn -0.967372 -0.074447 -0.242175
vn -0.850080 -0.088725 -0.519125
vn -0.871731 -0.074447 -0.484296
vn -0.686755 -0.088725 -0.721454
vn -0.716682 -0.074446 -0.693415
vn -0.476628 -0.088725 -0.874616
vn -0.512793 -0.074447 -0.855278
vn -0.234020 -0.088725 -0.968175
vn -0.273957 -0.074447 -0.958856
vn 0.024536 -0.088725 -0.995754
vn -0.016452 -0.074447 -0.997089
vn 0.281419 -0.088725 -0.955474
vn 0.242174 -0.074447 -0.967372
vn 0.519126 -0.088725 -0.850080
vn 0.484296 -0.074447 -0.871731
vn 0.721453 -0.088725 -0.686756
vn 0.693415 -0.074447 -0.716682
vn 0.874616 -0.088725 -0.476628
vn 0.855278 -0.074447 -0.512793
vn 0.999926 -0.009337 0.007745
vn 0.967859 -0.009337 -0.251319
vn 0.968176 -0.022895 -0.249222
vn 0.963076 -0.022895 0.268254
vn 0.963850 -0.009337 0.266281
vn 0.874532 -0.022896 0.484428
vn 0.867059 -0.015151 0.497976
vn 0.639367 0.005585 0.768881
vn 0.738570 -0.005520 0.674154
vn 0.492304 0.281611 0.823609
vn 0.475499 -0.010158 0.879658
vn 0.608707 -0.013301 0.793284
vn 0.555001 0.329686 0.763728
vn 0.282663 0.257546 0.923998
vn 0.251319 -0.009337 0.967859
vn 0.033882 0.257546 0.965672
vn -0.007745 -0.009337 0.999926
vn -0.217206 0.257546 0.941537
vn -0.266282 -0.009338 0.963850
vn -0.409947 0.184230 0.893310
vn -0.459656 -0.005853 0.888078
vn -0.748235 -0.024950 0.662964
vn -0.740443 -0.007710 0.672075
vn -0.620606 -0.012618 0.784021
vn -0.286639 0.011335 0.957972
vn -0.870683 -0.022894 0.491312
vn -0.869835 -0.009337 0.493255
vn -0.968175 -0.022894 0.249224
vn -0.967859 -0.009337 0.251319
vn -0.999689 -0.022895 -0.009852
vn -0.999926 -0.009337 -0.007746
vn -0.963076 -0.022895 -0.268255
vn -0.963850 -0.009336 -0.266280
vn -0.860830 -0.022894 -0.508378
vn -0.862089 -0.009336 -0.506671
vn -0.699921 -0.022894 -0.713853
vn -0.701577 -0.009337 -0.712532
vn -0.491313 -0.022894 -0.870682
vn -0.493255 -0.009338 -0.869835
vn -0.249221 -0.022895 -0.968176
vn -0.251318 -0.009337 -0.967860
vn 0.009852 -0.022894 -0.999689
vn 0.007746 -0.009337 -0.999926
vn 0.268255 -0.022895 -0.963076
vn 0.266282 -0.009337 -0.963850
vn 0.508378 -0.022895 -0.860830
vn 0.506671 -0.009337 -0.862089
vn 0.713853 -0.022894 -0.699921
vn 0.712531 -0.009337 -0.701578
vn 0.870682 -0.022894 -0.491314
vn 0.869834 -0.009338 -0.493255
vn 0.999936 0.009926 0.005368
vn 0.999785 0.013301 0.015918
vn 0.969838 0.013300 -0.243387
vn 0.967254 0.009926 -0.253617
vn 0.964475 0.009926 0.263987
vn 0.961598 0.013301 0.274140
vn 0.876481 0.009925 0.481334
vn 0.863784 0.007377 0.503809
vn 0.653955 0.036174 0.755668
vn 0.734280 0.014633 0.678689
vn 0.494834 0.277068 0.823634
vn 0.468650 0.013058 0.883287
vn 0.608717 0.012073 0.793296
vn 0.556612 0.321150 0.766189
vn 0.284791 0.255218 0.923990
vn 0.243386 0.013301 0.969838
vn 0.035942 0.255219 0.966215
vn -0.015919 0.013301 0.999785
vn -0.215357 0.255219 0.942595
vn -0.274140 0.013300 0.961598
vn -0.408863 0.189625 0.892678
vn -0.462818 0.014364 0.886337
vn -0.745838 0.007855 0.666081
vn -0.744097 0.015989 0.667880
vn -0.621899 0.012379 0.782999
vn -0.307681 0.041067 0.950603
vn -0.868655 0.009926 0.495319
vn -0.873799 0.013301 0.486106
vn -0.967254 0.009926 0.253617
vn -0.969838 0.013300 0.243387
vn -0.999936 0.009926 -0.005368
vn -0.999785 0.013301 -0.015919
vn -0.964475 0.009926 -0.263989
vn -0.961598 0.013300 -0.274141
vn -0.863285 0.009926 -0.504619
vn -0.857879 0.013301 -0.513679
vn -0.703266 0.009926 -0.710857
vn -0.695698 0.013301 -0.718211
vn -0.495319 0.009926 -0.868654
vn -0.486106 0.013301 -0.873798
vn -0.253617 0.009926 -0.967254
vn -0.243386 0.013301 -0.969838
vn 0.005368 0.009926 -0.999936
vn 0.015919 0.013300 -0.999785
vn 0.263989 0.009926 -0.964475
vn 0.274141 0.013300 -0.961598
vn 0.504618 0.009926 -0.863286
vn 0.513679 0.013301 -0.857879
vn 0.710858 0.009926 -0.703266
vn 0.718211 0.013301 -0.695698
vn 0.868654 0.009926 -0.495320
vn 0.873798 0.013301 -0.486106
vn 0.999770 0.020572 0.006002
vn 0.967257 0.020572 -0.252964
vn 0.876107 0.020571 0.481678
vn 0.653817 0.046507 0.755222
vn 0.493587 0.287237 0.820894
vn 0.554568 0.331057 0.763450
vn 0.284289 0.265393 0.921274
vn 0.036159 0.265394 0.963462
vn -0.214434 0.265394 0.939991
vn -0.407909 0.200257 0.890790
vn -0.746099 0.018482 0.665579
vn -0.306921 0.050364 0.950401
vn -0.868828 0.020572 0.494687
vn -0.967257 0.020572 0.252963
vn -0.999770 0.020572 -0.006002
vn -0.964151 0.020572 -0.264557
vn -0.862826 0.020573 -0.505083
vn -0.702701 0.020573 -0.711188
vn -0.494688 0.020573 -0.868827
vn -0.252961 0.020572 -0.967258
vn 0.006001 0.020572 -0.999770
vn 0.264558 0.020572 -0.964150
vn 0.505083 0.020572 -0.862826
vn 0.711188 0.020572 -0.702701
vn 0.868827 0.020573 -0.494688
vn 0.996050 -0.088752 0.002650
vn 0.962797 -0.088752 -0.255237
vn 0.961425 -0.088751 0.260357
vn 0.861279 -0.088752 0.500322
vn 0.755457 -0.088501 0.649193
vn 0.434037 -0.245218 0.866879
vn 0.348861 -0.137537 0.927027
vn 0.210613 -0.268747 0.939903
vn -0.039828 -0.268747 0.962387
vn -0.287556 -0.268747 0.919286
vn -0.327505 -0.237391 0.914541
vn -0.729656 -0.088692 0.678039
vn -0.606398 -0.087998 0.790277
vn -0.863931 -0.088751 0.495729
vn -0.962797 -0.088752 0.255235
vn -0.996050 -0.088751 -0.002651
vn -0.961425 -0.088751 -0.260357
vn -0.861279 -0.088751 -0.500321
vn -0.702439 -0.088751 -0.706189
vn -0.495729 -0.088751 -0.863931
vn -0.255236 -0.088751 -0.962797
vn 0.002651 -0.088751 -0.996050
vn 0.260357 -0.088751 -0.961425
vn 0.500321 -0.088751 -0.861279
vn 0.706189 -0.088752 -0.702439
vn 0.863930 -0.088751 -0.495730
vn 0.997655 -0.068201 -0.005825
vn 0.962153 -0.068201 -0.263837
vn 0.965167 -0.068202 0.252590
vn 0.866906 -0.068201 0.493784
vn 0.782127 -0.067749 0.619425
vn 0.289881 -0.122899 0.949139
vn 0.422619 -0.286805 0.859730
vn 0.209827 -0.315123 0.925565
vn -0.036877 -0.315123 0.948334
vn -0.281067 -0.315123 0.906476
vn -0.389785 -0.441105 0.808389
vn -0.744016 -0.068089 0.664683
vn -0.431633 -0.123147 0.893604
vn -0.861083 -0.068201 0.503870
vn -0.962153 -0.068202 0.263836
vn -0.997655 -0.068202 0.005822
vn -0.965167 -0.068201 -0.252588
vn -0.866906 -0.068201 -0.493784
vn -0.709565 -0.068202 -0.701332
vn -0.503870 -0.068202 -0.861083
vn -0.263835 -0.068202 -0.962154
vn -0.005822 -0.068202 -0.997655
vn 0.252588 -0.068201 -0.965167
vn 0.493785 -0.068201 -0.866906
vn 0.701332 -0.068202 -0.709565
vn 0.861083 -0.068202 -0.503870
vn 0.999719 -0.022896 -0.006063
vn 0.964085 -0.022895 -0.264606
vn 0.967224 -0.022895 0.252889
vn 0.877264 -0.019012 0.479632
vn 0.560016 -0.036470 0.827679
vn -0.745513 -0.022857 0.666099
vn -0.426076 -0.078392 0.901285
vn -0.862751 -0.022895 0.505110
vn -0.964085 -0.022895 0.264604
vn -0.999720 -0.022895 0.006064
vn -0.967224 -0.022895 -0.252889
vn -0.711196 -0.022895 -0.702621
vn -0.505111 -0.022895 -0.862750
vn -0.264603 -0.022895 -0.964086
vn -0.006063 -0.022895 -0.999720
vn 0.252889 -0.022895 -0.967225
vn 0.494610 -0.022895 -0.868814
vn 0.702621 -0.022895 -0.711196
vn 0.862750 -0.022895 -0.505112
vn 0.584164 -0.176683 0.792172
vn 0.436586 -0.253391 0.863241
vn 0.214095 -0.271416 0.938348
vn -0.036064 -0.271417 0.961786
vn -0.283762 -0.271417 0.919680
vn -0.398174 -0.397655 0.826637
vn 0.999823 0.009925 -0.015987
vn 0.961617 0.009925 -0.274217
vn 0.969893 0.009925 0.243329
vn 0.882061 0.014458 0.470914
vn 0.530691 -0.006234 0.847542
vn 0.576724 -0.228199 0.784420
vn 0.429009 -0.335279 0.838773
vn 0.212086 -0.358879 0.908969
vn -0.030399 -0.358879 0.932889
vn -0.270813 -0.358878 0.893234
vn -0.372130 -0.509185 0.776047
vn -0.362995 -0.064534 0.929554
vn -0.740837 0.009913 0.671612
vn -0.857879 0.009925 0.513756
vn -0.961617 0.009925 0.274216
vn -0.999823 0.009925 0.015987
vn -0.969893 0.009925 -0.243330
vn -0.873865 0.009924 -0.486068
vn -0.718286 0.009924 -0.695677
vn -0.513758 0.009925 -0.857878
vn -0.274215 0.009925 -0.961617
vn -0.015987 0.009925 -0.999823
vn 0.243330 0.009925 -0.969893
vn 0.486067 0.009925 -0.873865
vn 0.695677 0.009925 -0.718286
vn 0.857878 0.009925 -0.513757
vn 0.999550 0.020568 -0.021832
vn 0.959840 0.020568 -0.279793
vn 0.971142 0.020568 0.237614
vn 0.884627 0.025383 0.465609
vn 0.519754 0.004044 0.854307
vn 0.567762 -0.280503 0.773928
vn 0.419253 -0.403274 0.813387
vn 0.208186 -0.429226 0.878876
vn -0.026377 -0.429225 0.902812
vn -0.259143 -0.429224 0.865223
vn -0.350450 -0.582914 0.733073
vn -0.323957 -0.063504 0.943938
vn -0.737702 0.020549 0.674814
vn -0.854720 0.020568 0.518682
vn -0.959841 0.020568 0.279791
vn -0.999550 0.020568 0.021833
vn -0.971142 0.020568 -0.237615
vn -0.876552 0.020568 -0.480867
vn -0.722227 0.020568 -0.691351
vn -0.518684 0.020568 -0.854719
vn -0.279790 0.020568 -0.959841
vn -0.021832 0.020567 -0.999550
vn 0.237614 0.020568 -0.971142
vn 0.480868 0.020568 -0.876552
vn 0.691350 0.020568 -0.722227
vn 0.854720 0.020568 -0.518682
vn 0.206115 0.918064 0.338636
vn -0.517729 0.094447 0.850315
vn -0.359074 -0.558915 0.747449
vn 0.099328 -0.973408 0.206423
vn 0.120890 0.917775 0.378251
vn 0.048621 -0.973495 0.223479
vn 0.018873 0.917775 0.396651
vn -0.010880 -0.973496 0.228445
vn -0.082268 0.917734 0.388582
vn -0.068997 -0.973399 0.218480
vn 0.413387 0.594589 0.689619
vn 0.708904 -0.211419 0.672872
vn 0.189089 0.925655 0.327733
vn -0.514651 0.090340 0.852627
vn -0.363180 -0.522997 0.771086
vn 0.106034 -0.968436 0.225583
vn 0.052779 -0.968580 0.243036
vn 0.018120 0.925764 0.377668
vn -0.011922 -0.968580 0.248415
vn -0.080246 0.925764 0.369489
vn -0.075809 -0.968579 0.236869
vn -0.150589 0.925020 0.348799
vn 0.540752 -0.071631 0.838127
vn 0.444296 0.253669 0.859217
vn -0.492647 -0.201831 0.846500
vn 0.174715 -0.955644 0.237107
vn 0.191437 0.940250 0.281570
vn -0.543853 0.022230 0.838886
vn 0.176635 0.942056 0.285186
vn 0.130086 -0.956251 0.262032
vn 0.102421 0.941949 0.319752
vn 0.061968 -0.956320 0.285678
vn 0.016174 0.941949 0.335365
vn -0.014085 -0.956322 0.291977
vn -0.071176 0.941949 0.328124
vn -0.089174 -0.956319 0.278392
vn -0.133329 0.941336 0.310016
vn -0.132466 -0.955690 0.262886
vn 0.540268 -0.051247 0.839931
vn 0.452964 0.268637 0.850093
vn -0.488243 -0.194332 0.850796
vn 0.193329 -0.945488 0.262063
vn 0.173827 0.950905 0.256056
vn -0.544267 0.029392 0.838397
vn 0.160302 0.952499 0.258937
vn 0.144044 -0.946146 0.289930
vn 0.092961 0.952451 0.290164
vn 0.068565 -0.946224 0.316164
vn 0.014694 0.952451 0.304337
vn -0.015601 -0.946224 0.323137
vn -0.064575 0.952451 0.297771
vn -0.098703 -0.946224 0.308088
vn -0.120891 0.951937 0.281428
vn -0.146529 -0.945495 0.290806
vn 0.539555 -0.039213 0.841037
vn 0.454902 0.289683 0.842109
vn -0.488737 -0.186926 0.852171
vn 0.199314 -0.941974 0.270108
vn 0.168092 0.954145 0.247693
vn -0.544416 0.031696 0.838216
vn 0.154932 0.955669 0.250385
vn 0.148556 -0.942645 0.298918
vn 0.089841 0.955637 0.280510
vn 0.070725 -0.942727 0.325982
vn 0.014178 0.955637 0.294204
vn -0.016056 -0.942727 0.333180
vn -0.062450 0.955638 0.287848
vn -0.101742 -0.942727 0.317671
vn -0.116986 0.955158 0.272005
vn -0.151190 -0.941975 0.299708
vn 0.539441 -0.035086 0.841292
vn 0.458598 0.289428 0.840190
vn 0.010414 0.018575 0.999773
vn -0.010414 0.019213 0.999761
vn -0.010378 -0.084789 0.996345
vn 0.010287 -0.156886 0.987563
vn 0.010278 -0.162321 -0.986685
vn -0.010415 -0.011337 -0.999882
vn -0.010414 0.018575 -0.999773
vn 0.010414 0.019213 -0.999761
vn 0.993860 -0.026139 0.107513
vn 0.993584 -0.035189 -0.107483
vn -0.994075 0.015848 0.107538
vn -0.993949 0.022433 -0.107524
vn -0.867919 -0.487751 -0.093891
vn -0.657397 -0.750181 0.071116
vn -0.686527 -0.508267 0.519947
vn -0.603656 0.017655 0.797050
vn 0.601732 -0.081593 0.794519
vn 0.797050 0.017655 0.603655
vn -0.536532 -0.458554 -0.708422
vn -0.797051 0.017655 -0.603654
vn 0.797151 -0.007681 -0.603731
vn 0.603651 0.017655 -0.797053
vn -0.017576 0.999843 0.002373
vn -0.600377 0.105471 0.792732
vn -0.003188 0.264744 0.964314
vn 0.010586 0.572835 0.819603
vn 0.066926 0.996470 0.050687
vn 0.071481 0.997437 0.003194
vn 0.047133 0.998868 -0.006364
vn 0.047699 0.996874 -0.062981
vn 0.002153 0.759032 -0.651050
vn -0.005522 0.903990 -0.427518
vn -0.605974 0.649743 -0.458944
vn -0.700563 0.477171 0.530583
vn -0.009965 0.636080 0.771559
vn 0.003230 0.212989 0.977049
vn 0.530580 0.477166 0.700569
vn 0.825461 0.553345 0.111463
vn 0.952714 0.300872 -0.042570
vn 0.700567 0.477168 -0.530581
vn 0.009965 0.636080 -0.771559
vn -0.003230 0.212989 -0.977049
vn -0.530578 0.477168 -0.700569
vn -0.952714 0.300873 0.042571
vn -0.000000 0.000000 1.000000
vn 0.136773 0.000000 0.990602
vn -0.603748 0.000000 0.797175
vn -0.707107 0.000000 0.707107
vn -0.990602 0.000000 0.136773
vn -1.000000 0.000000 -0.000001
vn -0.797175 0.000000 -0.603748
vn -0.707107 0.000000 -0.707107
vn -0.136774 0.000000 -0.990602
vn 0.000000 0.000000 -1.000000
vn 0.603748 0.000000 -0.797175
vn 0.707107 0.000000 -0.707107
vn 0.990602 0.000000 -0.136774
vn 1.000000 0.000000 0.000000
vn 0.797175 0.000000 0.603748
vn 0.707107 0.000000 0.707107
vn -0.707107 0.000000 0.707107
vn -1.000000 0.000000 -0.000001
vn -0.000000 0.000000 1.000000
vn -0.707107 0.000000 0.707107
vn -1.000000 0.000000 -0.000001
vn -0.707107 0.000000 -0.707107
vn 0.000000 0.000000 -1.000000
vn 0.707107 0.000000 -0.707107
vn 1.000000 0.000000 -0.000000
vn 0.707107 0.000000 0.707107
vn -0.000000 0.000000 1.000000
vn -0.707107 0.000000 0.707107
vn -1.000000 0.000000 -0.000001
vn -0.707107 0.000000 -0.707107
vn 0.000000 0.000000 -1.000000
vn 0.707107 0.000000 -0.707107
vn 1.000000 0.000000 0.000000
vn 0.707107 0.000000 0.707107
vn -0.707107 0.000000 0.707107
vn -1.000000 0.000000 -0.000001
vn 0.707107 0.000000 -0.707107
vn -0.000001 0.000000 1.000000
vn -0.707107 0.000000 0.707107
vn -1.000000 0.000000 -0.000001
vn -0.707107 0.000000 -0.707107
vn 0.000000 0.000000 -1.000000
vn 0.707107 0.000000 -0.707107
vn 1.000000 0.000000 0.000000
vn 0.707107 0.000000 0.707107
vn -0.000000 0.000000 1.000000
vn -0.707107 0.000000 0.707107
vn -1.000000 0.000000 -0.000001
vn -0.707107 0.000000 -0.707107
vn -0.000000 0.000000 -1.000000
vn 1.000000 0.000000 -0.000000
vn 0.707107 0.000000 0.707107
vn -0.181622 0.000000 -0.983369
vn 0.566920 0.000000 -0.823773
vn 0.983369 0.000000 -0.181621
vn 0.823772 0.000000 0.566921
vn 0.181622 0.000000 0.983368
vn -0.566920 0.000000 0.823773
vn -0.983369 0.000000 0.181622
vn -0.823773 0.000000 -0.566920
vn 0.738084 0.000000 0.674709
vn 0.044814 0.000000 0.998995
vn -0.674708 0.000000 0.738084
vn -0.998995 0.000000 0.044812
vn -0.738085 0.000000 -0.674707
vn -0.044813 0.000000 -0.998995
vn 0.674708 0.000000 -0.738084
vn 0.998995 0.000000 -0.044814
vn -0.109579 0.000000 0.993978
vn -0.780333 0.000000 0.625365
vn -0.993978 0.000000 -0.109579
vn -0.625365 0.000000 -0.780332
vn 0.109579 0.000000 -0.993978
vn 0.780333 0.000000 -0.625365
vn 0.993978 0.000000 0.109579
vn 0.625365 0.000000 0.780333
vn -0.000000 0.000000 1.000000
vn -1.000000 0.000000 -0.000001
vn 0.000000 0.000000 -1.000000
vn 1.000000 0.000000 0.000000
vn -0.000000 0.000000 1.000000
vn -1.000000 0.000000 -0.000001
vn 0.000000 0.000000 -1.000000
vn 0.707107 0.000000 -0.707107
vn 1.000000 0.000000 -0.000000
vn -0.000000 0.000000 1.000000
vn -1.000000 0.000000 -0.000001
vn -0.707107 0.000000 -0.707107
vn 0.000000 0.000000 -1.000000
vn -0.000000 0.000000 1.000000
vn -0.707107 0.000000 0.707107
vn -1.000000 0.000000 -0.000001
vn 0.000000 0.000000 -1.000000
vn 0.707107 0.000000 -0.707107
vn 1.000000 0.000000 0.000000
vn -0.000000 0.000000 1.000000
vn -1.000000 0.000000 -0.000001
vn 0.000000 0.000000 -1.000000
vn 0.707107 0.000000 -0.707107
vn 1.000000 0.000000 -0.000000
vn 0.707107 0.000000 0.707107
vn -0.000000 0.000000 1.000000
vn -1.000000 0.000000 -0.000001
vn -0.000000 0.000000 1.000000
vn -1.000000 0.000000 -0.000001
vn 0.707107 0.000000 0.707107
vn -0.000000 0.000000 1.000000
vn -0.707107 0.000000 0.707107
vn -1.000000 0.000000 -0.000001
vn 0.000000 0.000000 -1.000000
vn 0.707107 0.000000 -0.707107
vn 0.707107 0.000000 -0.707107
vn -0.000000 0.000000 1.000000
vn -0.707107 0.000000 0.707107
vn -1.000000 0.000000 -0.000001
vn -0.707107 0.000000 -0.707107
vn 0.000000 0.000000 -1.000000
vn 0.707107 0.000000 -0.707107
vn 1.000000 0.000000 0.000000
vn -0.000000 0.000000 1.000000
vn -0.707107 0.000000 0.707107
vn -1.000000 0.000000 -0.000001
vn 0.000000 0.000000 -1.000000
vn 1.000000 0.000000 -0.000000
vn -0.000000 0.000000 1.000000
vn -1.000000 0.000000 -0.000001
vn -0.707107 0.000000 -0.707107
vn 0.000000 0.000000 -1.000000
vn 1.000000 0.000000 0.000000
vn -0.707107 0.000000 0.707107
vn -1.000000 0.000000 -0.000001
vn 0.000000 0.000000 -1.000000
vn 1.000000 0.000000 0.000000
vn -0.000000 0.000000 1.000000
vn -1.000000 0.000000 -0.000001
vn 0.000000 0.000000 -1.000000
vn 1.000000 0.000000 -0.000000
vn -1.000000 0.000000 -0.000001
vn 0.000000 0.000000 -1.000000
vn -0.000994 0.000000 1.000000
vn -0.707809 0.000000 0.706404
vn -1.000000 0.000000 -0.000994
vn -0.706404 0.000000 -0.707809
vn 0.000993 0.000000 -1.000000
vn 0.707809 0.000000 -0.706404
vn 1.000000 0.000000 0.000993
vn 0.706404 0.000000 0.707809
vn -0.000000 0.000000 1.000000
vn -1.000000 0.000000 -0.000001
vn -0.707107 0.000000 -0.707107
vn 0.000000 0.000000 -1.000000
vn 1.000000 0.000000 -0.000000
vn -0.000000 0.000000 1.000000
vn -1.000000 0.000000 -0.000001
vn 0.000000 0.000000 -1.000000
vn 1.000000 0.000000 0.000000
vn 0.707107 0.000000 0.707107
vn -0.000000 0.000000 1.000000
vn -1.000000 0.000000 -0.000001
vn 0.000000 0.000000 -1.000000
vn -0.000000 0.000000 1.000000
vn -1.000000 0.000000 -0.000001
vn 0.000000 0.000000 -1.000000
vn 0.707107 0.000000 -0.707107
vn 1.000000 0.000000 -0.000000
vn -0.000000 0.000000 1.000000
vn -1.000000 0.000000 -0.000001
vn 0.000000 0.000000 -1.000000
vn 1.000000 0.000000 0.000000
vn 1.000000 0.000000 0.000000
vn 0.007941 0.000000 0.999969
vn -0.999962 0.000000 -0.008752
vn -0.698379 0.000000 -0.715728
vn 0.008258 0.000000 -0.999966
vn 0.999972 0.000000 -0.007533
vn 0.714656 0.000000 0.699476
vn 0.010407 -0.029248 0.999518
vn -0.680992 0.118623 0.722619
vn -0.981134 0.193329 -0.000019
vn -0.675062 0.148583 -0.722644
vn 0.020756 0.023107 -0.999518
vn 0.698456 -0.115097 -0.706337
vn 0.981133 -0.193335 0.000013
vn 0.689887 -0.158479 0.706357
vn 0.007642 -0.003134 0.999966
vn -0.646158 0.264971 0.715730
vn -0.925193 0.379396 0.008753
vn -0.654235 0.268284 -0.707107
vn 0.007349 -0.003014 -0.999969
vn 0.661221 -0.271148 -0.699475
vn 0.925202 -0.379399 0.007534
vn 0.654235 -0.268284 0.707107
vn -0.000000 0.000000 1.000000
vn -0.654235 0.268283 0.707107
vn -0.925229 0.379410 -0.000000
vn -0.654235 0.268283 -0.707107
vn 0.000000 -0.000000 -1.000000
vn 0.654235 -0.268283 -0.707107
vn 0.925228 -0.379411 0.000001
vn 0.654235 -0.268284 0.707107
vn -0.000000 0.000000 1.000000
vn -0.654235 0.268284 0.707107
vn -0.925228 0.379410 -0.000000
vn -0.654235 0.268284 -0.707107
vn 0.000000 -0.000000 -1.000000
vn 0.654235 -0.268284 -0.707107
vn 0.925228 -0.379410 0.000001
vn 0.654236 -0.268283 0.707106
vn -0.000000 0.000000 1.000000
vn -0.654235 0.268284 0.707107
vn -0.925228 0.379411 0.000000
vn -0.654235 0.268284 -0.707107
vn 0.000000 -0.000000 -1.000000
vn 0.654235 -0.268283 -0.707107
vn 0.925229 -0.379410 0.000001
vn 0.654235 -0.268284 0.707107
vn -0.000000 0.000000 1.000000
vn -0.654235 0.268284 0.707107
vn -0.925228 0.379410 0.000001
vn -0.654235 0.268283 -0.707107
vn -0.000000 -0.000000 -1.000000
vn 0.654235 -0.268284 -0.707107
vn 0.925228 -0.379410 -0.000000
vn 0.654235 -0.268283 0.707107
vn -0.000000 0.000000 1.000000
vn -0.654235 0.268284 0.707107
vn -0.925229 0.379410 -0.000001
vn -0.654235 0.268284 -0.707107
vn 0.000000 -0.000000 -1.000000
vn 0.654235 -0.268283 -0.707107
vn 0.925228 -0.379410 0.000000
vn 0.654235 -0.268284 0.707107
vn 0.000000 0.000000 1.000000
vn -0.654235 0.268284 0.707107
vn -0.925229 0.379410 -0.000000
vn -0.654235 0.268283 -0.707107
vn 0.000000 -0.000000 -1.000000
vn 0.654235 -0.268284 -0.707107
vn 0.925228 -0.379410 0.000000
vn 0.654236 -0.268283 0.707107
vn -0.000001 0.000000 1.000000
vn -0.654236 0.268284 0.707106
vn -0.925228 0.379410 0.000000
vn 0.000000 -0.000000 -1.000000
vn 0.654235 -0.268284 -0.707107
vn 0.925228 -0.379410 0.000001
vn 0.654235 -0.268284 0.707107
vn -0.000000 0.000000 1.000000
vn -0.654235 0.268284 0.707107
vn -0.925228 0.379411 0.000001
vn -0.654235 0.268283 -0.707107
vn -0.000000 -0.000000 -1.000000
vn 0.654235 -0.268284 -0.707107
vn 0.925229 -0.379410 -0.000000
vn 0.654235 -0.268283 0.707107
vn -0.000000 0.000000 1.000000
vn -0.654235 0.268283 0.707107
vn -0.925229 0.379410 -0.000001
vn -0.654235 0.268283 -0.707107
vn 0.000000 -0.000000 -1.000000
vn 0.654235 -0.268283 -0.707107
vn 0.925229 -0.379410 0.000000
vn 0.654235 -0.268283 0.707107
vn 0.000000 0.000000 1.000000
vn -0.654235 0.268284 0.707107
vn -0.925229 0.379410 -0.000000
vn -0.654235 0.268284 -0.707107
vn 0.000000 -0.000000 -1.000000
vn 0.654235 -0.268283 -0.707107
vn 0.925228 -0.379410 0.000001
vn 0.654236 -0.268283 0.707106
vn -0.000000 0.000000 1.000000
vn -0.654236 0.268284 0.707106
vn -0.925228 0.379410 0.000001
vn -0.654235 0.268284 -0.707107
vn 0.000000 -0.000000 -1.000000
vn 0.654235 -0.268284 -0.707107
vn 0.925229 -0.379410 0.000000
vn 0.654236 -0.268284 0.707107
vn 0.032503 -0.013329 0.999383
vn -0.654235 0.268284 0.707107
vn -0.923592 0.378740 -0.059450
vn -0.600336 0.246181 -0.760915
vn 0.039137 -0.016049 -0.999105
vn 0.654235 -0.268284 -0.707107
vn 0.924857 -0.379258 -0.028336
vn 0.680649 -0.279115 0.677357
vn -0.061964 -0.089723 0.994037
vn -0.165792 0.480138 0.861383
vn -0.420631 0.907232 -0.000849
vn -0.257889 0.437225 -0.861584
vn 0.108530 -0.011829 -0.994023
vn 0.364429 -0.507621 -0.780713
vn 0.417464 -0.908694 0.000144
vn 0.147678 -0.606890 0.780946
vn -0.013415 -0.040244 0.999100
vn 0.205112 0.615336 0.761111
vn 0.315664 0.946992 0.059690
vn 0.223606 0.670819 -0.707109
vn -0.011136 -0.033407 -0.999380
vn -0.232653 -0.697957 -0.677295
vn -0.316101 -0.948301 0.028391
vn -0.223607 -0.670822 0.707105
vn 0.000000 0.000000 1.000000
vn 0.223606 0.670820 0.707107
vn 0.316225 0.948684 -0.000002
vn 0.223605 0.670820 -0.707108
vn -0.000000 -0.000000 -1.000000
vn -0.223607 -0.670821 -0.707106
vn -0.316226 -0.948684 -0.000000
vn -0.223606 -0.670822 0.707106
vn -0.000000 0.000000 1.000000
vn 0.223606 0.670822 0.707106
vn 0.316226 0.948684 -0.000001
vn 0.223607 0.670821 -0.707106
vn 0.000000 -0.000000 -1.000000
vn -0.223605 -0.670820 -0.707108
vn -0.316226 -0.948684 -0.000000
vn -0.223606 -0.670820 0.707108
vn 0.000000 0.000000 1.000000
vn 0.223607 0.670822 0.707105
vn 0.316229 0.948683 0.000000
vn 0.223608 0.670821 -0.707106
vn -0.000000 -0.000000 -1.000000
vn -0.223607 -0.670819 -0.707108
vn -0.316229 -0.948683 0.000001
vn -0.223607 -0.670819 0.707108
vn 0.000000 0.000000 1.000000
vn 0.223608 0.670821 0.707106
vn 0.316229 0.948683 0.000000
vn 0.223607 0.670821 -0.707106
vn -0.000000 -0.000000 -1.000000
vn -0.223607 -0.670820 -0.707107
vn -0.316228 -0.948683 0.000000
vn -0.223607 -0.670820 0.707107
vn 0.000000 0.000000 1.000000
vn 0.223607 0.670820 0.707107
vn 0.316228 0.948683 -0.000000
vn 0.223607 0.670820 -0.707107
vn 0.000000 -0.000000 -1.000000
vn -0.223607 -0.670821 -0.707106
vn -0.316228 -0.948683 -0.000000
vn -0.223607 -0.670820 0.707108
vn 0.000000 0.000000 1.000000
vn 0.223607 0.670819 0.707108
vn 0.316228 0.948683 -0.000001
vn 0.223607 0.670819 -0.707108
vn -0.000000 -0.000000 -1.000000
vn -0.223608 -0.670821 -0.707106
vn -0.316228 -0.948683 -0.000000
vn -0.223607 -0.670820 0.707107
vn 0.000000 0.000000 1.000000
vn 0.223607 0.670820 0.707107
vn 0.316228 0.948683 0.000000
vn 0.223607 0.670820 -0.707108
vn -0.000000 -0.000000 -1.000000
vn -0.223608 -0.670821 -0.707106
vn -0.316228 -0.948683 -0.000001
vn -0.223608 -0.670821 0.707106
vn 0.000000 0.000000 1.000000
vn 0.223606 0.670821 0.707107
vn 0.316226 0.948684 0.000000
vn 0.223605 0.670820 -0.707108
vn -0.000000 -0.000000 -1.000000
vn -0.223606 -0.670821 -0.707107
vn -0.316226 -0.948684 0.000001
vn -0.223606 -0.670821 0.707107
vn 0.000000 0.000000 1.000000
vn 0.223606 0.670821 0.707106
vn 0.316226 0.948684 0.000000
vn 0.223606 0.670821 -0.707107
vn 0.000000 -0.000000 -1.000000
vn -0.223605 -0.670820 -0.707108
vn -0.316227 -0.948684 0.000003
vn -0.223606 -0.670821 0.707107
vn 0.000000 0.000000 1.000000
vn 0.223608 0.670821 0.707106
vn 0.316228 0.948683 -0.000000
vn 0.223608 0.670821 -0.707106
vn -0.000000 -0.000000 -1.000000
vn -0.223607 -0.670819 -0.707108
vn -0.316227 -0.948683 0.000001
vn -0.223606 -0.670820 0.707107
vn -0.008801 -0.026403 0.999613
vn 0.223607 0.670822 0.707105
vn 0.315960 0.947878 -0.041185
vn 0.210758 0.632274 -0.745527
vn -0.010167 -0.030500 -0.999483
vn -0.223607 -0.670819 -0.707108
vn -0.316143 -0.948423 -0.023388
vn -0.231050 -0.693147 0.682762
vn -0.086189 0.037436 0.995575
vn 0.471297 0.331247 0.817408
vn 0.814158 0.580644 0.000602
vn 0.466766 0.338524 -0.817026
vn 0.008087 -0.093441 -0.995592
vn -0.474013 -0.453276 -0.754886
vn -0.813103 -0.582120 -0.000174
vn -0.582148 -0.302762 0.754612
vn -0.032040 0.000157 0.999487
vn 0.666640 -0.003268 0.745372
vn 0.999147 -0.004898 0.041005
vn 0.707098 -0.003466 -0.707107
vn -0.027749 0.000136 -0.999615
vn -0.730575 0.003581 -0.682823
vn -0.999716 0.004901 0.023330
vn -0.707099 0.003466 0.707106
vn -0.000000 -0.000000 1.000000
vn 0.707098 -0.003466 0.707107
vn 0.999988 -0.004901 -0.000001
vn 0.707098 -0.003466 -0.707107
vn -0.000000 -0.000000 -1.000000
vn -0.707098 0.003466 -0.707107
vn -0.999988 0.004902 0.000001
vn -0.707099 0.003466 0.707107
vn 0.000000 0.000000 1.000000
vn 0.707098 -0.003466 0.707107
vn 0.999988 -0.004902 -0.000001
vn 0.707098 -0.003466 -0.707107
vn -0.000000 0.000000 -1.000000
vn -0.707099 0.003466 -0.707106
vn -0.999988 0.004902 0.000000
vn -0.707098 0.003466 0.707107
vn 0.000000 -0.000000 1.000000
vn 0.707099 -0.003466 0.707106
vn 0.999988 -0.004902 0.000000
vn 0.707098 -0.003466 -0.707107
vn -0.000000 0.000000 -1.000000
vn -0.707098 0.003466 -0.707107
vn -0.999988 0.004902 0.000000
vn -0.707098 0.003466 0.707107
vn 0.000000 0.000000 1.000000
vn 0.707099 -0.003466 0.707106
vn 0.999988 -0.004902 0.000001
vn 0.707098 -0.003466 -0.707107
vn -0.000000 0.000000 -1.000000
vn -0.707098 0.003466 -0.707107
vn -0.999988 0.004902 0.000001
vn -0.707098 0.003466 0.707107
vn 0.000000 -0.000000 1.000000
vn 0.707098 -0.003466 0.707107
vn 0.999988 -0.004902 -0.000000
vn 0.707098 -0.003466 -0.707107
vn -0.000000 -0.000000 -1.000000
vn -0.707098 0.003466 -0.707107
vn -0.999988 0.004902 0.000000
vn -0.707098 0.003466 0.707107
vn 0.000000 -0.000000 1.000000
vn 0.707098 -0.003466 0.707107
vn 0.999988 -0.004902 0.000000
vn 0.707098 -0.003466 -0.707107
vn -0.000000 0.000000 -1.000000
vn -0.707098 0.003466 -0.707107
vn -0.999988 0.004901 -0.000000
vn -0.707098 0.003466 0.707107
vn 0.000000 -0.000000 1.000000
vn 0.707099 -0.003466 0.707106
vn 0.999988 -0.004902 0.000000
vn 0.707098 -0.003466 -0.707107
vn 0.000000 0.000000 -1.000000
vn -0.707098 0.003466 -0.707107
vn -0.999988 0.004902 0.000000
vn -0.707098 0.003466 0.707107
vn 0.000000 -0.000000 1.000000
vn 0.707098 -0.003466 0.707107
vn 0.999988 -0.004902 0.000000
vn 0.707098 -0.003466 -0.707107
vn -0.000000 0.000000 -1.000000
vn -0.707098 0.003466 -0.707107
vn -0.999988 0.004902 0.000001
vn -0.707098 0.003466 0.707107
vn 0.000000 -0.000000 1.000000
vn 0.707098 -0.003466 0.707107
vn 0.999988 -0.004902 0.000000
vn 0.707098 -0.003466 -0.707107
vn -0.000000 0.000000 -1.000000
vn -0.707099 0.003466 -0.707107
vn -0.999988 0.004902 0.000000
vn -0.707098 0.003466 0.707107
vn 0.000000 -0.000000 1.000000
vn 0.707098 -0.003466 0.707107
vn 0.999988 -0.004902 -0.000000
vn 0.707098 -0.003466 -0.707107
vn -0.000000 0.000000 -1.000000
vn -0.707099 0.003466 -0.707106
vn -0.999988 0.004902 0.000000
vn -0.707099 0.003466 0.707107
vn 0.000000 0.000000 1.000000
vn 0.707098 -0.003466 0.707107
vn 0.999988 -0.004901 -0.000000
vn 0.707098 -0.003466 -0.707107
vn -0.000000 0.000000 -1.000000
vn -0.707098 0.003466 -0.707107
vn -0.999988 0.004902 0.000000
vn -0.707098 0.003466 0.707107
vn 0.000000 -0.000000 1.000000
vn 0.707098 -0.003466 0.707107
vn 0.999988 -0.004902 0.000000
vn 0.707098 -0.003466 -0.707107
vn -0.000000 -0.000000 -1.000000
vn -0.707099 0.003466 -0.707107
vn -0.999988 0.004902 0.000001
vn -0.707098 0.003466 0.707107
vn 0.000000 -0.000000 1.000000
vn 0.707098 -0.003467 0.707107
vn 0.999988 -0.004902 0.000000
vn 0.707098 -0.003466 -0.707107
vn -0.000000 0.000000 -1.000000
vn -0.707098 0.003466 -0.707107
vn -0.999988 0.004902 0.000001
vn -0.707099 0.003466 0.707107
vn 0.000000 -0.000000 1.000000
vn 0.707098 -0.003466 0.707107
vn 0.999988 -0.004901 -0.000001
vn 0.707098 -0.003466 -0.707107
vn 0.000000 -0.000000 -1.000000
vn -0.707099 0.003466 -0.707107
vn -0.999988 0.004902 0.000000
vn -0.707099 0.003466 0.707106
vn 0.000000 0.000000 1.000000
vn 0.707098 -0.003466 0.707107
vn 0.999988 -0.004902 -0.000000
vn 0.707098 -0.003466 -0.707107
vn -0.000000 0.000000 -1.000000
vn -0.707098 0.003466 -0.707107
vn -0.999988 0.004902 0.000000
vn -0.707098 0.003466 0.707107
vn 0.000000 0.000000 1.000000
vn 0.707099 -0.003466 0.707106
vn 0.999988 -0.004902 0.000000
vn 0.707098 -0.003466 -0.707107
vn 0.000000 0.000000 -1.000000
vn -0.707098 0.003466 -0.707107
vn -0.999988 0.004902 -0.000000
vn -0.707098 0.003466 0.707107
vn 0.000101 -0.000000 1.000000
vn 0.707098 -0.003466 0.707107
vn 0.999988 -0.004902 0.000101
vn 0.707199 -0.003467 -0.707006
vn 0.000100 -0.000000 -1.000000
vn -0.707098 0.003466 -0.707107
vn -0.999988 0.004902 0.000101
vn -0.706997 0.003466 0.707208
vn 0.000310 -0.000339 1.000000
vn 0.707281 -0.001975 0.706930
vn 0.999997 -0.002453 -0.000109
vn 0.707128 -0.001495 -0.707084
vn 0.000093 0.000338 -1.000000
vn -0.707079 0.001973 -0.707132
vn -0.999997 0.002453 0.000110
vn -0.706926 0.001495 0.707286
vn 0.000101 0.000000 1.000000
vn 0.707208 0.000000 0.707006
vn 1.000000 0.000000 -0.000101
vn 0.000101 0.000000 -1.000000
vn -0.707006 0.000000 -0.707208
vn -1.000000 0.000000 -0.000101
vn -0.707106 0.000000 0.707107
vn 0.000000 0.000000 1.000000
vn 0.707107 0.000000 0.707107
vn 1.000000 0.000000 0.000000
vn 0.000000 0.000000 -1.000000
vn -0.707106 0.000000 -0.707107
vn -1.000000 0.000000 -0.000000
vn -0.707107 0.000000 0.707107
vn 0.000000 0.000000 1.000000
vn 1.000000 0.000000 -0.000000
vn 0.707107 0.000000 -0.707107
vn -0.000000 0.000000 -1.000000
vn -0.707107 0.000000 -0.707107
vn -1.000000 0.000000 0.000000
vn -0.707106 0.000000 0.707107
vn 0.000000 0.000000 1.000000
vn 1.000000 0.000000 0.000000
vn 0.000000 0.000000 -1.000000
vn -0.707106 0.000000 -0.707107
vn -1.000000 0.000000 -0.000000
vn -0.707107 0.000000 0.707107
vn 0.000000 0.000000 1.000000
vn 0.707107 0.000000 0.707107
vn 1.000000 0.000000 -0.000000
vn -0.000000 0.000000 -1.000000
vn -0.707107 0.000000 -0.707107
vn -1.000000 0.000000 0.000000
vn -0.707106 0.000000 0.707107
vn 0.000000 0.000000 1.000000
vn -0.000000 0.000000 -1.000000
vn -1.000000 0.000000 0.000000
vn -0.707107 0.000000 0.707107
vn 0.000000 0.000000 1.000000
vn 1.000000 0.000000 -0.000000
vn -0.000000 0.000000 -1.000000
vn -1.000000 0.000000 0.000000
vn 0.000000 0.000000 1.000000
vn 1.000000 0.000000 0.000000
vn -0.000000 0.000000 -1.000000
vn -0.707106 0.000000 -0.707107
vn -1.000000 0.000000 -0.000000
vn 0.000000 0.000000 1.000000
vn 1.000000 0.000000 -0.000000
vn -0.000000 0.000000 -1.000000
vn -1.000000 0.000000 0.000000
vn -0.707106 0.000000 0.707107
vn 0.000000 0.000000 1.000000
vn 0.707107 0.000000 0.707107
vn 1.000000 0.000000 0.000000
vn -0.000000 0.000000 -1.000000
vn -0.707107 0.000000 -0.707107
vn -1.000000 0.000000 -0.000000
vn -0.707107 0.000000 0.707107
vn 0.000000 0.000000 1.000000
vn 1.000000 0.000000 -0.000000
vn -0.000000 0.000000 -1.000000
vn -1.000000 0.000000 0.000000
vn 0.000000 0.000000 1.000000
vn 1.000000 0.000000 0.000000
vn -0.000000 0.000000 -1.000000
vn -1.000000 0.000000 -0.000000
vn 0.000000 0.000000 1.000000
vn 1.000000 0.000000 0.000000
vn -0.000000 0.000000 -1.000000
vn -1.000000 0.000000 -0.000000
vn 1.000000 0.000000 -0.000000
vn -0.000000 0.000000 -1.000000
vn -0.707106 0.000000 0.707107
vn 0.000000 0.000000 1.000000
vn 0.707107 0.000000 0.707107
vn 1.000000 0.000000 0.000000
vn 0.000000 0.000000 -1.000000
vn -0.707106 0.000000 -0.707107
vn -1.000000 0.000000 -0.000000
vn 0.000000 0.000000 1.000000
vn 1.000000 0.000000 -0.000000
vn -0.000000 0.000000 -1.000000
vn -1.000000 0.000000 0.000000
vn 0.000000 0.000000 1.000000
vn 1.000000 0.000000 -0.000000
vn -0.000000 0.000000 -1.000000
vn -0.707107 0.000000 -0.707107
vn -1.000000 0.000000 0.000000
vn 0.000000 0.000000 1.000000
vn -0.000000 0.000000 -1.000000
vn 0.000000 0.000000 1.000000
vn 1.000000 0.000000 0.000000
vn -0.000000 0.000000 -1.000000
vn -1.000000 0.000000 -0.000000
vn -0.108601 0.000000 0.994085
vn 0.626132 0.000000 0.779717
vn 0.994085 0.000000 0.108601
vn 0.779717 0.000000 -0.626132
vn 0.108601 0.000000 -0.994085
vn -0.626132 0.000000 -0.779717
vn -0.994085 0.000000 -0.108601
vn -0.779717 0.000000 0.626132
vn 0.136774 0.000000 0.990602
vn 0.797175 0.000000 0.603748
vn 0.990602 0.000000 -0.136774
vn 0.603748 0.000000 -0.797175
vn -0.136774 0.000000 -0.990602
vn -0.797175 0.000000 -0.603749
vn -0.990602 0.000000 0.136774
vn -0.603748 0.000000 0.797175

# Mesh
g pCylinder5
usemtl openPBR_shader1
f 1/1/1 2/2/2 3/3/3
f 3/3/3 4/4/4 1/1/1
f 4/4/4 3/3/3 5/5/5
f 5/5/5 6/6/6 4/4/4
f 6/6/6 5/5/5 7/7/7
f 7/7/7 8/8/8 6/6/6
f 8/8/8 7/7/7 9/9/9
f 9/9/9 10/10/10 8/8/8
f 10/10/10 9/9/9 11/11/11
f 11/11/11 12/12/12 10/10/10
f 12/12/12 11/11/11 13/13/13
f 13/13/13 14/14/14 12/12/12
f 14/14/14 13/13/13 15/15/15
f 15/15/15 16/16/16 14/14/14
f 16/16/16 15/15/15 17/17/17
f 17/17/17 18/18/18 16/16/16
f 18/18/18 17/17/17 19/19/19
f 19/19/19 20/20/20 18/18/18
f 20/20/20 19/19/19 21/21/21
f 21/21/21 22/22/22 20/20/20
f 22/22/22 21/21/21 23/23/23
f 23/23/23 24/24/24 22/22/22
f 24/24/24 23/23/23 25/25/25
f 25/25/25 26/26/26 24/24/24
f 26/27/26 25/28/25 27/29/27
f 27/29/27 28/30/28 26/27/26
f 28/30/28 27/29/27 29/31/29
f 29/31/29 30/32/30 28/30/28
f 30/32/30 29/31/29 31/33/31
f 31/33/31 32/34/32 30/32/30
f 32/34/32 31/33/31 2/2/2
f 2/2/2 1/1/1 32/34/32
f 33/35/33 32/34/32 1/1/1
f 1/1/1 34/36/34 33/35/33
f 35/37/35 30/32/30 32/34/32
f 32/34/32 33/35/33 35/37/35
f 36/38/36 28/30/28 30/32/30
f 30/32/30 35/37/35 36/38/36
f 37/39/37 26/27/26 28/30/28
f 28/30/28 36/38/36 37/39/37
f 38/40/38 24/24/24 26/26/26
f 26/26/26 37/41/37 38/40/38
f 39/42/39 22/22/22 24/24/24
f 24/24/24 38/40/38 39/42/39
f 40/43/40 20/20/20 22/22/22
f 22/22/22 39/42/39 40/43/40
f 41/44/41 18/18/18 20/20/20
f 20/20/20 40/43/40 41/44/41
f 42/45/42 16/16/16 18/18/18
f 18/18/18 41/44/41 42/45/42
f 43/46/43 14/14/14 16/16/16
f 16/16/16 42/45/42 43/46/43
f 44/47/44 12/12/12 14/14/14
f 14/14/14 43/46/43 44/47/44
f 45/48/45 10/10/10 12/12/12
f 12/12/12 44/47/44 45/48/45
f 46/49/46 8/8/8 10/10/10
f 10/10/10 45/48/45 46/49/46
f 47/50/47 6/6/6 8/8/8
f 8/8/8 46/49/46 47/50/47
f 48/51/48 4/4/4 6/6/6
f 6/6/6 47/50/47 48/51/48
f 34/36/34 1/1/1 4/4/4
f 4/4/4 48/51/48 34/36/34
f 49/52/49 50/53/50 51/54/51
f 51/54/51 52/55/52 49/52/49
f 53/56/53 51/54/51 50/53/50
f 50/53/50 54/57/54 53/56/53
f 55/58/55 53/56/53 54/57/54
f 54/57/54 56/59/56 55/58/55
f 57/60/57 55/58/55 56/59/56
f 56/59/56 58/61/58 57/60/57
f 59/62/59 57/60/57 58/61/58
f 58/61/58 60/63/60 59/62/59
f 61/64/61 59/62/59 60/63/60
f 60/63/60 62/65/62 61/64/61
f 63/66/63 61/64/61 62/65/62
f 62/65/62 64/67/64 63/66/63
f 65/68/65 63/66/63 64/67/64
f 64/67/64 66/69/66 65/68/65
f 67/70/67 65/68/65 66/69/66
f 66/69/66 68/71/68 67/70/67
f 69/72/69 67/70/67 68/71/68
f 68/71/68 70/73/70 69/72/69
f 71/74/71 69/72/69 70/73/70
f 70/73/70 72/75/72 71/74/71
f 73/76/73 71/74/71 72/75/72
f 72/75/72 74/77/74 73/76/73
f 75/78/75 73/76/73 74/77/74
f 74/77/74 76/79/76 75/78/75
f 77/80/77 75/78/75 76/79/76
f 76/79/76 78/81/78 77/80/77
f 79/82/79 77/80/77 78/81/78
f 78/81/78 80/83/80 79/82/79
f 52/55/52 79/82/79 80/83/80
f 80/83/80 49/52/49 52/55/52
f 49/52/49 33/84/33 34/85/34
f 34/85/34 50/53/50 49/52/49
f 80/83/80 35/86/35 33/84/33
f 33/84/33 49/52/49 80/83/80
f 78/81/78 36/87/36 35/86/35
f 35/86/35 80/83/80 78/81/78
f 76/79/76 37/88/37 36/87/36
f 36/87/36 78/81/78 76/79/76
f 74/77/74 38/89/38 37/88/37
f 37/88/37 76/79/76 74/77/74
f 72/75/72 39/90/39 38/89/38
f 38/89/38 74/77/74 72/75/72
f 70/73/70 40/91/40 39/90/39
f 39/90/39 72/75/72 70/73/70
f 68/71/68 41/92/41 40/91/40
f 40/91/40 70/73/70 68/71/68
f 66/69/66 42/93/42 41/92/41
f 41/92/41 68/71/68 66/69/66
f 64/67/64 43/94/43 42/93/42
f 42/93/42 66/69/66 64/67/64
f 62/65/62 44/95/44 43/94/43
f 43/94/43 64/67/64 62/65/62
f 60/63/60 45/96/45 44/95/44
f 44/95/44 62/65/62 60/63/60
f 58/61/58 46/97/46 45/96/45
f 45/96/45 60/63/60 58/61/58
f 56/59/56 47/98/47 46/97/46
f 46/97/46 58/61/58 56/59/56
f 54/57/54 48/99/48 47/98/47
f 47/98/47 56/59/56 54/57/54
f 50/53/50 34/85/34 48/99/48
f 48/99/48 54/57/54 50/53/50
f 81/100/81 51/54/51 53/56/53
f 53/56/53 82/101/82 81/100/81
f 82/101/82 53/56/53 55/58/55
f 55/58/55 83/102/83 82/101/82
f 83/102/83 55/58/55 57/60/57
f 57/60/57 84/103/84 83/102/83
f 84/103/84 57/60/57 59/62/59
f 59/62/59 85/104/85 84/103/84
f 85/104/85 59/62/59 61/64/61
f 61/64/61 86/105/86 85/104/85
f 86/105/86 61/64/61 63/66/63
f 63/66/63 87/106/87 86/105/86
f 87/106/87 63/66/63 65/68/65
f 65/68/65 88/107/88 87/106/87
f 88/107/88 65/68/65 67/70/67
f 67/70/67 89/108/82 88/107/88
f 89/108/82 67/70/67 69/72/69
f 69/72/69 90/109/82 89/108/82
f 90/109/82 69/72/69 71/74/71
f 71/74/71 91/110/89 90/109/82
f 91/110/89 71/74/71 73/76/73
f 73/76/73 92/111/82 91/110/89
f 92/111/82 73/76/73 75/78/75
f 75/78/75 93/112/90 92/111/82
f 93/112/90 75/78/75 77/80/77
f 77/80/77 94/113/91 93/112/90
f 94/113/91 77/80/77 79/82/79
f 79/82/79 95/114/82 94/113/91
f 95/114/82 79/82/79 52/55/52
f 52/55/52 96/115/82 95/114/82
f 96/115/82 52/55/52 51/54/51
f 51/54/51 81/100/81 96/115/82
f 81/100/81 82/101/82 83/102/83
f 81/100/81 83/102/83 84/103/84
f 81/100/81 84/103/84 85/104/85
f 81/100/81 85/104/85 86/105/86
f 81/100/81 86/105/86 87/106/87
f 81/100/81 87/106/87 88/107/88
f 81/100/81 88/107/88 89/108/82
f 81/100/81 89/108/82 90/109/82
f 81/100/81 90/109/82 91/110/89
f 81/100/81 91/110/89 92/111/82
f 81/100/81 92/111/82 93/112/90
f 81/100/81 93/112/90 94/113/91
f 81/100/81 94/113/91 95/114/82
f 95/114/82 96/115/82 81/100/81
f 97/116/92 98/117/93 99/118/94
f 99/118/94 100/119/95 97/116/92
f 101/120/96 102/121/97 103/122/98
f 103/122/98 104/123/99 101/120/96
f 105/124/100 106/125/101 107/126/102
f 107/126/102 108/127/103 105/124/100
f 109/128/104 110/129/105 111/130/106
f 111/130/106 112/131/107 109/128/104
f 109/128/104 112/131/107 113/132/108
f 113/132/108 114/133/109 109/128/104
f 114/134/109 113/135/108 99/118/94
f 99/118/94 98/117/93 114/134/109
f 97/116/92 100/119/95 115/136/110
f 115/136/110 116/137/111 97/116/92
f 116/138/111 115/139/110 105/124/100
f 105/124/100 108/127/103 116/138/111
f 103/122/98 102/121/97 117/140/112
f 117/140/112 118/141/113 103/122/98
f 118/142/113 117/143/112 111/130/106
f 111/130/106 110/129/105 118/142/113
f 107/126/102 106/125/101 119/144/114
f 119/144/114 120/145/115 107/126/102
f 120/146/115 119/147/114 101/120/96
f 101/120/96 104/123/99 120/146/115
f 101/148/96 119/149/114 106/150/101
f 101/148/96 106/150/101 105/151/100
f 101/148/96 105/151/100 115/152/110
f 101/148/96 115/152/110 100/153/95
f 101/148/96 100/153/95 99/154/94
f 101/148/96 99/154/94 113/155/108
f 101/148/96 113/155/108 112/156/107
f 101/148/96 112/156/107 111/157/106
f 101/148/96 111/157/106 117/158/112
f 117/158/112 102/159/97 101/148/96
f 121/160/116 122/161/117 123/162/118
f 121/160/116 123/162/118 124/163/119
f 121/160/116 124/163/119 125/164/120
f 121/160/116 125/164/120 126/165/121
f 121/160/116 126/165/121 127/166/122
f 121/160/116 127/166/122 128/167/123
f 121/160/116 128/167/123 129/168/124
f 121/160/116 129/168/124 130/169/125
f 121/160/116 130/169/125 131/170/126
f 131/170/126 132/171/127 121/160/116
f 133/172/128 120/172/115 104/173/99
f 104/173/99 134/173/129 133/172/128
f 134/173/129 104/173/99 103/174/98
f 103/174/98 135/174/130 134/173/129
f 135/174/130 103/174/98 118/175/113
f 118/175/113 136/175/131 135/174/130
f 136/175/131 118/175/113 110/176/105
f 110/176/105 137/176/132 136/175/131
f 137/176/132 110/176/105 109/177/104
f 109/177/104 138/177/133 137/176/132
f 138/177/133 109/177/104 114/178/109
f 114/178/109 139/178/134 138/177/133
f 139/178/134 114/178/109 98/179/93
f 98/179/93 140/179/135 139/178/134
f 140/179/135 98/179/93 97/180/92
f 97/180/92 141/180/136 140/179/135
f 141/180/136 97/180/92 116/181/111
f 116/181/111 142/181/137 141/180/136
f 142/181/137 116/181/111 108/182/103
f 108/182/103 143/182/138 142/181/137
f 143/182/138 108/182/103 107/183/102
f 107/183/102 144/183/139 143/182/138
f 144/183/139 107/183/102 120/172/115
f 120/172/115 133/172/128 144/183/139
f 122/161/117 133/172/128 134/173/129
f 134/173/129 123/162/118 122/161/117
f 123/162/118 134/173/129 135/174/130
f 135/174/130 124/163/119 123/162/118
f 124/163/119 135/174/130 136/175/131
f 136/175/131 125/164/120 124/163/119
f 125/164/120 136/175/131 137/176/132
f 137/176/132 126/165/121 125/164/120
f 126/165/121 137/176/132 138/177/133
f 138/177/133 127/166/122 126/165/121
f 127/166/122 138/177/133 139/178/134
f 139/178/134 128/167/123 127/166/122
f 128/167/123 139/178/134 140/179/135
f 140/179/135 129/168/124 128/167/123
f 129/168/124 140/179/135 141/180/136
f 141/180/136 130/169/125 129/168/124
f 130/169/125 141/180/136 142/181/137
f 142/181/137 131/170/126 130/169/125
f 131/170/126 142/181/137 143/182/138
f 143/182/138 132/171/127 131/170/126
f 132/171/127 143/182/138 144/183/139
f 144/183/139 121/160/116 132/171/127
f 121/160/116 144/183/139 133/172/128
f 133/172/128 122/161/117 121/160/116
f 145/184/140 146/185/141 147/186/142
f 147/186/142 148/187/143 145/184/140
f 148/187/143 147/186/142 149/188/144
f 149/188/144 150/189/145 148/187/143
f 150/189/145 149/188/144 151/190/146
f 151/190/146 152/191/147 150/189/145
f 152/191/147 151/190/146 153/192/148
f 153/192/148 154/193/149 152/191/147
f 154/193/149 153/192/148 155/194/150
f 155/194/150 156/195/151 154/193/149
f 156/195/151 155/194/150 157/196/152
f 157/196/152 158/197/153 156/195/151
f 158/197/153 157/196/152 159/198/154
f 159/198/154 160/199/155 158/197/153
f 160/199/155 159/198/154 161/200/156
f 161/200/156 162/201/157 160/199/155
f 162/201/157 161/200/156 163/202/158
f 163/202/158 164/203/159 162/201/157
f 164/203/159 163/202/158 165/204/160
f 165/204/160 166/205/161 164/203/159
f 166/205/161 165/204/160 167/206/162
f 167/206/162 168/207/163 166/205/161
f 168/207/163 167/206/162 169/208/164
f 169/208/164 170/209/165 168/207/163
f 170/210/165 169/211/164 171/212/166
f 171/212/166 172/213/167 170/210/165
f 172/213/167 171/212/166 173/214/168
f 173/214/168 174/215/169 172/213/167
f 174/215/169 173/214/168 175/216/170
f 175/216/170 176/217/171 174/215/169
f 176/217/171 175/216/170 146/185/141
f 146/185/141 145/184/140 176/217/171
f 177/218/172 176/217/171 145/184/140
f 145/184/140 178/219/173 177/218/172
f 179/220/174 174/215/169 176/217/171
f 176/217/171 177/218/172 179/220/174
f 180/221/175 172/213/167 174/215/169
f 174/215/169 179/220/174 180/221/175
f 181/222/176 170/210/165 172/213/167
f 172/213/167 180/221/175 181/222/176
f 182/223/177 168/207/163 170/209/165
f 170/209/165 181/224/176 182/223/177
f 183/225/178 166/205/161 168/207/163
f 168/207/163 182/223/177 183/225/178
f 184/226/179 164/203/159 166/205/161
f 166/205/161 183/225/178 184/226/179
f 185/227/180 162/201/157 164/203/159
f 164/203/159 184/226/179 185/227/180
f 186/228/181 160/199/155 162/201/157
f 162/201/157 185/227/180 186/228/181
f 187/229/182 158/197/153 160/199/155
f 160/199/155 186/228/181 187/229/182
f 188/230/183 156/195/151 158/197/153
f 158/197/153 187/229/182 188/230/183
f 189/231/184 154/193/149 156/195/151
f 156/195/151 188/230/183 189/231/184
f 190/232/185 152/191/147 154/193/149
f 154/193/149 189/231/184 190/232/185
f 191/233/186 150/189/145 152/191/147
f 152/191/147 190/232/185 191/233/186
f 192/234/187 148/187/143 150/189/145
f 150/189/145 191/233/186 192/234/187
f 178/219/173 145/184/140 148/187/143
f 148/187/143 192/234/187 178/219/173
f 193/235/188 194/236/189 195/237/190
f 195/237/190 196/238/191 193/235/188
f 197/239/192 195/237/190 194/236/189
f 194/236/189 198/240/193 197/239/192
f 199/241/194 197/239/192 198/240/193
f 198/240/193 200/242/195 199/241/194
f 201/243/196 199/241/194 200/242/195
f 200/242/195 202/244/197 201/243/196
f 203/245/198 201/243/196 202/244/197
f 202/244/197 204/246/199 203/245/198
f 205/247/200 203/245/198 204/246/199
f 204/246/199 206/248/201 205/247/200
f 207/249/202 205/247/200 206/248/201
f 206/248/201 208/250/203 207/249/202
f 209/251/204 207/249/202 208/250/203
f 208/250/203 210/252/205 209/251/204
f 211/253/206 209/251/204 210/252/205
f 210/252/205 212/254/207 211/253/206
f 213/255/208 211/253/206 212/254/207
f 212/254/207 214/256/209 213/255/208
f 215/257/210 213/255/208 214/256/209
f 214/256/209 216/258/211 215/257/210
f 217/259/212 215/257/210 216/258/211
f 216/258/211 218/260/213 217/259/212
f 219/261/214 217/259/212 218/260/213
f 218/260/213 220/262/215 219/261/214
f 221/263/77 219/261/214 220/262/215
f 220/262/215 222/264/216 221/263/77
f 223/265/217 221/263/77 222/264/216
f 222/264/216 224/266/218 223/265/217
f 196/238/191 223/265/217 224/266/218
f 224/266/218 193/235/188 196/238/191
f 193/235/188 177/267/172 178/268/173
f 178/268/173 194/236/189 193/235/188
f 224/266/218 179/269/174 177/267/172
f 177/267/172 193/235/188 224/266/218
f 222/264/216 180/270/175 179/269/174
f 179/269/174 224/266/218 222/264/216
f 220/262/215 181/271/176 180/270/175
f 180/270/175 222/264/216 220/262/215
f 218/260/213 182/272/177 181/271/176
f 181/271/176 220/262/215 218/260/213
f 216/258/211 183/273/178 182/272/177
f 182/272/177 218/260/213 216/258/211
f 214/256/209 184/274/179 183/273/178
f 183/273/178 216/258/211 214/256/209
f 212/254/207 185/275/180 184/274/179
f 184/274/179 214/256/209 212/254/207
f 210/252/205 186/276/181 185/275/180
f 185/275/180 212/254/207 210/252/205
f 208/250/203 187/277/182 186/276/181
f 186/276/181 210/252/205 208/250/203
f 206/248/201 188/278/183 187/277/182
f 187/277/182 208/250/203 206/248/201
f 204/246/199 189/279/184 188/278/183
f 188/278/183 206/248/201 204/246/199
f 202/244/197 190/280/185 189/279/184
f 189/279/184 204/246/199 202/244/197
f 200/242/195 191/281/186 190/280/185
f 190/280/185 202/244/197 200/242/195
f 198/240/193 192/282/187 191/281/186
f 191/281/186 200/242/195 198/240/193
f 194/236/189 178/268/173 192/282/187
f 192/282/187 198/240/193 194/236/189
f 225/283/219 195/237/190 197/239/192
f 197/239/192 226/284/82 225/283/219
f 226/284/82 197/239/192 199/241/194
f 199/241/194 227/285/220 226/284/82
f 227/285/220 199/241/194 201/243/196
f 201/243/196 228/286/221 227/285/220
f 228/286/221 201/243/196 203/245/198
f 203/245/198 229/287/222 228/286/221
f 229/287/222 203/245/198 205/247/200
f 205/247/200 230/288/223 229/287/222
f 230/288/223 205/247/200 207/249/202
f 207/249/202 231/289/224 230/288/223
f 231/289/224 207/249/202 209/251/204
f 209/251/204 232/290/225 231/289/224
f 232/290/225 209/251/204 211/253/206
f 211/253/206 233/291/82 232/290/225
f 233/291/82 211/253/206 213/255/208
f 213/255/208 234/292/82 233/291/82
f 234/292/82 213/255/208 215/257/210
f 215/257/210 235/293/226 234/292/82
f 235/293/226 215/257/210 217/259/212
f 217/259/212 236/294/82 235/293/226
f 236/294/82 217/259/212 219/261/214
f 219/261/214 237/295/227 236/294/82
f 237/295/227 219/261/214 221/263/77
f 221/263/77 238/296/228 237/295/227
f 238/296/228 221/263/77 223/265/217
f 223/265/217 239/297/82 238/296/228
f 239/297/82 223/265/217 196/238/191
f 196/238/191 240/298/82 239/297/82
f 240/298/82 196/238/191 195/237/190
f 195/237/190 225/283/219 240/298/82
f 225/283/219 226/284/82 227/285/220
f 225/283/219 227/285/220 228/286/221
f 225/283/219 228/286/221 229/287/222
f 225/283/219 229/287/222 230/288/223
f 225/283/219 230/288/223 231/289/224
f 225/283/219 231/289/224 232/290/225
f 225/283/219 232/290/225 233/291/82
f 225/283/219 233/291/82 234/292/82
f 225/283/219 234/292/82 235/293/226
f 225/283/219 235/293/226 236/294/82
f 225/283/219 236/294/82 237/295/227
f 225/283/219 237/295/227 238/296/228
f 225/283/219 238/296/228 239/297/82
f 239/297/82 240/298/82 225/283/219
f 241/299/229 242/300/230 243/301/231
f 243/301/231 244/302/232 241/299/229
f 244/302/232 243/301/231 245/303/233
f 245/303/233 246/304/234 244/302/232
f 246/304/234 245/303/233 247/305/235
f 247/305/235 248/306/236 246/304/234
f 248/306/236 247/305/235 249/307/237
f 249/307/237 250/308/238 248/306/236
f 250/308/238 249/307/237 251/309/239
f 251/309/239 252/310/240 250/308/238
f 252/310/240 251/309/239 253/311/241
f 253/311/241 254/312/242 252/310/240
f 254/312/242 253/311/241 255/313/243
f 255/313/243 256/314/244 254/312/242
f 256/314/244 255/313/243 257/315/245
f 257/315/245 258/316/246 256/314/244
f 258/316/246 257/315/245 259/317/247
f 259/317/247 260/318/248 258/316/246
f 260/318/248 259/317/247 261/319/249
f 261/319/249 262/320/250 260/318/248
f 262/320/250 261/319/249 263/321/251
f 263/321/251 264/322/252 262/320/250
f 264/322/252 263/321/251 265/323/253
f 265/323/253 266/324/254 264/322/252
f 266/324/254 265/323/253 267/325/255
f 267/325/255 268/326/256 266/324/254
f 268/326/256 267/325/255 269/327/257
f 269/327/257 270/328/258 268/326/256
f 270/328/258 269/327/257 271/329/259
f 271/329/259 272/330/260 270/328/258
f 273/331/261 274/332/262 275/333/263
f 275/333/263 276/334/264 273/331/261
f 276/334/264 275/333/263 277/335/265
f 277/335/265 278/336/266 276/334/264
f 278/336/266 277/335/265 279/337/267
f 279/337/267 280/338/268 278/336/266
f 280/338/268 279/337/267 281/339/269
f 281/339/269 282/340/270 280/338/268
f 282/340/270 281/339/269 283/341/271
f 283/341/271 284/342/272 282/340/270
f 285/343/273 286/344/274 287/345/275
f 287/345/275 288/346/276 285/343/273
f 288/346/276 287/345/275 289/347/277
f 289/347/277 290/348/278 288/346/276
f 290/348/278 289/347/277 291/349/279
f 291/349/279 292/350/280 290/348/278
f 292/350/280 291/349/279 242/351/230
f 242/351/230 241/352/229 292/350/280
f 243/353/231 242/354/230 293/355/281
f 245/356/233 243/353/231 293/355/281
f 247/357/235 245/356/233 293/355/281
f 249/358/237 247/357/235 293/355/281
f 251/359/239 249/358/237 293/355/281
f 253/360/241 251/359/239 293/355/281
f 255/361/243 253/360/241 293/355/281
f 257/362/245 255/361/243 293/355/281
f 259/363/247 257/362/245 293/355/281
f 261/364/249 259/363/247 293/355/281
f 263/365/251 261/364/249 293/355/281
f 265/366/253 263/365/251 293/355/281
f 267/367/255 265/366/253 293/355/281
f 269/368/257 267/367/255 293/355/281
f 293/355/281 274/369/262 271/370/259
f 271/370/259 269/368/257 293/355/281
f 275/371/263 274/369/262 293/355/281
f 277/372/265 275/371/263 293/355/281
f 279/373/267 277/372/265 293/355/281
f 281/374/269 279/373/267 293/355/281
f 293/355/281 286/375/274 283/376/271
f 283/376/271 281/374/269 293/355/281
f 287/377/275 286/375/274 293/355/281
f 289/378/277 287/377/275 293/355/281
f 291/379/279 289/378/277 293/355/281
f 242/354/230 291/379/279 293/355/281
f 294/380/282 295/381/283 296/382/82
f 295/381/283 297/383/284 296/382/82
f 297/383/284 298/384/285 296/382/82
f 298/384/285 299/385/286 296/382/82
f 299/385/286 300/386/287 296/382/82
f 300/386/287 301/387/288 296/382/82
f 301/387/288 302/388/289 296/382/82
f 302/388/289 303/389/290 296/382/82
f 303/389/290 304/390/291 296/382/82
f 304/390/291 305/391/292 296/382/82
f 305/391/292 306/392/293 296/382/82
f 306/392/293 307/393/294 296/382/82
f 307/393/294 308/394/295 296/382/82
f 308/394/295 309/395/296 296/382/82
f 296/382/82 309/395/296 310/396/297
f 310/396/297 311/397/298 296/382/82
f 311/397/298 312/398/299 296/382/82
f 312/398/299 313/399/300 296/382/82
f 313/399/300 314/400/301 296/382/82
f 314/400/301 315/401/302 296/382/82
f 296/382/82 315/401/302 316/402/303
f 316/402/303 317/403/304 296/382/82
f 317/403/304 318/404/305 296/382/82
f 318/404/305 319/405/306 296/382/82
f 319/405/306 320/406/307 296/382/82
f 320/406/307 294/380/282 296/382/82
f 321/407/308 322/408/309 323/409/310
f 323/409/310 324/410/311 321/407/308
f 325/411/312 326/412/313 322/408/309
f 322/408/309 321/407/308 325/411/312
f 327/413/314 328/414/315 326/412/313
f 326/412/313 325/411/312 327/413/314
f 329/415/316 330/416/317 328/414/315
f 328/414/315 327/413/314 329/415/316
f 331/417/318 332/418/319 333/419/320
f 333/419/320 334/420/321 331/417/318
f 335/421/322 336/422/323 332/418/319
f 332/418/319 331/417/318 335/421/322
f 337/423/324 338/424/325 336/422/323
f 336/422/323 335/421/322 337/423/324
f 339/425/326 340/426/327 338/424/325
f 338/424/325 337/423/324 339/425/326
f 341/427/328 342/428/329 340/426/327
f 340/426/327 339/425/326 341/427/328
f 343/429/330 344/430/331 345/431/332
f 345/431/332 346/432/333 343/429/330
f 347/433/334 348/434/335 344/430/331
f 344/430/331 343/429/330 347/433/334
f 349/435/336 350/436/337 348/434/335
f 348/434/335 347/433/334 349/435/336
f 351/437/338 352/438/339 350/436/337
f 350/436/337 349/435/336 351/437/338
f 353/439/340 354/440/341 352/438/339
f 352/438/339 351/437/338 353/439/340
f 355/441/342 356/442/343 354/440/341
f 354/440/341 353/439/340 355/441/342
f 357/443/344 358/444/345 356/442/343
f 356/442/343 355/441/342 357/443/344
f 359/445/346 360/446/347 358/444/345
f 358/444/345 357/443/344 359/445/346
f 361/447/348 362/448/349 360/446/347
f 360/446/347 359/445/346 361/447/348
f 363/449/350 364/450/351 362/448/349
f 362/448/349 361/447/348 363/449/350
f 365/451/352 366/452/353 364/450/351
f 364/450/351 363/449/350 365/451/352
f 367/453/354 368/454/355 366/452/353
f 366/452/353 365/451/352 367/453/354
f 369/455/356 370/456/357 368/454/355
f 368/454/355 367/453/354 369/455/356
f 371/457/358 372/458/359 370/456/357
f 370/456/357 369/455/356 371/457/358
f 324/459/311 323/460/310 372/458/359
f 372/458/359 371/457/358 324/459/311
f 373/461/360 374/462/361 375/463/362
f 375/463/362 376/464/363 373/461/360
f 377/465/364 378/466/365 374/462/361
f 374/462/361 373/461/360 377/465/364
f 379/467/366 380/468/367 378/466/365
f 378/466/365 377/465/364 379/467/366
f 381/469/368 382/470/369 380/468/367
f 380/468/367 379/467/366 381/469/368
f 383/471/370 384/472/371 385/473/372
f 385/473/372 386/474/373 383/471/370
f 387/475/374 388/476/375 384/472/371
f 384/472/371 383/471/370 387/475/374
f 389/477/376 390/478/377 388/476/375
f 388/476/375 387/475/374 389/477/376
f 391/479/378 392/480/379 390/478/377
f 390/478/377 389/477/376 391/479/378
f 393/481/380 394/482/381 392/480/379
f 392/480/379 391/479/378 393/481/380
f 395/483/382 396/484/383 397/485/384
f 397/485/384 398/486/385 395/483/382
f 399/487/386 400/488/387 396/484/383
f 396/484/383 395/483/382 399/487/386
f 401/489/388 402/490/389 400/488/387
f 400/488/387 399/487/386 401/489/388
f 403/491/390 404/492/391 402/490/389
f 402/490/389 401/489/388 403/491/390
f 405/493/392 406/494/393 404/492/391
f 404/492/391 403/491/390 405/493/392
f 407/495/394 408/496/395 406/494/393
f 406/494/393 405/493/392 407/495/394
f 409/497/396 410/498/397 408/496/395
f 408/496/395 407/495/394 409/497/396
f 411/499/398 412/500/399 410/498/397
f 410/498/397 409/497/396 411/499/398
f 413/501/400 414/502/401 412/500/399
f 412/500/399 411/499/398 413/501/400
f 415/503/402 416/504/403 414/502/401
f 414/502/401 413/501/400 415/503/402
f 417/505/404 418/506/405 416/504/403
f 416/504/403 415/503/402 417/505/404
f 419/507/406 420/508/407 418/506/405
f 418/506/405 417/505/404 419/507/406
f 421/509/408 422/510/409 420/508/407
f 420/508/407 419/507/406 421/509/408
f 423/511/410 424/512/411 422/510/409
f 422/510/409 421/509/408 423/511/410
f 376/513/363 375/514/362 424/512/411
f 424/512/411 423/511/410 376/513/363
f 425/515/412 426/516/413 427/517/414
f 427/517/414 428/518/415 425/515/412
f 429/519/416 430/520/417 426/516/413
f 426/516/413 425/515/412 429/519/416
f 431/521/418 432/522/419 430/520/417
f 430/520/417 429/519/416 431/521/418
f 433/523/420 434/524/421 432/522/419
f 432/522/419 431/521/418 433/523/420
f 435/525/422 436/526/423 437/527/424
f 437/527/424 438/528/425 435/525/422
f 439/529/426 440/530/427 436/526/423
f 436/526/423 435/525/422 439/529/426
f 441/531/428 442/532/429 440/530/427
f 440/530/427 439/529/426 441/531/428
f 443/533/430 444/534/431 442/532/429
f 442/532/429 441/531/428 443/533/430
f 445/535/432 446/536/433 444/534/431
f 444/534/431 443/533/430 445/535/432
f 447/537/434 448/538/435 449/539/436
f 449/539/436 450/540/437 447/537/434
f 451/541/438 452/542/439 448/538/435
f 448/538/435 447/537/434 451/541/438
f 453/543/440 454/544/441 452/542/439
f 452/542/439 451/541/438 453/543/440
f 455/545/442 456/546/443 454/544/441
f 454/544/441 453/543/440 455/545/442
f 457/547/444 458/548/445 456/546/443
f 456/546/443 455/545/442 457/547/444
f 459/549/446 460/550/447 458/548/445
f 458/548/445 457/547/444 459/549/446
f 461/551/448 462/552/449 460/550/447
f 460/550/447 459/549/446 461/551/448
f 463/553/450 464/554/451 462/552/449
f 462/552/449 461/551/448 463/553/450
f 465/555/452 466/556/453 464/554/451
f 464/554/451 463/553/450 465/555/452
f 467/557/454 468/558/455 466/556/453
f 466/556/453 465/555/452 467/557/454
f 469/559/456 470/560/457 468/558/455
f 468/558/455 467/557/454 469/559/456
f 471/561/458 472/562/459 470/560/457
f 470/560/457 469/559/456 471/561/458
f 473/563/460 474/564/461 472/562/459
f 472/562/459 471/561/458 473/563/460
f 475/565/462 476/566/463 474/564/461
f 474/564/461 473/563/460 475/565/462
f 428/567/415 427/568/414 476/566/463
f 476/566/463 475/565/462 428/567/415
f 477/569/464 478/570/465 479/571/466
f 479/571/466 480/572/467 477/569/464
f 481/573/468 482/574/469 478/570/465
f 478/570/465 477/569/464 481/573/468
f 483/575/470 484/576/471 482/574/469
f 482/574/469 481/573/468 483/575/470
f 485/577/472 486/578/473 484/576/471
f 484/576/471 483/575/470 485/577/472
f 487/579/474 488/580/475 489/581/476
f 489/581/476 490/582/477 487/579/474
f 491/583/478 492/584/479 488/580/475
f 488/580/475 487/579/474 491/583/478
f 493/585/480 494/586/481 492/584/479
f 492/584/479 491/583/478 493/585/480
f 495/587/482 496/588/483 494/586/481
f 494/586/481 493/585/480 495/587/482
f 497/589/484 498/590/485 496/588/483
f 496/588/483 495/587/482 497/589/484
f 499/591/486 500/592/487 501/593/488
f 501/593/488 502/594/489 499/591/486
f 503/595/490 504/596/491 500/592/487
f 500/592/487 499/591/486 503/595/490
f 505/597/492 506/598/493 504/596/491
f 504/596/491 503/595/490 505/597/492
f 507/599/494 508/600/495 506/598/493
f 506/598/493 505/597/492 507/599/494
f 509/601/496 510/602/497 508/600/495
f 508/600/495 507/599/494 509/601/496
f 511/603/498 512/604/499 510/602/497
f 510/602/497 509/601/496 511/603/498
f 513/605/500 514/606/501 512/604/499
f 512/604/499 511/603/498 513/605/500
f 515/607/502 516/608/503 514/606/501
f 514/606/501 513/605/500 515/607/502
f 517/609/504 518/610/505 516/608/503
f 516/608/503 515/607/502 517/609/504
f 519/611/506 520/612/507 518/610/505
f 518/610/505 517/609/504 519/611/506
f 521/613/508 522/614/509 520/612/507
f 520/612/507 519/611/506 521/613/508
f 523/615/510 524/616/511 522/614/509
f 522/614/509 521/613/508 523/615/510
f 525/617/512 526/618/513 524/616/511
f 524/616/511 523/615/510 525/617/512
f 527/619/514 528/620/515 526/618/513
f 526/618/513 525/617/512 527/619/514
f 480/621/467 479/622/466 528/620/515
f 528/620/515 527/619/514 480/621/467
f 529/623/516 530/624/517 531/625/518
f 531/625/518 532/626/519 529/623/516
f 533/627/520 534/628/521 530/624/517
f 530/624/517 529/623/516 533/627/520
f 535/629/522 536/630/523 534/628/521
f 534/628/521 533/627/520 535/629/522
f 537/631/524 538/632/525 536/630/523
f 536/630/523 535/629/522 537/631/524
f 539/633/526 540/634/527 541/635/528
f 541/635/528 542/636/529 539/633/526
f 543/637/530 544/638/531 540/634/527
f 540/634/527 539/633/526 543/637/530
f 545/639/532 546/640/533 544/638/531
f 544/638/531 543/637/530 545/639/532
f 547/641/534 548/642/535 546/640/533
f 546/640/533 545/639/532 547/641/534
f 549/643/536 550/644/537 548/642/535
f 548/642/535 547/641/534 549/643/536
f 551/645/538 552/646/539 553/647/540
f 553/647/540 554/648/541 551/645/538
f 555/649/542 556/650/543 552/646/539
f 552/646/539 551/645/538 555/649/542
f 557/651/544 558/652/545 556/650/543
f 556/650/543 555/649/542 557/651/544
f 559/653/546 560/654/547 558/652/545
f 558/652/545 557/651/544 559/653/546
f 561/655/548 562/656/549 560/654/547
f 560/654/547 559/653/546 561/655/548
f 563/657/550 564/658/551 562/656/549
f 562/656/549 561/655/548 563/657/550
f 565/659/552 566/660/553 564/658/551
f 564/658/551 563/657/550 565/659/552
f 567/661/554 568/662/555 566/660/553
f 566/660/553 565/659/552 567/661/554
f 569/663/556 570/664/557 568/662/555
f 568/662/555 567/661/554 569/663/556
f 571/665/558 572/666/559 570/664/557
f 570/664/557 569/663/556 571/665/558
f 573/667/560 574/668/561 572/666/559
f 572/666/559 571/665/558 573/667/560
f 575/669/562 576/670/563 574/668/561
f 574/668/561 573/667/560 575/669/562
f 577/671/564 578/672/565 576/670/563
f 576/670/563 575/669/562 577/671/564
f 579/673/566 580/674/567 578/672/565
f 578/672/565 577/671/564 579/673/566
f 532/675/519 531/676/518 580/674/567
f 580/674/567 579/673/566 532/675/519
f 581/677/568 292/350/280 241/352/229
f 241/352/229 582/678/569 581/677/568
f 583/679/570 290/348/278 292/350/280
f 292/350/280 581/677/568 583/679/570
f 584/680/571 288/346/276 290/348/278
f 290/348/278 583/679/570 584/680/571
f 585/681/572 285/343/273 288/346/276
f 288/346/276 584/680/571 585/681/572
f 586/682/573 282/340/270 284/342/272
f 284/342/272 587/683/574 586/682/573
f 588/684/575 280/338/268 282/340/270
f 282/340/270 586/682/573 588/684/575
f 589/685/576 278/336/266 280/338/268
f 280/338/268 588/684/575 589/685/576
f 590/686/577 276/334/264 278/336/266
f 278/336/266 589/685/576 590/686/577
f 591/687/578 273/331/261 276/334/264
f 276/334/264 590/686/577 591/687/578
f 592/688/579 270/328/258 272/330/260
f 272/330/260 593/689/580 592/688/579
f 594/690/581 268/326/256 270/328/258
f 270/328/258 592/688/579 594/690/581
f 595/691/582 266/324/254 268/326/256
f 268/326/256 594/690/581 595/691/582
f 596/692/583 264/322/252 266/324/254
f 266/324/254 595/691/582 596/692/583
f 597/693/584 262/320/250 264/322/252
f 264/322/252 596/692/583 597/693/584
f 598/694/585 260/318/248 262/320/250
f 262/320/250 597/693/584 598/694/585
f 599/695/586 258/316/246 260/318/248
f 260/318/248 598/694/585 599/695/586
f 600/696/587 256/314/244 258/316/246
f 258/316/246 599/695/586 600/696/587
f 601/697/588 254/312/242 256/314/244
f 256/314/244 600/696/587 601/697/588
f 602/698/589 252/310/240 254/312/242
f 254/312/242 601/697/588 602/698/589
f 603/699/590 250/308/238 252/310/240
f 252/310/240 602/698/589 603/699/590
f 604/700/591 248/306/236 250/308/238
f 250/308/238 603/699/590 604/700/591
f 605/701/592 246/304/234 248/306/236
f 248/306/236 604/700/591 605/701/592
f 606/702/593 244/302/232 246/304/234
f 246/304/234 605/701/592 606/702/593
f 582/703/569 241/299/229 244/302/232
f 244/302/232 606/702/593 582/703/569
f 320/704/307 321/407/308 324/410/311
f 324/410/311 294/705/282 320/704/307
f 319/706/306 325/411/312 321/407/308
f 321/407/308 320/704/307 319/706/306
f 318/707/305 327/413/314 325/411/312
f 325/411/312 319/706/306 318/707/305
f 317/708/304 329/415/316 327/413/314
f 327/413/314 318/707/305 317/708/304
f 315/709/302 331/417/318 334/420/321
f 334/420/321 316/710/303 315/709/302
f 314/711/301 335/421/322 331/417/318
f 331/417/318 315/709/302 314/711/301
f 313/712/300 337/423/324 335/421/322
f 335/421/322 314/711/301 313/712/300
f 312/713/299 339/425/326 337/423/324
f 337/423/324 313/712/300 312/713/299
f 311/714/298 341/427/328 339/425/326
f 339/425/326 312/713/299 311/714/298
f 309/715/296 343/429/330 346/432/333
f 346/432/333 310/716/297 309/715/296
f 308/717/295 347/433/334 343/429/330
f 343/429/330 309/715/296 308/717/295
f 307/718/294 349/435/336 347/433/334
f 347/433/334 308/717/295 307/718/294
f 306/719/293 351/437/338 349/435/336
f 349/435/336 307/718/294 306/719/293
f 305/720/292 353/439/340 351/437/338
f 351/437/338 306/719/293 305/720/292
f 304/721/291 355/441/342 353/439/340
f 353/439/340 305/720/292 304/721/291
f 303/722/290 357/443/344 355/441/342
f 355/441/342 304/721/291 303/722/290
f 302/723/289 359/445/346 357/443/344
f 357/443/344 303/722/290 302/723/289
f 301/724/288 361/447/348 359/445/346
f 359/445/346 302/723/289 301/724/288
f 300/725/287 363/449/350 361/447/348
f 361/447/348 301/724/288 300/725/287
f 299/726/286 365/451/352 363/449/350
f 363/449/350 300/725/287 299/726/286
f 298/727/285 367/453/354 365/451/352
f 365/451/352 299/726/286 298/727/285
f 297/728/284 369/455/356 367/453/354
f 367/453/354 298/727/285 297/728/284
f 295/729/283 371/457/358 369/455/356
f 369/455/356 297/728/284 295/729/283
f 294/730/282 324/459/311 371/457/358
f 371/457/358 295/729/283 294/730/282
f 322/408/309 607/731/594 608/732/595
f 608/732/595 323/409/310 322/408/309
f 326/412/313 609/733/596 607/731/594
f 607/731/594 322/408/309 326/412/313
f 328/414/315 610/734/597 609/733/596
f 609/733/596 326/412/313 328/414/315
f 330/416/317 611/735/598 610/734/597
f 610/734/597 328/414/315 330/416/317
f 332/418/319 612/736/599 613/737/600
f 613/737/600 333/419/320 332/418/319
f 336/422/323 614/738/601 612/736/599
f 612/736/599 332/418/319 336/422/323
f 338/424/325 615/739/602 614/738/601
f 614/738/601 336/422/323 338/424/325
f 340/426/327 616/740/603 615/739/602
f 615/739/602 338/424/325 340/426/327
f 342/428/329 617/741/604 616/740/603
f 616/740/603 340/426/327 342/428/329
f 344/430/331 618/742/605 619/743/606
f 619/743/606 345/431/332 344/430/331
f 348/434/335 620/744/607 618/742/605
f 618/742/605 344/430/331 348/434/335
f 350/436/337 621/745/608 620/744/607
f 620/744/607 348/434/335 350/436/337
f 352/438/339 622/746/609 621/745/608
f 621/745/608 350/436/337 352/438/339
f 354/440/341 623/747/610 622/746/609
f 622/746/609 352/438/339 354/440/341
f 356/442/343 624/748/611 623/747/610
f 623/747/610 354/440/341 356/442/343
f 358/444/345 625/749/612 624/748/611
f 624/748/611 356/442/343 358/444/345
f 360/446/347 626/750/613 625/749/612
f 625/749/612 358/444/345 360/446/347
f 362/448/349 627/751/614 626/750/613
f 626/750/613 360/446/347 362/448/349
f 364/450/351 628/752/615 627/751/614
f 627/751/614 362/448/349 364/450/351
f 366/452/353 629/753/616 628/752/615
f 628/752/615 364/450/351 366/452/353
f 368/454/355 630/754/617 629/753/616
f 629/753/616 366/452/353 368/454/355
f 370/456/357 631/755/618 630/754/617
f 630/754/617 368/454/355 370/456/357
f 372/458/359 632/756/619 631/755/618
f 631/755/618 370/456/357 372/458/359
f 323/460/310 608/757/595 632/756/619
f 632/756/619 372/458/359 323/460/310
f 607/731/594 425/515/412 428/518/415
f 428/518/415 608/732/595 607/731/594
f 609/733/596 429/519/416 425/515/412
f 425/515/412 607/731/594 609/733/596
f 610/734/597 431/521/418 429/519/416
f 429/519/416 609/733/596 610/734/597
f 611/735/598 433/523/420 431/521/418
f 431/521/418 610/734/597 611/735/598
f 618/742/605 447/537/434 450/540/437
f 450/540/437 619/743/606 618/742/605
f 620/744/607 451/541/438 447/537/434
f 447/537/434 618/742/605 620/744/607
f 621/745/608 453/543/440 451/541/438
f 451/541/438 620/744/607 621/745/608
f 622/746/609 455/545/442 453/543/440
f 453/543/440 621/745/608 622/746/609
f 623/747/610 457/547/444 455/545/442
f 455/545/442 622/746/609 623/747/610
f 624/748/611 459/549/446 457/547/444
f 457/547/444 623/747/610 624/748/611
f 625/749/612 461/551/448 459/549/446
f 459/549/446 624/748/611 625/749/612
f 626/750/613 463/553/450 461/551/448
f 461/551/448 625/749/612 626/750/613
f 627/751/614 465/555/452 463/553/450
f 463/553/450 626/750/613 627/751/614
f 628/752/615 467/557/454 465/555/452
f 465/555/452 627/751/614 628/752/615
f 629/753/616 469/559/456 467/557/454
f 467/557/454 628/752/615 629/753/616
f 630/754/617 471/561/458 469/559/456
f 469/559/456 629/753/616 630/754/617
f 631/755/618 473/563/460 471/561/458
f 471/561/458 630/754/617 631/755/618
f 632/756/619 475/565/462 473/563/460
f 473/563/460 631/755/618 632/756/619
f 608/757/595 428/567/415 475/565/462
f 475/565/462 632/756/619 608/757/595
f 285/343/273 284/342/272 283/341/271
f 283/341/271 286/344/274 285/343/273
f 285/343/273 585/681/572 587/683/574
f 587/683/574 284/342/272 285/343/273
f 538/632/525 537/631/524 542/636/529
f 542/636/529 541/635/528 538/632/525
f 486/578/473 485/577/472 490/582/477
f 490/582/477 489/581/476 486/578/473
f 382/470/369 381/469/368 386/474/373
f 386/474/373 385/473/372 382/470/369
f 433/523/420 438/528/425 437/527/424
f 437/527/424 434/524/421 433/523/420
f 611/735/598 613/737/600 438/528/425
f 438/528/425 433/523/420 611/735/598
f 330/416/317 333/419/320 613/737/600
f 613/737/600 611/735/598 330/416/317
f 329/415/316 334/420/321 333/419/320
f 333/419/320 330/416/317 329/415/316
f 317/708/304 316/710/303 334/420/321
f 334/420/321 329/415/316 317/708/304
f 426/516/413 633/758/620 634/759/621
f 634/759/621 427/517/414 426/516/413
f 430/520/417 635/760/622 633/758/620
f 633/758/620 426/516/413 430/520/417
f 432/522/419 636/761/623 635/760/622
f 635/760/622 430/520/417 432/522/419
f 434/524/421 637/762/624 636/761/623
f 636/761/623 432/522/419 434/524/421
f 434/524/421 437/527/424 638/763/625
f 638/763/625 637/762/624 434/524/421
f 436/526/423 639/764/626 638/763/625
f 638/763/625 437/527/424 436/526/423
f 440/530/427 640/765/627 639/764/626
f 639/764/626 436/526/423 440/530/427
f 442/532/429 641/766/628 640/765/627
f 640/765/627 440/530/427 442/532/429
f 444/534/431 642/767/629 641/766/628
f 641/766/628 442/532/429 444/534/431
f 446/536/433 643/768/630 642/767/629
f 642/767/629 444/534/431 446/536/433
f 448/538/435 644/769/631 645/770/632
f 645/770/632 449/539/436 448/538/435
f 452/542/439 646/771/633 644/769/631
f 644/769/631 448/538/435 452/542/439
f 454/544/441 647/772/634 646/771/633
f 646/771/633 452/542/439 454/544/441
f 456/546/443 648/773/635 647/772/634
f 647/772/634 454/544/441 456/546/443
f 458/548/445 649/774/636 648/773/635
f 648/773/635 456/546/443 458/548/445
f 460/550/447 650/775/637 649/774/636
f 649/774/636 458/548/445 460/550/447
f 462/552/449 651/776/638 650/775/637
f 650/775/637 460/550/447 462/552/449
f 464/554/451 652/777/639 651/776/638
f 651/776/638 462/552/449 464/554/451
f 466/556/453 653/778/640 652/777/639
f 652/777/639 464/554/451 466/556/453
f 468/558/455 654/779/641 653/778/640
f 653/778/640 466/556/453 468/558/455
f 470/560/457 655/780/642 654/779/641
f 654/779/641 468/558/455 470/560/457
f 472/562/459 656/781/643 655/780/642
f 655/780/642 470/560/457 472/562/459
f 474/564/461 657/782/644 656/781/643
f 656/781/643 472/562/459 474/564/461
f 476/566/463 658/783/645 657/782/644
f 657/782/644 474/564/461 476/566/463
f 427/568/414 634/784/621 658/783/645
f 658/783/645 476/566/463 427/568/414
f 633/758/620 373/461/360 376/464/363
f 376/464/363 634/759/621 633/758/620
f 635/760/622 377/465/364 373/461/360
f 373/461/360 633/758/620 635/760/622
f 636/761/623 379/467/366 377/465/364
f 377/465/364 635/760/622 636/761/623
f 637/762/624 381/469/368 379/467/366
f 379/467/366 636/761/623 637/762/624
f 381/469/368 637/762/624 638/763/625
f 638/763/625 386/474/373 381/469/368
f 644/769/631 395/483/382 398/486/385
f 398/486/385 645/770/632 644/769/631
f 646/771/633 399/487/386 395/483/382
f 395/483/382 644/769/631 646/771/633
f 647/772/634 401/489/388 399/487/386
f 399/487/386 646/771/633 647/772/634
f 648/773/635 403/491/390 401/489/388
f 401/489/388 647/772/634 648/773/635
f 649/774/636 405/493/392 403/491/390
f 403/491/390 648/773/635 649/774/636
f 650/775/637 407/495/394 405/493/392
f 405/493/392 649/774/636 650/775/637
f 651/776/638 409/497/396 407/495/394
f 407/495/394 650/775/637 651/776/638
f 652/777/639 411/499/398 409/497/396
f 409/497/396 651/776/638 652/777/639
f 653/778/640 413/501/400 411/499/398
f 411/499/398 652/777/639 653/778/640
f 654/779/641 415/503/402 413/501/400
f 413/501/400 653/778/640 654/779/641
f 655/780/642 417/505/404 415/503/402
f 415/503/402 654/779/641 655/780/642
f 656/781/643 419/507/406 417/505/404
f 417/505/404 655/780/642 656/781/643
f 657/782/644 421/509/408 419/507/406
f 419/507/406 656/781/643 657/782/644
f 658/783/645 423/511/410 421/509/408
f 421/509/408 657/782/644 658/783/645
f 634/784/621 376/513/363 423/511/410
f 423/511/410 658/783/645 634/784/621
f 273/331/261 272/330/260 271/329/259
f 271/329/259 274/332/262 273/331/261
f 273/331/261 591/687/578 593/689/580
f 593/689/580 272/330/260 273/331/261
f 550/644/537 549/643/536 554/648/541
f 554/648/541 553/647/540 550/644/537
f 498/590/485 497/589/484 502/594/489
f 502/594/489 501/593/488 498/590/485
f 393/481/380 398/486/385 397/485/384
f 397/485/384 394/482/381 393/481/380
f 446/536/433 449/539/436 645/770/632
f 645/770/632 643/768/630 446/536/433
f 445/535/432 450/540/437 449/539/436
f 449/539/436 446/536/433 445/535/432
f 617/741/604 619/743/606 450/540/437
f 450/540/437 445/535/432 617/741/604
f 342/428/329 345/431/332 619/743/606
f 619/743/606 617/741/604 342/428/329
f 341/427/328 346/432/333 345/431/332
f 345/431/332 342/428/329 341/427/328
f 311/714/298 310/716/297 346/432/333
f 346/432/333 341/427/328 311/714/298
f 659/785/646 477/569/464 480/572/467
f 480/572/467 660/786/647 659/785/646
f 661/787/648 481/573/468 477/569/464
f 477/569/464 659/785/646 661/787/648
f 662/788/649 483/575/470 481/573/468
f 481/573/468 661/787/648 662/788/649
f 663/789/650 485/577/472 483/575/470
f 483/575/470 662/788/649 663/789/650
f 664/790/651 499/591/486 502/594/489
f 502/594/489 665/791/652 664/790/651
f 666/792/653 503/595/490 499/591/486
f 499/591/486 664/790/651 666/792/653
f 667/793/654 505/597/492 503/595/490
f 503/595/490 666/792/653 667/793/654
f 668/794/655 507/599/494 505/597/492
f 505/597/492 667/793/654 668/794/655
f 669/795/656 509/601/496 507/599/494
f 507/599/494 668/794/655 669/795/656
f 670/796/657 511/603/498 509/601/496
f 509/601/496 669/795/656 670/796/657
f 671/797/658 513/605/500 511/603/498
f 511/603/498 670/796/657 671/797/658
f 672/798/659 515/607/502 513/605/500
f 513/605/500 671/797/658 672/798/659
f 673/799/660 517/609/504 515/607/502
f 515/607/502 672/798/659 673/799/660
f 674/800/661 519/611/506 517/609/504
f 517/609/504 673/799/660 674/800/661
f 675/801/662 521/613/508 519/611/506
f 519/611/506 674/800/661 675/801/662
f 676/802/663 523/615/510 521/613/508
f 521/613/508 675/801/662 676/802/663
f 677/803/664 525/617/512 523/615/510
f 523/615/510 676/802/663 677/803/664
f 678/804/665 527/619/514 525/617/512
f 525/617/512 677/803/664 678/804/665
f 660/805/647 480/621/467 527/619/514
f 527/619/514 678/804/665 660/805/647
f 374/462/361 659/785/646 660/786/647
f 660/786/647 375/463/362 374/462/361
f 378/466/365 661/787/648 659/785/646
f 659/785/646 374/462/361 378/466/365
f 380/468/367 662/788/649 661/787/648
f 661/787/648 378/466/365 380/468/367
f 382/470/369 663/789/650 662/788/649
f 662/788/649 380/468/367 382/470/369
f 382/470/369 385/473/372 679/806/666
f 679/806/666 663/789/650 382/470/369
f 384/472/371 680/807/667 679/806/666
f 679/806/666 385/473/372 384/472/371
f 388/476/375 681/808/668 680/807/667
f 680/807/667 384/472/371 388/476/375
f 390/478/377 682/809/669 681/808/668
f 681/808/668 388/476/375 390/478/377
f 392/480/379 683/810/670 682/809/669
f 682/809/669 390/478/377 392/480/379
f 394/482/381 684/811/671 683/810/670
f 683/810/670 392/480/379 394/482/381
f 394/482/381 397/485/384 665/791/652
f 665/791/652 684/811/671 394/482/381
f 396/484/383 664/790/651 665/791/652
f 665/791/652 397/485/384 396/484/383
f 400/488/387 666/792/653 664/790/651
f 664/790/651 396/484/383 400/488/387
f 402/490/389 667/793/654 666/792/653
f 666/792/653 400/488/387 402/490/389
f 404/492/391 668/794/655 667/793/654
f 667/793/654 402/490/389 404/492/391
f 406/494/393 669/795/656 668/794/655
f 668/794/655 404/492/391 406/494/393
f 408/496/395 670/796/657 669/795/656
f 669/795/656 406/494/393 408/496/395
f 410/498/397 671/797/658 670/796/657
f 670/796/657 408/496/395 410/498/397
f 412/500/399 672/798/659 671/797/658
f 671/797/658 410/498/397 412/500/399
f 414/502/401 673/799/660 672/798/659
f 672/798/659 412/500/399 414/502/401
f 416/504/403 674/800/661 673/799/660
f 673/799/660 414/502/401 416/504/403
f 418/506/405 675/801/662 674/800/661
f 674/800/661 416/504/403 418/506/405
f 420/508/407 676/802/663 675/801/662
f 675/801/662 418/506/405 420/508/407
f 422/510/409 677/803/664 676/802/663
f 676/802/663 420/508/407 422/510/409
f 424/512/411 678/804/665 677/803/664
f 677/803/664 422/510/409 424/512/411
f 375/514/362 660/805/647 678/804/665
f 678/804/665 424/512/411 375/514/362
f 478/570/465 685/812/672 686/813/673
f 686/813/673 479/571/466 478/570/465
f 482/574/469 687/814/674 685/812/672
f 685/812/672 478/570/465 482/574/469
f 484/576/471 688/815/675 687/814/674
f 687/814/674 482/574/469 484/576/471
f 486/578/473 689/816/676 688/815/675
f 688/815/675 484/576/471 486/578/473
f 486/578/473 489/581/476 690/817/677
f 690/817/677 689/816/676 486/578/473
f 488/580/475 691/818/678 690/817/677
f 690/817/677 489/581/476 488/580/475
f 492/584/479 692/819/679 691/818/678
f 691/818/678 488/580/475 492/584/479
f 494/586/481 693/820/680 692/819/679
f 692/819/679 492/584/479 494/586/481
f 496/588/483 694/821/681 693/820/680
f 693/820/680 494/586/481 496/588/483
f 498/590/485 695/822/682 694/821/681
f 694/821/681 496/588/483 498/590/485
f 498/590/485 501/593/488 696/823/683
f 696/823/683 695/822/682 498/590/485
f 500/592/487 697/824/684 696/823/683
f 696/823/683 501/593/488 500/592/487
f 504/596/491 698/825/685 697/824/684
f 697/824/684 500/592/487 504/596/491
f 506/598/493 699/826/686 698/825/685
f 698/825/685 504/596/491 506/598/493
f 508/600/495 700/827/687 699/826/686
f 699/826/686 506/598/493 508/600/495
f 510/602/497 701/828/688 700/827/687
f 700/827/687 508/600/495 510/602/497
f 512/604/499 702/829/689 701/828/688
f 701/828/688 510/602/497 512/604/499
f 514/606/501 703/830/690 702/829/689
f 702/829/689 512/604/499 514/606/501
f 516/608/503 704/831/691 703/830/690
f 703/830/690 514/606/501 516/608/503
f 518/610/505 705/832/692 704/831/691
f 704/831/691 516/608/503 518/610/505
f 520/612/507 706/833/693 705/832/692
f 705/832/692 518/610/505 520/612/507
f 522/614/509 707/834/694 706/833/693
f 706/833/693 520/612/507 522/614/509
f 524/616/511 708/835/695 707/834/694
f 707/834/694 522/614/509 524/616/511
f 526/618/513 709/836/696 708/835/695
f 708/835/695 524/616/511 526/618/513
f 528/620/515 710/837/697 709/836/696
f 709/836/696 526/618/513 528/620/515
f 479/622/466 686/838/673 710/837/697
f 710/837/697 528/620/515 479/622/466
f 685/812/672 529/623/516 532/626/519
f 532/626/519 686/813/673 685/812/672
f 687/814/674 533/627/520 529/623/516
f 529/623/516 685/812/672 687/814/674
f 688/815/675 535/629/522 533/627/520
f 533/627/520 687/814/674 688/815/675
f 689/816/676 537/631/524 535/629/522
f 535/629/522 688/815/675 689/816/676
f 697/824/684 551/645/538 554/648/541
f 554/648/541 696/823/683 697/824/684
f 698/825/685 555/649/542 551/645/538
f 551/645/538 697/824/684 698/825/685
f 699/826/686 557/651/544 555/649/542
f 555/649/542 698/825/685 699/826/686
f 700/827/687 559/653/546 557/651/544
f 557/651/544 699/826/686 700/827/687
f 701/828/688 561/655/548 559/653/546
f 559/653/546 700/827/687 701/828/688
f 702/829/689 563/657/550 561/655/548
f 561/655/548 701/828/688 702/829/689
f 703/830/690 565/659/552 563/657/550
f 563/657/550 702/829/689 703/830/690
f 704/831/691 567/661/554 565/659/552
f 565/659/552 703/830/690 704/831/691
f 705/832/692 569/663/556 567/661/554
f 567/661/554 704/831/691 705/832/692
f 706/833/693 571/665/558 569/663/556
f 569/663/556 705/832/692 706/833/693
f 707/834/694 573/667/560 571/665/558
f 571/665/558 706/833/693 707/834/694
f 708/835/695 575/669/562 573/667/560
f 573/667/560 707/834/694 708/835/695
f 709/836/696 577/671/564 575/669/562
f 575/669/562 708/835/695 709/836/696
f 710/837/697 579/673/566 577/671/564
f 577/671/564 709/836/696 710/837/697
f 686/838/673 532/675/519 579/673/566
f 579/673/566 710/837/697 686/838/673
f 530/624/517 711/839/698 712/840/699
f 712/840/699 531/625/518 530/624/517
f 534/628/521 713/841/700 711/839/698
f 711/839/698 530/624/517 534/628/521
f 536/630/523 714/842/701 713/841/700
f 713/841/700 534/628/521 536/630/523
f 538/632/525 715/843/702 714/842/701
f 714/842/701 536/630/523 538/632/525
f 538/632/525 541/635/528 716/844/703
f 716/844/703 715/843/702 538/632/525
f 540/634/527 717/845/704 716/844/703
f 716/844/703 541/635/528 540/634/527
f 544/638/531 718/846/705 717/845/704
f 717/845/704 540/634/527 544/638/531
f 546/640/533 719/847/706 718/846/705
f 718/846/705 544/638/531 546/640/533
f 548/642/535 720/848/707 719/847/706
f 719/847/706 546/640/533 548/642/535
f 550/644/537 721/849/708 720/848/707
f 720/848/707 548/642/535 550/644/537
f 550/644/537 553/647/540 722/850/709
f 722/850/709 721/849/708 550/644/537
f 552/646/539 723/851/710 722/850/709
f 722/850/709 553/647/540 552/646/539
f 556/650/543 724/852/711 723/851/710
f 723/851/710 552/646/539 556/650/543
f 558/652/545 725/853/712 724/852/711
f 724/852/711 556/650/543 558/652/545
f 560/654/547 726/854/713 725/853/712
f 725/853/712 558/652/545 560/654/547
f 562/656/549 727/855/714 726/854/713
f 726/854/713 560/654/547 562/656/549
f 564/658/551 728/856/715 727/855/714
f 727/855/714 562/656/549 564/658/551
f 566/660/553 729/857/716 728/856/715
f 728/856/715 564/658/551 566/660/553
f 568/662/555 730/858/717 729/857/716
f 729/857/716 566/660/553 568/662/555
f 570/664/557 731/859/718 730/858/717
f 730/858/717 568/662/555 570/664/557
f 572/666/559 732/860/719 731/859/718
f 731/859/718 570/664/557 572/666/559
f 574/668/561 733/861/720 732/860/719
f 732/860/719 572/666/559 574/668/561
f 576/670/563 734/862/721 733/861/720
f 733/861/720 574/668/561 576/670/563
f 578/672/565 735/863/722 734/862/721
f 734/862/721 576/670/563 578/672/565
f 580/674/567 736/864/723 735/863/722
f 735/863/722 578/672/565 580/674/567
f 531/676/518 712/865/699 736/864/723
f 736/864/723 580/674/567 531/676/518
f 711/839/698 581/677/568 582/678/569
f 582/678/569 712/840/699 711/839/698
f 713/841/700 583/679/570 581/677/568
f 581/677/568 711/839/698 713/841/700
f 714/842/701 584/680/571 583/679/570
f 583/679/570 713/841/700 714/842/701
f 715/843/702 585/681/572 584/680/571
f 584/680/571 714/842/701 715/843/702
f 723/851/710 592/688/579 593/689/580
f 593/689/580 722/850/709 723/851/710
f 724/852/711 594/690/581 592/688/579
f 592/688/579 723/851/710 724/852/711
f 725/853/712 595/691/582 594/690/581
f 594/690/581 724/852/711 725/853/712
f 726/854/713 596/692/583 595/691/582
f 595/691/582 725/853/712 726/854/713
f 727/855/714 597/693/584 596/692/583
f 596/692/583 726/854/713 727/855/714
f 728/856/715 598/694/585 597/693/584
f 597/693/584 727/855/714 728/856/715
f 729/857/716 599/695/586 598/694/585
f 598/694/585 728/856/715 729/857/716
f 730/858/717 600/696/587 599/695/586
f 599/695/586 729/857/716 730/858/717
f 731/859/718 601/697/588 600/696/587
f 600/696/587 730/858/717 731/859/718
f 732/860/719 602/698/589 601/697/588
f 601/697/588 731/859/718 732/860/719
f 733/861/720 603/699/590 602/698/589
f 602/698/589 732/860/719 733/861/720
f 734/862/721 604/700/591 603/699/590
f 603/699/590 733/861/720 734/862/721
f 735/863/722 605/701/592 604/700/591
f 604/700/591 734/862/721 735/863/722
f 736/864/723 606/702/593 605/701/592
f 605/701/592 735/863/722 736/864/723
f 712/865/699 582/703/569 606/702/593
f 606/702/593 736/864/723 712/865/699
f 737/866/724 435/867/422 438/868/425
f 438/868/425 738/869/725 737/866/724
f 738/869/725 438/868/425 613/870/600
f 613/870/600 739/871/726 738/869/725
f 739/871/726 613/870/600 612/872/599
f 612/872/599 740/873/727 739/871/726
f 741/874/728 439/875/426 435/867/422
f 435/867/422 737/866/724 741/874/728
f 740/873/727 612/872/599 614/876/601
f 614/876/601 742/877/729 740/873/727
f 743/878/730 441/879/428 439/875/426
f 439/875/426 741/874/728 743/878/730
f 742/877/729 614/876/601 615/880/602
f 615/880/602 744/881/731 742/877/729
f 745/882/732 443/883/430 441/879/428
f 441/879/428 743/878/730 745/882/732
f 744/881/731 615/880/602 616/884/603
f 616/884/603 746/885/733 744/881/731
f 747/886/734 445/887/432 443/883/430
f 443/883/430 745/882/732 747/886/734
f 746/885/733 616/884/603 617/888/604
f 617/888/604 748/889/735 746/885/733
f 748/889/735 617/888/604 445/887/432
f 445/887/432 747/886/734 748/889/735
f 749/890/736 383/471/370 386/474/373
f 386/474/373 750/891/737 749/890/736
f 750/891/737 386/474/373 638/763/625
f 638/763/625 751/892/738 750/891/737
f 751/892/738 638/763/625 639/764/626
f 639/764/626 752/893/739 751/892/738
f 753/894/740 387/475/374 383/471/370
f 383/471/370 749/890/736 753/894/740
f 752/893/739 639/764/626 640/765/627
f 640/765/627 754/895/741 752/893/739
f 755/896/742 389/477/376 387/475/374
f 387/475/374 753/894/740 755/896/742
f 754/895/741 640/765/627 641/766/628
f 641/766/628 756/897/743 754/895/741
f 757/898/744 391/479/378 389/477/376
f 389/477/376 755/896/742 757/898/744
f 756/897/743 641/766/628 642/767/629
f 642/767/629 758/899/745 756/897/743
f 759/900/746 393/481/380 391/479/378
f 391/479/378 757/898/744 759/900/746
f 758/899/745 642/767/629 643/768/630
f 643/768/630 760/901/747 758/899/745
f 761/902/748 645/770/632 398/486/385
f 398/486/385 762/903/749 761/902/748
f 762/903/749 398/486/385 393/481/380
f 393/481/380 759/900/746 762/903/749
f 760/901/747 643/768/630 645/770/632
f 645/770/632 761/902/748 760/901/747
f 763/904/750 663/789/650 679/806/666
f 679/806/666 764/905/751 763/904/750
f 765/906/752 490/582/477 485/577/472
f 485/577/472 766/907/753 765/906/752
f 766/907/753 485/577/472 663/789/650
f 663/789/650 763/904/750 766/907/753
f 767/908/754 487/579/474 490/582/477
f 490/582/477 765/906/752 767/908/754
f 764/905/751 679/806/666 680/807/667
f 680/807/667 768/909/755 764/905/751
f 769/910/756 491/583/478 487/579/474
f 487/579/474 767/908/754 769/910/756
f 768/909/755 680/807/667 681/808/668
f 681/808/668 770/911/757 768/909/755
f 771/912/758 493/585/480 491/583/478
f 491/583/478 769/910/756 771/912/758
f 770/911/757 681/808/668 682/809/669
f 682/809/669 772/913/759 770/911/757
f 773/914/760 495/587/482 493/585/480
f 493/585/480 771/912/758 773/914/760
f 772/913/759 682/809/669 683/810/670
f 683/810/670 774/915/761 772/913/759
f 775/916/762 497/589/484 495/587/482
f 495/587/482 773/914/760 775/916/762
f 774/915/761 683/810/670 684/811/671
f 684/811/671 776/917/763 774/915/761
f 776/917/763 684/811/671 665/791/652
f 665/791/652 777/918/764 776/917/763
f 777/918/764 665/791/652 502/594/489
f 502/594/489 778/919/765 777/918/764
f 778/919/765 502/594/489 497/589/484
f 497/589/484 775/916/762 778/919/765
f 779/920/766 689/816/676 690/817/677
f 690/817/677 780/921/767 779/920/766
f 781/922/768 542/636/529 537/631/524
f 537/631/524 782/923/769 781/922/768
f 782/923/769 537/631/524 689/816/676
f 689/816/676 779/920/766 782/923/769
f 783/924/770 539/633/526 542/636/529
f 542/636/529 781/922/768 783/924/770
f 780/921/767 690/817/677 691/818/678
f 691/818/678 784/925/771 780/921/767
f 785/926/772 543/637/530 539/633/526
f 539/633/526 783/924/770 785/926/772
f 784/925/771 691/818/678 692/819/679
f 692/819/679 786/927/773 784/925/771
f 787/928/774 545/639/532 543/637/530
f 543/637/530 785/926/772 787/928/774
f 786/927/773 692/819/679 693/820/680
f 693/820/680 788/929/775 786/927/773
f 789/930/776 547/641/534 545/639/532
f 545/639/532 787/928/774 789/930/776
f 788/929/775 693/820/680 694/821/681
f 694/821/681 790/931/777 788/929/775
f 791/932/778 549/643/536 547/641/534
f 547/641/534 789/930/776 791/932/778
f 790/931/777 694/821/681 695/822/682
f 695/822/682 792/933/779 790/931/777
f 792/933/779 695/822/682 696/823/683
f 696/823/683 793/934/780 792/933/779
f 793/934/780 696/823/683 554/648/541
f 554/648/541 794/935/781 793/934/780
f 794/935/781 554/648/541 549/643/536
f 549/643/536 791/932/778 794/935/781
f 795/936/782 715/843/702 716/844/703
f 716/844/703 796/937/783 795/936/782
f 797/938/784 587/683/574 585/681/572
f 585/681/572 798/939/785 797/938/784
f 798/939/785 585/681/572 715/843/702
f 715/843/702 795/936/782 798/939/785
f 799/940/786 586/682/573 587/683/574
f 587/683/574 797/938/784 799/940/786
f 796/937/783 716/844/703 717/845/704
f 717/845/704 800/941/787 796/937/783
f 801/942/788 588/684/575 586/682/573
f 586/682/573 799/940/786 801/942/788
f 800/941/787 717/845/704 718/846/705
f 718/846/705 802/943/789 800/941/787
f 803/944/790 589/685/576 588/684/575
f 588/684/575 801/942/788 803/944/790
f 802/943/789 718/846/705 719/847/706
f 719/847/706 804/945/791 802/943/789
f 805/946/792 590/686/577 589/685/576
f 589/685/576 803/944/790 805/946/792
f 804/945/791 719/847/706 720/848/707
f 720/848/707 806/947/793 804/945/791
f 807/948/794 591/687/578 590/686/577
f 590/686/577 805/946/792 807/948/794
f 806/947/793 720/848/707 721/849/708
f 721/849/708 808/949/795 806/947/793
f 808/949/795 721/849/708 722/850/709
f 722/850/709 809/950/796 808/949/795
f 809/950/796 722/850/709 593/689/580
f 593/689/580 810/951/797 809/950/796
f 810/951/797 593/689/580 591/687/578
f 591/687/578 807/948/794 810/951/797
f 811/952/798 812/953/799 813/954/800
f 813/954/800 814/955/801 811/952/798
f 814/955/801 813/954/800 815/956/802
f 815/956/802 816/957/803 814/955/801
f 816/957/803 815/956/802 817/958/804
f 817/958/804 818/959/805 816/957/803
f 818/959/805 817/958/804 819/960/806
f 819/960/806 820/961/807 818/959/805
f 820/961/807 819/960/806 821/962/808
f 821/962/808 822/963/240 820/961/807
f 822/963/240 821/962/808 823/964/241
f 823/964/241 824/965/809 822/963/240
f 824/965/809 823/964/241 825/966/243
f 825/966/243 826/967/810 824/965/809
f 826/967/810 825/966/243 827/968/811
f 827/968/811 828/969/812 826/967/810
f 828/969/812 827/968/811 829/970/813
f 829/970/813 830/971/814 828/969/812
f 830/971/814 829/970/813 831/972/815
f 831/972/815 832/973/816 830/971/814
f 832/973/816 831/972/815 833/974/817
f 833/974/817 834/975/818 832/973/816
f 834/975/818 833/974/817 835/976/819
f 835/976/819 836/977/820 834/975/818
f 836/977/820 835/976/819 837/978/821
f 837/978/821 838/979/822 836/977/820
f 838/979/822 837/978/821 839/980/823
f 839/980/823 840/981/824 838/979/822
f 840/981/824 839/980/823 841/982/825
f 841/982/825 842/983/826 840/981/824
f 843/984/827 844/985/828 845/986/829
f 845/986/829 846/987/830 843/984/827
f 846/987/830 845/986/829 847/988/831
f 847/988/831 848/989/832 846/987/830
f 848/989/832 847/988/831 849/990/833
f 849/990/833 850/991/834 848/989/832
f 850/991/834 849/990/833 851/992/835
f 851/992/835 852/993/836 850/991/834
f 852/993/836 851/992/835 853/994/837
f 853/994/837 854/995/838 852/993/836
f 855/996/839 856/997/840 857/998/841
f 857/998/841 858/999/842 855/996/839
f 858/999/842 857/998/841 859/1000/843
f 859/1000/843 860/1001/844 858/999/842
f 860/1001/844 859/1000/843 861/1002/845
f 861/1002/845 862/1003/846 860/1001/844
f 862/1003/846 861/1002/845 812/1004/799
f 812/1004/799 811/1005/798 862/1003/846
f 813/1006/800 812/1007/799 863/1008/281
f 815/1009/802 813/1006/800 863/1008/281
f 817/1010/804 815/1009/802 863/1008/281
f 819/1011/806 817/1010/804 863/1008/281
f 821/1012/808 819/1011/806 863/1008/281
f 823/1013/241 821/1012/808 863/1008/281
f 825/1014/243 823/1013/241 863/1008/281
f 827/1015/811 825/1014/243 863/1008/281
f 829/1016/813 827/1015/811 863/1008/281
f 831/1017/815 829/1016/813 863/1008/281
f 833/1018/817 831/1017/815 863/1008/281
f 835/1019/819 833/1018/817 863/1008/281
f 837/1020/821 835/1019/819 863/1008/281
f 839/1021/823 837/1020/821 863/1008/281
f 863/1008/281 844/1022/828 841/1023/825
f 841/1023/825 839/1021/823 863/1008/281
f 845/1024/829 844/1022/828 863/1008/281
f 847/1025/831 845/1024/829 863/1008/281
f 849/1026/833 847/1025/831 863/1008/281
f 851/1027/835 849/1026/833 863/1008/281
f 863/1008/281 856/1028/840 853/1029/837
f 853/1029/837 851/1027/835 863/1008/281
f 857/1030/841 856/1028/840 863/1008/281
f 859/1031/843 857/1030/841 863/1008/281
f 861/1032/845 859/1031/843 863/1008/281
f 812/1007/799 861/1032/845 863/1008/281
f 864/1033/847 865/1034/848 866/1035/82
f 865/1034/848 867/1036/849 866/1035/82
f 867/1036/849 868/1037/850 866/1035/82
f 868/1037/850 869/1038/851 866/1035/82
f 869/1038/851 870/1039/852 866/1035/82
f 870/1039/852 871/1040/853 866/1035/82
f 871/1040/853 872/1041/854 866/1035/82
f 872/1041/854 873/1042/855 866/1035/82
f 873/1042/855 874/1043/856 866/1035/82
f 874/1043/856 875/1044/857 866/1035/82
f 875/1044/857 876/1045/858 866/1035/82
f 876/1045/858 877/1046/859 866/1035/82
f 877/1046/859 878/1047/860 866/1035/82
f 878/1047/860 879/1048/861 866/1035/82
f 866/1035/82 879/1048/861 880/1049/862
f 880/1049/862 881/1050/863 866/1035/82
f 881/1050/863 882/1051/864 866/1035/82
f 882/1051/864 883/1052/865 866/1035/82
f 883/1052/865 884/1053/866 866/1035/82
f 884/1053/866 885/1054/867 866/1035/82
f 866/1035/82 885/1054/867 886/1055/868
f 886/1055/868 887/1056/869 866/1035/82
f 887/1056/869 888/1057/870 866/1035/82
f 888/1057/870 889/1058/871 866/1035/82
f 889/1058/871 890/1059/872 866/1035/82
f 890/1059/872 864/1033/847 866/1035/82
f 891/1060/873 892/1061/874 893/1062/875
f 893/1062/875 894/1063/876 891/1060/873
f 895/1064/877 896/1065/878 892/1061/874
f 892/1061/874 891/1060/873 895/1064/877
f 897/1066/879 898/1067/880 896/1065/878
f 896/1065/878 895/1064/877 897/1066/879
f 899/1068/881 900/1069/882 898/1067/880
f 898/1067/880 897/1066/879 899/1068/881
f 901/1070/883 902/1071/884 903/1072/885
f 903/1072/885 904/1073/886 901/1070/883
f 905/1074/887 906/1075/888 902/1071/884
f 902/1071/884 901/1070/883 905/1074/887
f 907/1076/889 908/1077/890 906/1075/888
f 906/1075/888 905/1074/887 907/1076/889
f 909/1078/891 910/1079/892 908/1077/890
f 908/1077/890 907/1076/889 909/1078/891
f 911/1080/893 912/1081/894 910/1079/892
f 910/1079/892 909/1078/891 911/1080/893
f 913/1082/895 914/1083/896 915/1084/897
f 915/1084/897 916/1085/898 913/1082/895
f 917/1086/899 918/1087/900 914/1083/896
f 914/1083/896 913/1082/895 917/1086/899
f 919/1088/901 920/1089/902 918/1087/900
f 918/1087/900 917/1086/899 919/1088/901
f 921/1090/903 922/1091/904 920/1089/902
f 920/1089/902 919/1088/901 921/1090/903
f 923/1092/905 924/1093/906 922/1091/904
f 922/1091/904 921/1090/903 923/1092/905
f 925/1094/907 926/1095/908 924/1093/906
f 924/1093/906 923/1092/905 925/1094/907
f 927/1096/909 928/1097/910 926/1095/908
f 926/1095/908 925/1094/907 927/1096/909
f 929/1098/911 930/1099/912 928/1097/910
f 928/1097/910 927/1096/909 929/1098/911
f 931/1100/913 932/1101/914 930/1099/912
f 930/1099/912 929/1098/911 931/1100/913
f 933/1102/915 934/1103/916 932/1101/914
f 932/1101/914 931/1100/913 933/1102/915
f 935/1104/917 936/1105/918 934/1103/916
f 934/1103/916 933/1102/915 935/1104/917
f 937/1106/919 938/1107/920 936/1105/918
f 936/1105/918 935/1104/917 937/1106/919
f 939/1108/921 940/1109/922 938/1107/920
f 938/1107/920 937/1106/919 939/1108/921
f 941/1110/923 942/1111/924 940/1109/922
f 940/1109/922 939/1108/921 941/1110/923
f 894/1112/876 893/1113/875 942/1111/924
f 942/1111/924 941/1110/923 894/1112/876
f 943/1114/925 944/1115/926 945/1116/927
f 945/1116/927 946/1117/928 943/1114/925
f 947/1118/929 948/1119/930 944/1115/926
f 944/1115/926 943/1114/925 947/1118/929
f 949/1120/931 950/1121/932 948/1119/930
f 948/1119/930 947/1118/929 949/1120/931
f 951/1122/933 952/1123/934 950/1121/932
f 950/1121/932 949/1120/931 951/1122/933
f 953/1124/935 954/1125/936 955/1126/937
f 955/1126/937 956/1127/938 953/1124/935
f 957/1128/939 958/1129/940 954/1125/936
f 954/1125/936 953/1124/935 957/1128/939
f 959/1130/941 960/1131/942 958/1129/940
f 958/1129/940 957/1128/939 959/1130/941
f 961/1132/943 962/1133/944 960/1131/942
f 960/1131/942 959/1130/941 961/1132/943
f 963/1134/945 964/1135/946 962/1133/944
f 962/1133/944 961/1132/943 963/1134/945
f 965/1136/947 966/1137/948 967/1138/949
f 967/1138/949 968/1139/950 965/1136/947
f 969/1140/951 970/1141/952 966/1137/948
f 966/1137/948 965/1136/947 969/1140/951
f 971/1142/953 972/1143/954 970/1141/952
f 970/1141/952 969/1140/951 971/1142/953
f 973/1144/955 974/1145/956 972/1143/954
f 972/1143/954 971/1142/953 973/1144/955
f 975/1146/957 976/1147/958 974/1145/956
f 974/1145/956 973/1144/955 975/1146/957
f 977/1148/959 978/1149/960 976/1147/958
f 976/1147/958 975/1146/957 977/1148/959
f 979/1150/961 980/1151/962 978/1149/960
f 978/1149/960 977/1148/959 979/1150/961
f 981/1152/963 982/1153/964 980/1151/962
f 980/1151/962 979/1150/961 981/1152/963
f 983/1154/965 984/1155/966 982/1153/964
f 982/1153/964 981/1152/963 983/1154/965
f 985/1156/967 986/1157/968 984/1155/966
f 984/1155/966 983/1154/965 985/1156/967
f 987/1158/969 988/1159/970 986/1157/968
f 986/1157/968 985/1156/967 987/1158/969
f 989/1160/971 990/1161/972 988/1159/970
f 988/1159/970 987/1158/969 989/1160/971
f 991/1162/973 992/1163/974 990/1161/972
f 990/1161/972 989/1160/971 991/1162/973
f 993/1164/975 994/1165/976 992/1163/974
f 992/1163/974 991/1162/973 993/1164/975
f 946/1166/928 945/1167/927 994/1165/976
f 994/1165/976 993/1164/975 946/1166/928
f 995/1168/977 996/1169/978 997/1170/979
f 997/1170/979 998/1171/980 995/1168/977
f 999/1172/981 1000/1173/982 996/1169/978
f 996/1169/978 995/1168/977 999/1172/981
f 1001/1174/983 1002/1175/984 1000/1173/982
f 1000/1173/982 999/1172/981 1001/1174/983
f 1003/1176/985 1004/1177/986 1002/1175/984
f 1002/1175/984 1001/1174/983 1003/1176/985
f 1005/1178/987 1006/1179/988 1007/1180/989
f 1007/1180/989 1008/1181/990 1005/1178/987
f 1009/1182/991 1010/1183/992 1006/1179/988
f 1006/1179/988 1005/1178/987 1009/1182/991
f 1011/1184/993 1012/1185/994 1010/1183/992
f 1010/1183/992 1009/1182/991 1011/1184/993
f 1013/1186/995 1014/1187/996 1012/1185/994
f 1012/1185/994 1011/1184/993 1013/1186/995
f 1015/1188/997 1016/1189/998 1014/1187/996
f 1014/1187/996 1013/1186/995 1015/1188/997
f 1017/1190/999 1018/1191/1000 1019/1192/1001
f 1019/1192/1001 1020/1193/1002 1017/1190/999
f 1021/1194/1003 1022/1195/1004 1018/1191/1000
f 1018/1191/1000 1017/1190/999 1021/1194/1003
f 1023/1196/1005 1024/1197/1006 1022/1195/1004
f 1022/1195/1004 1021/1194/1003 1023/1196/1005
f 1025/1198/1007 1026/1199/1008 1024/1197/1006
f 1024/1197/1006 1023/1196/1005 1025/1198/1007
f 1027/1200/1009 1028/1201/1010 1026/1199/1008
f 1026/1199/1008 1025/1198/1007 1027/1200/1009
f 1029/1202/1011 1030/1203/1012 1028/1201/1010
f 1028/1201/1010 1027/1200/1009 1029/1202/1011
f 1031/1204/1013 1032/1205/1014 1030/1203/1012
f 1030/1203/1012 1029/1202/1011 1031/1204/1013
f 1033/1206/1015 1034/1207/1016 1032/1205/1014
f 1032/1205/1014 1031/1204/1013 1033/1206/1015
f 1035/1208/1017 1036/1209/1018 1034/1207/1016
f 1034/1207/1016 1033/1206/1015 1035/1208/1017
f 1037/1210/1019 1038/1211/1020 1036/1209/1018
f 1036/1209/1018 1035/1208/1017 1037/1210/1019
f 1039/1212/1021 1040/1213/1022 1038/1211/1020
f 1038/1211/1020 1037/1210/1019 1039/1212/1021
f 1041/1214/1023 1042/1215/1024 1040/1213/1022
f 1040/1213/1022 1039/1212/1021 1041/1214/1023
f 1043/1216/1025 1044/1217/1026 1042/1215/1024
f 1042/1215/1024 1041/1214/1023 1043/1216/1025
f 1045/1218/1027 1046/1219/1028 1044/1217/1026
f 1044/1217/1026 1043/1216/1025 1045/1218/1027
f 998/1220/980 997/1221/979 1046/1219/1028
f 1046/1219/1028 1045/1218/1027 998/1220/980
f 1047/1222/464 1048/1223/1029 1049/1224/1030
f 1049/1224/1030 1050/1225/1031 1047/1222/464
f 1051/1226/1032 1052/1227/1033 1048/1223/1029
f 1048/1223/1029 1047/1222/464 1051/1226/1032
f 1053/1228/1034 1054/1229/1035 1052/1227/1033
f 1052/1227/1033 1051/1226/1032 1053/1228/1034
f 1055/1230/1036 1056/1231/1037 1054/1229/1035
f 1054/1229/1035 1053/1228/1034 1055/1230/1036
f 1057/1232/1038 1058/1233/1039 1059/1234/1040
f 1059/1234/1040 1060/1235/1041 1057/1232/1038
f 1061/1236/1042 1062/1237/1043 1058/1233/1039
f 1058/1233/1039 1057/1232/1038 1061/1236/1042
f 1063/1238/1044 1064/1239/1045 1062/1237/1043
f 1062/1237/1043 1061/1236/1042 1063/1238/1044
f 1065/1240/1046 1066/1241/1047 1064/1239/1045
f 1064/1239/1045 1063/1238/1044 1065/1240/1046
f 1067/1242/1048 1068/1243/1049 1066/1241/1047
f 1066/1241/1047 1065/1240/1046 1067/1242/1048
f 1069/1244/1050 1070/1245/1051 1071/1246/1052
f 1071/1246/1052 1072/1247/1053 1069/1244/1050
f 1073/1248/1054 1074/1249/1055 1070/1245/1051
f 1070/1245/1051 1069/1244/1050 1073/1248/1054
f 1075/1250/1056 1076/1251/1057 1074/1249/1055
f 1074/1249/1055 1073/1248/1054 1075/1250/1056
f 1077/1252/1058 1078/1253/1059 1076/1251/1057
f 1076/1251/1057 1075/1250/1056 1077/1252/1058
f 1079/1254/1060 1080/1255/1061 1078/1253/1059
f 1078/1253/1059 1077/1252/1058 1079/1254/1060
f 1081/1256/1062 1082/1257/1063 1080/1255/1061
f 1080/1255/1061 1079/1254/1060 1081/1256/1062
f 1083/1258/1064 1084/1259/1065 1082/1257/1063
f 1082/1257/1063 1081/1256/1062 1083/1258/1064
f 1085/1260/1066 1086/1261/1067 1084/1259/1065
f 1084/1259/1065 1083/1258/1064 1085/1260/1066
f 1087/1262/1068 1088/1263/1069 1086/1261/1067
f 1086/1261/1067 1085/1260/1066 1087/1262/1068
f 1089/1264/1070 1090/1265/1071 1088/1263/1069
f 1088/1263/1069 1087/1262/1068 1089/1264/1070
f 1091/1266/1072 1092/1267/1073 1090/1265/1071
f 1090/1265/1071 1089/1264/1070 1091/1266/1072
f 1093/1268/1074 1094/1269/1075 1092/1267/1073
f 1092/1267/1073 1091/1266/1072 1093/1268/1074
f 1095/1270/1076 1096/1271/1077 1094/1269/1075
f 1094/1269/1075 1093/1268/1074 1095/1270/1076
f 1097/1272/1078 1098/1273/1079 1096/1271/1077
f 1096/1271/1077 1095/1270/1076 1097/1272/1078
f 1050/1274/1031 1049/1275/1030 1098/1273/1079
f 1098/1273/1079 1097/1272/1078 1050/1274/1031
f 1099/1276/1080 1100/1277/1081 1101/1278/1082
f 1101/1278/1082 1102/1279/1083 1099/1276/1080
f 1103/1280/1084 1104/1281/1085 1100/1277/1081
f 1100/1277/1081 1099/1276/1080 1103/1280/1084
f 1105/1282/1086 1106/1283/1087 1104/1281/1085
f 1104/1281/1085 1103/1280/1084 1105/1282/1086
f 1107/1284/1088 1108/1285/1089 1106/1283/1087
f 1106/1283/1087 1105/1282/1086 1107/1284/1088
f 1109/1286/1090 1110/1287/1091 1111/1288/1092
f 1111/1288/1092 1112/1289/1093 1109/1286/1090
f 1113/1290/1094 1114/1291/1095 1110/1287/1091
f 1110/1287/1091 1109/1286/1090 1113/1290/1094
f 1115/1292/1096 1116/1293/1097 1114/1291/1095
f 1114/1291/1095 1113/1290/1094 1115/1292/1096
f 1117/1294/1098 1118/1295/1099 1116/1293/1097
f 1116/1293/1097 1115/1292/1096 1117/1294/1098
f 1119/1296/1100 1120/1297/1101 1118/1295/1099
f 1118/1295/1099 1117/1294/1098 1119/1296/1100
f 1121/1298/1102 1122/1299/1103 1123/1300/1104
f 1123/1300/1104 1124/1301/1105 1121/1298/1102
f 1125/1302/1106 1126/1303/1107 1122/1299/1103
f 1122/1299/1103 1121/1298/1102 1125/1302/1106
f 1127/1304/1108 1128/1305/1109 1126/1303/1107
f 1126/1303/1107 1125/1302/1106 1127/1304/1108
f 1129/1306/1110 1130/1307/1111 1128/1305/1109
f 1128/1305/1109 1127/1304/1108 1129/1306/1110
f 1131/1308/1112 1132/1309/1113 1130/1307/1111
f 1130/1307/1111 1129/1306/1110 1131/1308/1112
f 1133/1310/1114 1134/1311/1115 1132/1309/1113
f 1132/1309/1113 1131/1308/1112 1133/1310/1114
f 1135/1312/1116 1136/1313/1117 1134/1311/1115
f 1134/1311/1115 1133/1310/1114 1135/1312/1116
f 1137/1314/1118 1138/1315/1119 1136/1313/1117
f 1136/1313/1117 1135/1312/1116 1137/1314/1118
f 1139/1316/1120 1140/1317/1121 1138/1315/1119
f 1138/1315/1119 1137/1314/1118 1139/1316/1120
f 1141/1318/1122 1142/1319/1123 1140/1317/1121
f 1140/1317/1121 1139/1316/1120 1141/1318/1122
f 1143/1320/1124 1144/1321/1125 1142/1319/1123
f 1142/1319/1123 1141/1318/1122 1143/1320/1124
f 1145/1322/1126 1146/1323/1127 1144/1321/1125
f 1144/1321/1125 1143/1320/1124 1145/1322/1126
f 1147/1324/1128 1148/1325/1129 1146/1323/1127
f 1146/1323/1127 1145/1322/1126 1147/1324/1128
f 1149/1326/1130 1150/1327/1131 1148/1325/1129
f 1148/1325/1129 1147/1324/1128 1149/1326/1130
f 1102/1328/1083 1101/1329/1082 1150/1327/1131
f 1150/1327/1131 1149/1326/1130 1102/1328/1083
f 1151/1330/1132 862/1003/846 811/1005/798
f 811/1005/798 1152/1331/1133 1151/1330/1132
f 1153/1332/570 860/1001/844 862/1003/846
f 862/1003/846 1151/1330/1132 1153/1332/570
f 1154/1333/1134 858/999/842 860/1001/844
f 860/1001/844 1153/1332/570 1154/1333/1134
f 1155/1334/1135 855/996/839 858/999/842
f 858/999/842 1154/1333/1134 1155/1334/1135
f 1156/1335/1136 852/993/836 854/995/838
f 854/995/838 1157/1336/1137 1156/1335/1136
f 1158/1337/1138 850/991/834 852/993/836
f 852/993/836 1156/1335/1136 1158/1337/1138
f 1159/1338/1139 848/989/832 850/991/834
f 850/991/834 1158/1337/1138 1159/1338/1139
f 1160/1339/1140 846/987/830 848/989/832
f 848/989/832 1159/1338/1139 1160/1339/1140
f 1161/1340/1141 843/984/827 846/987/830
f 846/987/830 1160/1339/1140 1161/1340/1141
f 1162/1341/1142 840/981/824 842/983/826
f 842/983/826 1163/1342/1143 1162/1341/1142
f 1164/1343/1144 838/979/822 840/981/824
f 840/981/824 1162/1341/1142 1164/1343/1144
f 1165/1344/1145 836/977/820 838/979/822
f 838/979/822 1164/1343/1144 1165/1344/1145
f 1166/1345/1146 834/975/818 836/977/820
f 836/977/820 1165/1344/1145 1166/1345/1146
f 1167/1346/1147 832/973/816 834/975/818
f 834/975/818 1166/1345/1146 1167/1346/1147
f 1168/1347/1148 830/971/814 832/973/816
f 832/973/816 1167/1346/1147 1168/1347/1148
f 1169/1348/1149 828/969/812 830/971/814
f 830/971/814 1168/1347/1148 1169/1348/1149
f 1170/1349/1150 826/967/810 828/969/812
f 828/969/812 1169/1348/1149 1170/1349/1150
f 1171/1350/1151 824/965/809 826/967/810
f 826/967/810 1170/1349/1150 1171/1350/1151
f 1172/1351/1152 822/963/240 824/965/809
f 824/965/809 1171/1350/1151 1172/1351/1152
f 1173/1352/1153 820/961/807 822/963/240
f 822/963/240 1172/1351/1152 1173/1352/1153
f 1174/1353/1154 818/959/805 820/961/807
f 820/961/807 1173/1352/1153 1174/1353/1154
f 1175/1354/1155 816/957/803 818/959/805
f 818/959/805 1174/1353/1154 1175/1354/1155
f 1176/1355/1156 814/955/801 816/957/803
f 816/957/803 1175/1354/1155 1176/1355/1156
f 1152/1356/1133 811/952/798 814/955/801
f 814/955/801 1176/1355/1156 1152/1356/1133
f 890/1357/872 891/1060/873 894/1063/876
f 894/1063/876 864/1358/847 890/1357/872
f 889/1359/871 895/1064/877 891/1060/873
f 891/1060/873 890/1357/872 889/1359/871
f 888/1360/870 897/1066/879 895/1064/877
f 895/1064/877 889/1359/871 888/1360/870
f 887/1361/869 899/1068/881 897/1066/879
f 897/1066/879 888/1360/870 887/1361/869
f 885/1362/867 901/1070/883 904/1073/886
f 904/1073/886 886/1363/868 885/1362/867
f 884/1364/866 905/1074/887 901/1070/883
f 901/1070/883 885/1362/867 884/1364/866
f 883/1365/865 907/1076/889 905/1074/887
f 905/1074/887 884/1364/866 883/1365/865
f 882/1366/864 909/1078/891 907/1076/889
f 907/1076/889 883/1365/865 882/1366/864
f 881/1367/863 911/1080/893 909/1078/891
f 909/1078/891 882/1366/864 881/1367/863
f 879/1368/861 913/1082/895 916/1085/898
f 916/1085/898 880/1369/862 879/1368/861
f 878/1370/860 917/1086/899 913/1082/895
f 913/1082/895 879/1368/861 878/1370/860
f 877/1371/859 919/1088/901 917/1086/899
f 917/1086/899 878/1370/860 877/1371/859
f 876/1372/858 921/1090/903 919/1088/901
f 919/1088/901 877/1371/859 876/1372/858
f 875/1373/857 923/1092/905 921/1090/903
f 921/1090/903 876/1372/858 875/1373/857
f 874/1374/856 925/1094/907 923/1092/905
f 923/1092/905 875/1373/857 874/1374/856
f 873/1375/855 927/1096/909 925/1094/907
f 925/1094/907 874/1374/856 873/1375/855
f 872/1376/854 929/1098/911 927/1096/909
f 927/1096/909 873/1375/855 872/1376/854
f 871/1377/853 931/1100/913 929/1098/911
f 929/1098/911 872/1376/854 871/1377/853
f 870/1378/852 933/1102/915 931/1100/913
f 931/1100/913 871/1377/853 870/1378/852
f 869/1379/851 935/1104/917 933/1102/915
f 933/1102/915 870/1378/852 869/1379/851
f 868/1380/850 937/1106/919 935/1104/917
f 935/1104/917 869/1379/851 868/1380/850
f 867/1381/849 939/1108/921 937/1106/919
f 937/1106/919 868/1380/850 867/1381/849
f 865/1382/848 941/1110/923 939/1108/921
f 939/1108/921 867/1381/849 865/1382/848
f 864/1383/847 894/1112/876 941/1110/923
f 941/1110/923 865/1382/848 864/1383/847
f 892/1061/874 1177/1384/1157 1178/1385/1158
f 1178/1385/1158 893/1062/875 892/1061/874
f 896/1065/878 1179/1386/1159 1177/1384/1157
f 1177/1384/1157 892/1061/874 896/1065/878
f 898/1067/880 1180/1387/1160 1179/1386/1159
f 1179/1386/1159 896/1065/878 898/1067/880
f 900/1069/882 1181/1388/1161 1180/1387/1160
f 1180/1387/1160 898/1067/880 900/1069/882
f 902/1071/884 1182/1389/1162 1183/1390/1163
f 1183/1390/1163 903/1072/885 902/1071/884
f 906/1075/888 1184/1391/1164 1182/1389/1162
f 1182/1389/1162 902/1071/884 906/1075/888
f 908/1077/890 1185/1392/1165 1184/1391/1164
f 1184/1391/1164 906/1075/888 908/1077/890
f 910/1079/892 1186/1393/1166 1185/1392/1165
f 1185/1392/1165 908/1077/890 910/1079/892
f 912/1081/894 1187/1394/1167 1186/1393/1166
f 1186/1393/1166 910/1079/892 912/1081/894
f 914/1083/896 1188/1395/1168 1189/1396/1169
f 1189/1396/1169 915/1084/897 914/1083/896
f 918/1087/900 1190/1397/1170 1188/1395/1168
f 1188/1395/1168 914/1083/896 918/1087/900
f 920/1089/902 1191/1398/1171 1190/1397/1170
f 1190/1397/1170 918/1087/900 920/1089/902
f 922/1091/904 1192/1399/1172 1191/1398/1171
f 1191/1398/1171 920/1089/902 922/1091/904
f 924/1093/906 1193/1400/1173 1192/1399/1172
f 1192/1399/1172 922/1091/904 924/1093/906
f 926/1095/908 1194/1401/1174 1193/1400/1173
f 1193/1400/1173 924/1093/906 926/1095/908
f 928/1097/910 1195/1402/1175 1194/1401/1174
f 1194/1401/1174 926/1095/908 928/1097/910
f 930/1099/912 1196/1403/1176 1195/1402/1175
f 1195/1402/1175 928/1097/910 930/1099/912
f 932/1101/914 1197/1404/1177 1196/1403/1176
f 1196/1403/1176 930/1099/912 932/1101/914
f 934/1103/916 1198/1405/1178 1197/1404/1177
f 1197/1404/1177 932/1101/914 934/1103/916
f 936/1105/918 1199/1406/1179 1198/1405/1178
f 1198/1405/1178 934/1103/916 936/1105/918
f 938/1107/920 1200/1407/1180 1199/1406/1179
f 1199/1406/1179 936/1105/918 938/1107/920
f 940/1109/922 1201/1408/1181 1200/1407/1180
f 1200/1407/1180 938/1107/920 940/1109/922
f 942/1111/924 1202/1409/1182 1201/1408/1181
f 1201/1408/1181 940/1109/922 942/1111/924
f 893/1113/875 1178/1410/1158 1202/1409/1182
f 1202/1409/1182 942/1111/924 893/1113/875
f 1177/1384/1157 995/1168/977 998/1171/980
f 998/1171/980 1178/1385/1158 1177/1384/1157
f 1179/1386/1159 999/1172/981 995/1168/977
f 995/1168/977 1177/1384/1157 1179/1386/1159
f 1180/1387/1160 1001/1174/983 999/1172/981
f 999/1172/981 1179/1386/1159 1180/1387/1160
f 1181/1388/1161 1003/1176/985 1001/1174/983
f 1001/1174/983 1180/1387/1160 1181/1388/1161
f 1188/1395/1168 1017/1190/999 1020/1193/1002
f 1020/1193/1002 1189/1396/1169 1188/1395/1168
f 1190/1397/1170 1021/1194/1003 1017/1190/999
f 1017/1190/999 1188/1395/1168 1190/1397/1170
f 1191/1398/1171 1023/1196/1005 1021/1194/1003
f 1021/1194/1003 1190/1397/1170 1191/1398/1171
f 1192/1399/1172 1025/1198/1007 1023/1196/1005
f 1023/1196/1005 1191/1398/1171 1192/1399/1172
f 1193/1400/1173 1027/1200/1009 1025/1198/1007
f 1025/1198/1007 1192/1399/1172 1193/1400/1173
f 1194/1401/1174 1029/1202/1011 1027/1200/1009
f 1027/1200/1009 1193/1400/1173 1194/1401/1174
f 1195/1402/1175 1031/1204/1013 1029/1202/1011
f 1029/1202/1011 1194/1401/1174 1195/1402/1175
f 1196/1403/1176 1033/1206/1015 1031/1204/1013
f 1031/1204/1013 1195/1402/1175 1196/1403/1176
f 1197/1404/1177 1035/1208/1017 1033/1206/1015
f 1033/1206/1015 1196/1403/1176 1197/1404/1177
f 1198/1405/1178 1037/1210/1019 1035/1208/1017
f 1035/1208/1017 1197/1404/1177 1198/1405/1178
f 1199/1406/1179 1039/1212/1021 1037/1210/1019
f 1037/1210/1019 1198/1405/1178 1199/1406/1179
f 1200/1407/1180 1041/1214/1023 1039/1212/1021
f 1039/1212/1021 1199/1406/1179 1200/1407/1180
f 1201/1408/1181 1043/1216/1025 1041/1214/1023
f 1041/1214/1023 1200/1407/1180 1201/1408/1181
f 1202/1409/1182 1045/1218/1027 1043/1216/1025
f 1043/1216/1025 1201/1408/1181 1202/1409/1182
f 1178/1410/1158 998/1220/980 1045/1218/1027
f 1045/1218/1027 1202/1409/1182 1178/1410/1158
f 855/996/839 854/995/838 853/994/837
f 853/994/837 856/997/840 855/996/839
f 855/996/839 1155/1334/1135 1157/1336/1137
f 1157/1336/1137 854/995/838 855/996/839
f 1108/1285/1089 1107/1284/1088 1112/1289/1093
f 1112/1289/1093 1111/1288/1092 1108/1285/1089
f 1056/1231/1037 1055/1230/1036 1060/1235/1041
f 1060/1235/1041 1059/1234/1040 1056/1231/1037
f 952/1123/934 951/1122/933 956/1127/938
f 956/1127/938 955/1126/937 952/1123/934
f 1003/1176/985 1008/1181/990 1007/1180/989
f 1007/1180/989 1004/1177/986 1003/1176/985
f 1181/1388/1161 1183/1390/1163 1008/1181/990
f 1008/1181/990 1003/1176/985 1181/1388/1161
f 900/1069/882 903/1072/885 1183/1390/1163
f 1183/1390/1163 1181/1388/1161 900/1069/882
f 899/1068/881 904/1073/886 903/1072/885
f 903/1072/885 900/1069/882 899/1068/881
f 887/1361/869 886/1363/868 904/1073/886
f 904/1073/886 899/1068/881 887/1361/869
f 1015/1188/997 1013/1186/995 1015/1411/997
f 1187/1394/1167 1015/1188/997 1015/1411/997
f 996/1169/978 1203/1412/1183 1204/1413/1184
f 1204/1413/1184 997/1170/979 996/1169/978
f 1000/1173/982 1205/1414/1185 1203/1412/1183
f 1203/1412/1183 996/1169/978 1000/1173/982
f 1002/1175/984 1206/1415/1186 1205/1414/1185
f 1205/1414/1185 1000/1173/982 1002/1175/984
f 1004/1177/986 1207/1416/1187 1206/1415/1186
f 1206/1415/1186 1002/1175/984 1004/1177/986
f 1004/1177/986 1007/1180/989 1208/1417/1188
f 1208/1417/1188 1207/1416/1187 1004/1177/986
f 1006/1179/988 1209/1418/1189 1208/1417/1188
f 1208/1417/1188 1007/1180/989 1006/1179/988
f 1010/1183/992 1210/1419/1190 1209/1418/1189
f 1209/1418/1189 1006/1179/988 1010/1183/992
f 1012/1185/994 1211/1420/1191 1210/1419/1190
f 1210/1419/1190 1010/1183/992 1012/1185/994
f 1014/1187/996 1212/1421/1192 1211/1420/1191
f 1211/1420/1191 1012/1185/994 1014/1187/996
f 1016/1189/998 1213/1422/1193 1212/1421/1192
f 1212/1421/1192 1014/1187/996 1016/1189/998
f 1018/1191/1000 1214/1423/1194 1215/1424/1195
f 1215/1424/1195 1019/1192/1001 1018/1191/1000
f 1022/1195/1004 1216/1425/1196 1214/1423/1194
f 1214/1423/1194 1018/1191/1000 1022/1195/1004
f 1024/1197/1006 1217/1426/1197 1216/1425/1196
f 1216/1425/1196 1022/1195/1004 1024/1197/1006
f 1026/1199/1008 1218/1427/1198 1217/1426/1197
f 1217/1426/1197 1024/1197/1006 1026/1199/1008
f 1028/1201/1010 1219/1428/1199 1218/1427/1198
f 1218/1427/1198 1026/1199/1008 1028/1201/1010
f 1030/1203/1012 1220/1429/1200 1219/1428/1199
f 1219/1428/1199 1028/1201/1010 1030/1203/1012
f 1032/1205/1014 1221/1430/1201 1220/1429/1200
f 1220/1429/1200 1030/1203/1012 1032/1205/1014
f 1034/1207/1016 1222/1431/1202 1221/1430/1201
f 1221/1430/1201 1032/1205/1014 1034/1207/1016
f 1036/1209/1018 1223/1432/1203 1222/1431/1202
f 1222/1431/1202 1034/1207/1016 1036/1209/1018
f 1038/1211/1020 1224/1433/1204 1223/1432/1203
f 1223/1432/1203 1036/1209/1018 1038/1211/1020
f 1040/1213/1022 1225/1434/1205 1224/1433/1204
f 1224/1433/1204 1038/1211/1020 1040/1213/1022
f 1042/1215/1024 1226/1435/1206 1225/1434/1205
f 1225/1434/1205 1040/1213/1022 1042/1215/1024
f 1044/1217/1026 1227/1436/1207 1226/1435/1206
f 1226/1435/1206 1042/1215/1024 1044/1217/1026
f 1046/1219/1028 1228/1437/1208 1227/1436/1207
f 1227/1436/1207 1044/1217/1026 1046/1219/1028
f 997/1221/979 1204/1438/1184 1228/1437/1208
f 1228/1437/1208 1046/1219/1028 997/1221/979
f 1203/1412/1183 943/1114/925 946/1117/928
f 946/1117/928 1204/1413/1184 1203/1412/1183
f 1205/1414/1185 947/1118/929 943/1114/925
f 943/1114/925 1203/1412/1183 1205/1414/1185
f 1206/1415/1186 949/1120/931 947/1118/929
f 947/1118/929 1205/1414/1185 1206/1415/1186
f 1207/1416/1187 951/1122/933 949/1120/931
f 949/1120/931 1206/1415/1186 1207/1416/1187
f 951/1122/933 1207/1416/1187 1208/1417/1188
f 1208/1417/1188 956/1127/938 951/1122/933
f 1214/1423/1194 965/1136/947 968/1139/950
f 968/1139/950 1215/1424/1195 1214/1423/1194
f 1216/1425/1196 969/1140/951 965/1136/947
f 965/1136/947 1214/1423/1194 1216/1425/1196
f 1217/1426/1197 971/1142/953 969/1140/951
f 969/1140/951 1216/1425/1196 1217/1426/1197
f 1218/1427/1198 973/1144/955 971/1142/953
f 971/1142/953 1217/1426/1197 1218/1427/1198
f 1219/1428/1199 975/1146/957 973/1144/955
f 973/1144/955 1218/1427/1198 1219/1428/1199
f 1220/1429/1200 977/1148/959 975/1146/957
f 975/1146/957 1219/1428/1199 1220/1429/1200
f 1221/1430/1201 979/1150/961 977/1148/959
f 977/1148/959 1220/1429/1200 1221/1430/1201
f 1222/1431/1202 981/1152/963 979/1150/961
f 979/1150/961 1221/1430/1201 1222/1431/1202
f 1223/1432/1203 983/1154/965 981/1152/963
f 981/1152/963 1222/1431/1202 1223/1432/1203
f 1224/1433/1204 985/1156/967 983/1154/965
f 983/1154/965 1223/1432/1203 1224/1433/1204
f 1225/1434/1205 987/1158/969 985/1156/967
f 985/1156/967 1224/1433/1204 1225/1434/1205
f 1226/1435/1206 989/1160/971 987/1158/969
f 987/1158/969 1225/1434/1205 1226/1435/1206
f 1227/1436/1207 991/1162/973 989/1160/971
f 989/1160/971 1226/1435/1206 1227/1436/1207
f 1228/1437/1208 993/1164/975 991/1162/973
f 991/1162/973 1227/1436/1207 1228/1437/1208
f 1204/1438/1184 946/1166/928 993/1164/975
f 993/1164/975 1228/1437/1208 1204/1438/1184
f 843/984/827 842/983/826 841/982/825
f 841/982/825 844/985/828 843/984/827
f 843/984/827 1161/1340/1141 1163/1342/1143
f 1163/1342/1143 842/983/826 843/984/827
f 1120/1297/1101 1119/1296/1100 1124/1301/1105
f 1124/1301/1105 1123/1300/1104 1120/1297/1101
f 1068/1243/1049 1067/1242/1048 1072/1247/1053
f 1072/1247/1053 1071/1246/1052 1068/1243/1049
f 963/1134/945 968/1139/950 967/1138/949
f 967/1138/949 964/1135/946 963/1134/945
f 1016/1189/998 1019/1192/1001 1215/1424/1195
f 1215/1424/1195 1213/1422/1193 1016/1189/998
f 1015/1188/997 1020/1193/1002 1019/1192/1001
f 1019/1192/1001 1016/1189/998 1015/1188/997
f 1187/1394/1167 1189/1396/1169 1020/1193/1002
f 1020/1193/1002 1015/1188/997 1187/1394/1167
f 912/1081/894 915/1084/897 1189/1396/1169
f 1189/1396/1169 1187/1394/1167 912/1081/894
f 911/1080/893 916/1085/898 915/1084/897
f 915/1084/897 912/1081/894 911/1080/893
f 881/1367/863 880/1369/862 916/1085/898
f 916/1085/898 911/1080/893 881/1367/863
f 1229/1439/1209 1047/1222/464 1050/1225/1031
f 1050/1225/1031 1230/1440/1210 1229/1439/1209
f 1231/1441/1211 1051/1226/1032 1047/1222/464
f 1047/1222/464 1229/1439/1209 1231/1441/1211
f 1232/1442/1212 1053/1228/1034 1051/1226/1032
f 1051/1226/1032 1231/1441/1211 1232/1442/1212
f 1233/1443/1213 1055/1230/1036 1053/1228/1034
f 1053/1228/1034 1232/1442/1212 1233/1443/1213
f 1234/1444/1214 1069/1244/1050 1072/1247/1053
f 1072/1247/1053 1235/1445/1215 1234/1444/1214
f 1236/1446/1216 1073/1248/1054 1069/1244/1050
f 1069/1244/1050 1234/1444/1214 1236/1446/1216
f 1237/1447/1217 1075/1250/1056 1073/1248/1054
f 1073/1248/1054 1236/1446/1216 1237/1447/1217
f 1238/1448/1218 1077/1252/1058 1075/1250/1056
f 1075/1250/1056 1237/1447/1217 1238/1448/1218
f 1239/1449/1219 1079/1254/1060 1077/1252/1058
f 1077/1252/1058 1238/1448/1218 1239/1449/1219
f 1240/1450/657 1081/1256/1062 1079/1254/1060
f 1079/1254/1060 1239/1449/1219 1240/1450/657
f 1241/1451/1220 1083/1258/1064 1081/1256/1062
f 1081/1256/1062 1240/1450/657 1241/1451/1220
f 1242/1452/1221 1085/1260/1066 1083/1258/1064
f 1083/1258/1064 1241/1451/1220 1242/1452/1221
f 1243/1453/1222 1087/1262/1068 1085/1260/1066
f 1085/1260/1066 1242/1452/1221 1243/1453/1222
f 1244/1454/1223 1089/1264/1070 1087/1262/1068
f 1087/1262/1068 1243/1453/1222 1244/1454/1223
f 1245/1455/1224 1091/1266/1072 1089/1264/1070
f 1089/1264/1070 1244/1454/1223 1245/1455/1224
f 1246/1456/1225 1093/1268/1074 1091/1266/1072
f 1091/1266/1072 1245/1455/1224 1246/1456/1225
f 1247/1457/1226 1095/1270/1076 1093/1268/1074
f 1093/1268/1074 1246/1456/1225 1247/1457/1226
f 1248/1458/1227 1097/1272/1078 1095/1270/1076
f 1095/1270/1076 1247/1457/1226 1248/1458/1227
f 1230/1459/1210 1050/1274/1031 1097/1272/1078
f 1097/1272/1078 1248/1458/1227 1230/1459/1210
f 944/1115/926 1229/1439/1209 1230/1440/1210
f 1230/1440/1210 945/1116/927 944/1115/926
f 948/1119/930 1231/1441/1211 1229/1439/1209
f 1229/1439/1209 944/1115/926 948/1119/930
f 950/1121/932 1232/1442/1212 1231/1441/1211
f 1231/1441/1211 948/1119/930 950/1121/932
f 952/1123/934 1233/1443/1213 1232/1442/1212
f 1232/1442/1212 950/1121/932 952/1123/934
f 952/1123/934 955/1126/937 1249/1460/1228
f 1249/1460/1228 1233/1443/1213 952/1123/934
f 954/1125/936 1250/1461/1229 1249/1460/1228
f 1249/1460/1228 955/1126/937 954/1125/936
f 958/1129/940 1251/1462/1230 1250/1461/1229
f 1250/1461/1229 954/1125/936 958/1129/940
f 960/1131/942 1252/1463/1231 1251/1462/1230
f 1251/1462/1230 958/1129/940 960/1131/942
f 962/1133/944 1253/1464/1232 1252/1463/1231
f 1252/1463/1231 960/1131/942 962/1133/944
f 964/1135/946 1254/1465/1233 1253/1464/1232
f 1253/1464/1232 962/1133/944 964/1135/946
f 964/1135/946 967/1138/949 1235/1445/1215
f 1235/1445/1215 1254/1465/1233 964/1135/946
f 966/1137/948 1234/1444/1214 1235/1445/1215
f 1235/1445/1215 967/1138/949 966/1137/948
f 970/1141/952 1236/1446/1216 1234/1444/1214
f 1234/1444/1214 966/1137/948 970/1141/952
f 972/1143/954 1237/1447/1217 1236/1446/1216
f 1236/1446/1216 970/1141/952 972/1143/954
f 974/1145/956 1238/1448/1218 1237/1447/1217
f 1237/1447/1217 972/1143/954 974/1145/956
f 976/1147/958 1239/1449/1219 1238/1448/1218
f 1238/1448/1218 974/1145/956 976/1147/958
f 978/1149/960 1240/1450/657 1239/1449/1219
f 1239/1449/1219 976/1147/958 978/1149/960
f 980/1151/962 1241/1451/1220 1240/1450/657
f 1240/1450/657 978/1149/960 980/1151/962
f 982/1153/964 1242/1452/1221 1241/1451/1220
f 1241/1451/1220 980/1151/962 982/1153/964
f 984/1155/966 1243/1453/1222 1242/1452/1221
f 1242/1452/1221 982/1153/964 984/1155/966
f 986/1157/968 1244/1454/1223 1243/1453/1222
f 1243/1453/1222 984/1155/966 986/1157/968
f 988/1159/970 1245/1455/1224 1244/1454/1223
f 1244/1454/1223 986/1157/968 988/1159/970
f 990/1161/972 1246/1456/1225 1245/1455/1224
f 1245/1455/1224 988/1159/970 990/1161/972
f 992/1163/974 1247/1457/1226 1246/1456/1225
f 1246/1456/1225 990/1161/972 992/1163/974
f 994/1165/976 1248/1458/1227 1247/1457/1226
f 1247/1457/1226 992/1163/974 994/1165/976
f 945/1167/927 1230/1459/1210 1248/1458/1227
f 1248/1458/1227 994/1165/976 945/1167/927
f 1048/1223/1029 1255/1466/1234 1256/1467/1235
f 1256/1467/1235 1049/1224/1030 1048/1223/1029
f 1052/1227/1033 1257/1468/1236 1255/1466/1234
f 1255/1466/1234 1048/1223/1029 1052/1227/1033
f 1054/1229/1035 1258/1469/1237 1257/1468/1236
f 1257/1468/1236 1052/1227/1033 1054/1229/1035
f 1056/1231/1037 1259/1470/1238 1258/1469/1237
f 1258/1469/1237 1054/1229/1035 1056/1231/1037
f 1056/1231/1037 1059/1234/1040 1260/1471/1239
f 1260/1471/1239 1259/1470/1238 1056/1231/1037
f 1058/1233/1039 1261/1472/1240 1260/1471/1239
f 1260/1471/1239 1059/1234/1040 1058/1233/1039
f 1062/1237/1043 1262/1473/1241 1261/1472/1240
f 1261/1472/1240 1058/1233/1039 1062/1237/1043
f 1064/1239/1045 1263/1474/1242 1262/1473/1241
f 1262/1473/1241 1062/1237/1043 1064/1239/1045
f 1066/1241/1047 1264/1475/1243 1263/1474/1242
f 1263/1474/1242 1064/1239/1045 1066/1241/1047
f 1068/1243/1049 1265/1476/1244 1264/1475/1243
f 1264/1475/1243 1066/1241/1047 1068/1243/1049
f 1068/1243/1049 1071/1246/1052 1266/1477/1245
f 1266/1477/1245 1265/1476/1244 1068/1243/1049
f 1070/1245/1051 1267/1478/1246 1266/1477/1245
f 1266/1477/1245 1071/1246/1052 1070/1245/1051
f 1074/1249/1055 1268/1479/1247 1267/1478/1246
f 1267/1478/1246 1070/1245/1051 1074/1249/1055
f 1076/1251/1057 1269/1480/1248 1268/1479/1247
f 1268/1479/1247 1074/1249/1055 1076/1251/1057
f 1078/1253/1059 1270/1481/1249 1269/1480/1248
f 1269/1480/1248 1076/1251/1057 1078/1253/1059
f 1080/1255/1061 1271/1482/1250 1270/1481/1249
f 1270/1481/1249 1078/1253/1059 1080/1255/1061
f 1082/1257/1063 1272/1483/1251 1271/1482/1250
f 1271/1482/1250 1080/1255/1061 1082/1257/1063
f 1084/1259/1065 1273/1484/1252 1272/1483/1251
f 1272/1483/1251 1082/1257/1063 1084/1259/1065
f 1086/1261/1067 1274/1485/1253 1273/1484/1252
f 1273/1484/1252 1084/1259/1065 1086/1261/1067
f 1088/1263/1069 1275/1486/1254 1274/1485/1253
f 1274/1485/1253 1086/1261/1067 1088/1263/1069
f 1090/1265/1071 1276/1487/1255 1275/1486/1254
f 1275/1486/1254 1088/1263/1069 1090/1265/1071
f 1092/1267/1073 1277/1488/1256 1276/1487/1255
f 1276/1487/1255 1090/1265/1071 1092/1267/1073
f 1094/1269/1075 1278/1489/1257 1277/1488/1256
f 1277/1488/1256 1092/1267/1073 1094/1269/1075
f 1096/1271/1077 1279/1490/1258 1278/1489/1257
f 1278/1489/1257 1094/1269/1075 1096/1271/1077
f 1098/1273/1079 1280/1491/1259 1279/1490/1258
f 1279/1490/1258 1096/1271/1077 1098/1273/1079
f 1049/1275/1030 1256/1492/1235 1280/1491/1259
f 1280/1491/1259 1098/1273/1079 1049/1275/1030
f 1255/1466/1234 1099/1276/1080 1102/1279/1083
f 1102/1279/1083 1256/1467/1235 1255/1466/1234
f 1257/1468/1236 1103/1280/1084 1099/1276/1080
f 1099/1276/1080 1255/1466/1234 1257/1468/1236
f 1258/1469/1237 1105/1282/1086 1103/1280/1084
f 1103/1280/1084 1257/1468/1236 1258/1469/1237
f 1259/1470/1238 1107/1284/1088 1105/1282/1086
f 1105/1282/1086 1258/1469/1237 1259/1470/1238
f 1267/1478/1246 1121/1298/1102 1124/1301/1105
f 1124/1301/1105 1266/1477/1245 1267/1478/1246
f 1268/1479/1247 1125/1302/1106 1121/1298/1102
f 1121/1298/1102 1267/1478/1246 1268/1479/1247
f 1269/1480/1248 1127/1304/1108 1125/1302/1106
f 1125/1302/1106 1268/1479/1247 1269/1480/1248
f 1270/1481/1249 1129/1306/1110 1127/1304/1108
f 1127/1304/1108 1269/1480/1248 1270/1481/1249
f 1271/1482/1250 1131/1308/1112 1129/1306/1110
f 1129/1306/1110 1270/1481/1249 1271/1482/1250
f 1272/1483/1251 1133/1310/1114 1131/1308/1112
f 1131/1308/1112 1271/1482/1250 1272/1483/1251
f 1273/1484/1252 1135/1312/1116 1133/1310/1114
f 1133/1310/1114 1272/1483/1251 1273/1484/1252
f 1274/1485/1253 1137/1314/1118 1135/1312/1116
f 1135/1312/1116 1273/1484/1252 1274/1485/1253
f 1275/1486/1254 1139/1316/1120 1137/1314/1118
f 1137/1314/1118 1274/1485/1253 1275/1486/1254
f 1276/1487/1255 1141/1318/1122 1139/1316/1120
f 1139/1316/1120 1275/1486/1254 1276/1487/1255
f 1277/1488/1256 1143/1320/1124 1141/1318/1122
f 1141/1318/1122 1276/1487/1255 1277/1488/1256
f 1278/1489/1257 1145/1322/1126 1143/1320/1124
f 1143/1320/1124 1277/1488/1256 1278/1489/1257
f 1279/1490/1258 1147/1324/1128 1145/1322/1126
f 1145/1322/1126 1278/1489/1257 1279/1490/1258
f 1280/1491/1259 1149/1326/1130 1147/1324/1128
f 1147/1324/1128 1279/1490/1258 1280/1491/1259
f 1256/1492/1235 1102/1328/1083 1149/1326/1130
f 1149/1326/1130 1280/1491/1259 1256/1492/1235
f 1100/1277/1081 1281/1493/1260 1282/1494/1261
f 1282/1494/1261 1101/1278/1082 1100/1277/1081
f 1104/1281/1085 1283/1495/1262 1281/1493/1260
f 1281/1493/1260 1100/1277/1081 1104/1281/1085
f 1106/1283/1087 1284/1496/1263 1283/1495/1262
f 1283/1495/1262 1104/1281/1085 1106/1283/1087
f 1108/1285/1089 1285/1497/1264 1284/1496/1263
f 1284/1496/1263 1106/1283/1087 1108/1285/1089
f 1108/1285/1089 1111/1288/1092 1286/1498/1265
f 1286/1498/1265 1285/1497/1264 1108/1285/1089
f 1110/1287/1091 1287/1499/1266 1286/1498/1265
f 1286/1498/1265 1111/1288/1092 1110/1287/1091
f 1114/1291/1095 1288/1500/1267 1287/1499/1266
f 1287/1499/1266 1110/1287/1091 1114/1291/1095
f 1116/1293/1097 1289/1501/1268 1288/1500/1267
f 1288/1500/1267 1114/1291/1095 1116/1293/1097
f 1118/1295/1099 1290/1502/1269 1289/1501/1268
f 1289/1501/1268 1116/1293/1097 1118/1295/1099
f 1120/1297/1101 1291/1503/1270 1290/1502/1269
f 1290/1502/1269 1118/1295/1099 1120/1297/1101
f 1120/1297/1101 1123/1300/1104 1292/1504/1271
f 1292/1504/1271 1291/1503/1270 1120/1297/1101
f 1122/1299/1103 1293/1505/1272 1292/1504/1271
f 1292/1504/1271 1123/1300/1104 1122/1299/1103
f 1126/1303/1107 1294/1506/1273 1293/1505/1272
f 1293/1505/1272 1122/1299/1103 1126/1303/1107
f 1128/1305/1109 1295/1507/1274 1294/1506/1273
f 1294/1506/1273 1126/1303/1107 1128/1305/1109
f 1130/1307/1111 1296/1508/1275 1295/1507/1274
f 1295/1507/1274 1128/1305/1109 1130/1307/1111
f 1132/1309/1113 1297/1509/1276 1296/1508/1275
f 1296/1508/1275 1130/1307/1111 1132/1309/1113
f 1134/1311/1115 1298/1510/1277 1297/1509/1276
f 1297/1509/1276 1132/1309/1113 1134/1311/1115
f 1136/1313/1117 1299/1511/1278 1298/1510/1277
f 1298/1510/1277 1134/1311/1115 1136/1313/1117
f 1138/1315/1119 1300/1512/1279 1299/1511/1278
f 1299/1511/1278 1136/1313/1117 1138/1315/1119
f 1140/1317/1121 1301/1513/1280 1300/1512/1279
f 1300/1512/1279 1138/1315/1119 1140/1317/1121
f 1142/1319/1123 1302/1514/1281 1301/1513/1280
f 1301/1513/1280 1140/1317/1121 1142/1319/1123
f 1144/1321/1125 1303/1515/1282 1302/1514/1281
f 1302/1514/1281 1142/1319/1123 1144/1321/1125
f 1146/1323/1127 1304/1516/1283 1303/1515/1282
f 1303/1515/1282 1144/1321/1125 1146/1323/1127
f 1148/1325/1129 1305/1517/1284 1304/1516/1283
f 1304/1516/1283 1146/1323/1127 1148/1325/1129
f 1150/1327/1131 1306/1518/1285 1305/1517/1284
f 1305/1517/1284 1148/1325/1129 1150/1327/1131
f 1101/1329/1082 1282/1519/1261 1306/1518/1285
f 1306/1518/1285 1150/1327/1131 1101/1329/1082
f 1281/1493/1260 1151/1330/1132 1152/1331/1133
f 1152/1331/1133 1282/1494/1261 1281/1493/1260
f 1283/1495/1262 1153/1332/570 1151/1330/1132
f 1151/1330/1132 1281/1493/1260 1283/1495/1262
f 1284/1496/1263 1154/1333/1134 1153/1332/570
f 1153/1332/570 1283/1495/1262 1284/1496/1263
f 1285/1497/1264 1155/1334/1135 1154/1333/1134
f 1154/1333/1134 1284/1496/1263 1285/1497/1264
f 1293/1505/1272 1162/1341/1142 1163/1342/1143
f 1163/1342/1143 1292/1504/1271 1293/1505/1272
f 1294/1506/1273 1164/1343/1144 1162/1341/1142
f 1162/1341/1142 1293/1505/1272 1294/1506/1273
f 1295/1507/1274 1165/1344/1145 1164/1343/1144
f 1164/1343/1144 1294/1506/1273 1295/1507/1274
f 1296/1508/1275 1166/1345/1146 1165/1344/1145
f 1165/1344/1145 1295/1507/1274 1296/1508/1275
f 1297/1509/1276 1167/1346/1147 1166/1345/1146
f 1166/1345/1146 1296/1508/1275 1297/1509/1276
f 1298/1510/1277 1168/1347/1148 1167/1346/1147
f 1167/1346/1147 1297/1509/1276 1298/1510/1277
f 1299/1511/1278 1169/1348/1149 1168/1347/1148
f 1168/1347/1148 1298/1510/1277 1299/1511/1278
f 1300/1512/1279 1170/1349/1150 1169/1348/1149
f 1169/1348/1149 1299/1511/1278 1300/1512/1279
f 1301/1513/1280 1171/1350/1151 1170/1349/1150
f 1170/1349/1150 1300/1512/1279 1301/1513/1280
f 1302/1514/1281 1172/1351/1152 1171/1350/1151
f 1171/1350/1151 1301/1513/1280 1302/1514/1281
f 1303/1515/1282 1173/1352/1153 1172/1351/1152
f 1172/1351/1152 1302/1514/1281 1303/1515/1282
f 1304/1516/1283 1174/1353/1154 1173/1352/1153
f 1173/1352/1153 1303/1515/1282 1304/1516/1283
f 1305/1517/1284 1175/1354/1155 1174/1353/1154
f 1174/1353/1154 1304/1516/1283 1305/1517/1284
f 1306/1518/1285 1176/1355/1156 1175/1354/1155
f 1175/1354/1155 1305/1517/1284 1306/1518/1285
f 1282/1519/1261 1152/1356/1133 1176/1355/1156
f 1176/1355/1156 1306/1518/1285 1282/1519/1261
f 1307/1520/1286 1005/1521/987 1008/1522/990
f 1008/1522/990 1308/1523/1287 1307/1520/1286
f 1308/1523/1287 1008/1522/990 1183/1524/1163
f 1183/1524/1163 1309/1525/1288 1308/1523/1287
f 1309/1525/1288 1183/1524/1163 1182/1526/1162
f 1182/1526/1162 1310/1527/1289 1309/1525/1288
f 1311/1528/1290 1009/1529/991 1005/1521/987
f 1005/1521/987 1307/1520/1286 1311/1528/1290
f 1310/1527/1289 1182/1526/1162 1184/1530/1164
f 1184/1530/1164 1312/1531/1291 1310/1527/1289
f 1313/1532/1292 1011/1533/993 1009/1529/991
f 1009/1529/991 1311/1528/1290 1313/1532/1292
f 1312/1531/1291 1184/1530/1164 1185/1534/1165
f 1185/1534/1165 1314/1535/1293 1312/1531/1291
f 1315/1536/1294 1013/1537/995 1011/1533/993
f 1011/1533/993 1313/1532/1292 1315/1536/1294
f 1314/1535/1293 1185/1534/1165 1186/1538/1166
f 1186/1538/1166 1316/1539/1295 1314/1535/1293
f 1317/1540/1296 1015/1411/997 1013/1537/995
f 1013/1537/995 1315/1536/1294 1317/1540/1296
f 1316/1539/1295 1186/1538/1166 1187/1541/1167
f 1187/1541/1167 1318/1542/1297 1316/1539/1295
f 1318/1542/1297 1187/1541/1167 1015/1411/997
f 1015/1411/997 1317/1540/1296 1318/1542/1297
f 1319/1543/1298 953/1124/935 956/1127/938
f 956/1127/938 1320/1544/1299 1319/1543/1298
f 1320/1544/1299 956/1127/938 1208/1417/1188
f 1208/1417/1188 1321/1545/1300 1320/1544/1299
f 1321/1545/1300 1208/1417/1188 1209/1418/1189
f 1209/1418/1189 1322/1546/1301 1321/1545/1300
f 1323/1547/740 957/1128/939 953/1124/935
f 953/1124/935 1319/1543/1298 1323/1547/740
f 1322/1546/1301 1209/1418/1189 1210/1419/1190
f 1210/1419/1190 1324/1548/1302 1322/1546/1301
f 1325/1549/1303 959/1130/941 957/1128/939
f 957/1128/939 1323/1547/740 1325/1549/1303
f 1324/1548/1302 1210/1419/1190 1211/1420/1191
f 1211/1420/1191 1326/1550/1304 1324/1548/1302
f 1327/1551/1305 961/1132/943 959/1130/941
f 959/1130/941 1325/1549/1303 1327/1551/1305
f 1326/1550/1304 1211/1420/1191 1212/1421/1192
f 1212/1421/1192 1328/1552/1306 1326/1550/1304
f 1329/1553/1307 963/1134/945 961/1132/943
f 961/1132/943 1327/1551/1305 1329/1553/1307
f 1328/1552/1306 1212/1421/1192 1213/1422/1193
f 1213/1422/1193 1330/1554/747 1328/1552/1306
f 1331/1555/1308 1215/1424/1195 968/1139/950
f 968/1139/950 1332/1556/1309 1331/1555/1308
f 1332/1556/1309 968/1139/950 963/1134/945
f 963/1134/945 1329/1553/1307 1332/1556/1309
f 1330/1554/747 1213/1422/1193 1215/1424/1195
f 1215/1424/1195 1331/1555/1308 1330/1554/747
f 1333/1557/1310 1233/1443/1213 1249/1460/1228
f 1249/1460/1228 1334/1558/1311 1333/1557/1310
f 1335/1559/1312 1060/1235/1041 1055/1230/1036
f 1055/1230/1036 1336/1560/1313 1335/1559/1312
f 1336/1560/1313 1055/1230/1036 1233/1443/1213
f 1233/1443/1213 1333/1557/1310 1336/1560/1313
f 1337/1561/1314 1057/1232/1038 1060/1235/1041
f 1060/1235/1041 1335/1559/1312 1337/1561/1314
f 1334/1558/1311 1249/1460/1228 1250/1461/1229
f 1250/1461/1229 1338/1562/1315 1334/1558/1311
f 1339/1563/1316 1061/1236/1042 1057/1232/1038
f 1057/1232/1038 1337/1561/1314 1339/1563/1316
f 1338/1562/1315 1250/1461/1229 1251/1462/1230
f 1251/1462/1230 1340/1564/1317 1338/1562/1315
f 1341/1565/1318 1063/1238/1044 1061/1236/1042
f 1061/1236/1042 1339/1563/1316 1341/1565/1318
f 1340/1564/1317 1251/1462/1230 1252/1463/1231
f 1252/1463/1231 1342/1566/1319 1340/1564/1317
f 1343/1567/1320 1065/1240/1046 1063/1238/1044
f 1063/1238/1044 1341/1565/1318 1343/1567/1320
f 1342/1566/1319 1252/1463/1231 1253/1464/1232
f 1253/1464/1232 1344/1568/1321 1342/1566/1319
f 1345/1569/1322 1067/1242/1048 1065/1240/1046
f 1065/1240/1046 1343/1567/1320 1345/1569/1322
f 1344/1568/1321 1253/1464/1232 1254/1465/1233
f 1254/1465/1233 1346/1570/1323 1344/1568/1321
f 1346/1570/1323 1254/1465/1233 1235/1445/1215
f 1235/1445/1215 1347/1571/1324 1346/1570/1323
f 1347/1571/1324 1235/1445/1215 1072/1247/1053
f 1072/1247/1053 1348/1572/1325 1347/1571/1324
f 1348/1572/1325 1072/1247/1053 1067/1242/1048
f 1067/1242/1048 1345/1569/1322 1348/1572/1325
f 1349/1573/1326 1259/1470/1238 1260/1471/1239
f 1260/1471/1239 1350/1574/1327 1349/1573/1326
f 1351/1575/1328 1112/1289/1093 1107/1284/1088
f 1107/1284/1088 1352/1576/1329 1351/1575/1328
f 1352/1576/1329 1107/1284/1088 1259/1470/1238
f 1259/1470/1238 1349/1573/1326 1352/1576/1329
f 1353/1577/1330 1109/1286/1090 1112/1289/1093
f 1112/1289/1093 1351/1575/1328 1353/1577/1330
f 1350/1574/1327 1260/1471/1239 1261/1472/1240
f 1261/1472/1240 1354/1578/1331 1350/1574/1327
f 1355/1579/1332 1113/1290/1094 1109/1286/1090
f 1109/1286/1090 1353/1577/1330 1355/1579/1332
f 1354/1578/1331 1261/1472/1240 1262/1473/1241
f 1262/1473/1241 1356/1580/1333 1354/1578/1331
f 1357/1581/1334 1115/1292/1096 1113/1290/1094
f 1113/1290/1094 1355/1579/1332 1357/1581/1334
f 1356/1580/1333 1262/1473/1241 1263/1474/1242
f 1263/1474/1242 1358/1582/1335 1356/1580/1333
f 1359/1583/1336 1117/1294/1098 1115/1292/1096
f 1115/1292/1096 1357/1581/1334 1359/1583/1336
f 1358/1582/1335 1263/1474/1242 1264/1475/1243
f 1264/1475/1243 1360/1584/1337 1358/1582/1335
f 1361/1585/1338 1119/1296/1100 1117/1294/1098
f 1117/1294/1098 1359/1583/1336 1361/1585/1338
f 1360/1584/1337 1264/1475/1243 1265/1476/1244
f 1265/1476/1244 1362/1586/1339 1360/1584/1337
f 1362/1586/1339 1265/1476/1244 1266/1477/1245
f 1266/1477/1245 1363/1587/1340 1362/1586/1339
f 1363/1587/1340 1266/1477/1245 1124/1301/1105
f 1124/1301/1105 1364/1588/1341 1363/1587/1340
f 1364/1588/1341 1124/1301/1105 1119/1296/1100
f 1119/1296/1100 1361/1585/1338 1364/1588/1341
f 1365/1589/1342 1285/1497/1264 1286/1498/1265
f 1286/1498/1265 1366/1590/1343 1365/1589/1342
f 1367/1591/1344 1157/1336/1137 1155/1334/1135
f 1155/1334/1135 1368/1592/1345 1367/1591/1344
f 1368/1592/1345 1155/1334/1135 1285/1497/1264
f 1285/1497/1264 1365/1589/1342 1368/1592/1345
f 1369/1593/1346 1156/1335/1136 1157/1336/1137
f 1157/1336/1137 1367/1591/1344 1369/1593/1346
f 1366/1590/1343 1286/1498/1265 1287/1499/1266
f 1287/1499/1266 1370/1594/1347 1366/1590/1343
f 1371/1595/1348 1158/1337/1138 1156/1335/1136
f 1156/1335/1136 1369/1593/1346 1371/1595/1348
f 1370/1594/1347 1287/1499/1266 1288/1500/1267
f 1288/1500/1267 1372/1596/1349 1370/1594/1347
f 1373/1597/1350 1159/1338/1139 1158/1337/1138
f 1158/1337/1138 1371/1595/1348 1373/1597/1350
f 1372/1596/1349 1288/1500/1267 1289/1501/1268
f 1289/1501/1268 1374/1598/1351 1372/1596/1349
f 1375/1599/1352 1160/1339/1140 1159/1338/1139
f 1159/1338/1139 1373/1597/1350 1375/1599/1352
f 1374/1598/1351 1289/1501/1268 1290/1502/1269
f 1290/1502/1269 1376/1600/1353 1374/1598/1351
f 1377/1601/1354 1161/1340/1141 1160/1339/1140
f 1160/1339/1140 1375/1599/1352 1377/1601/1354
f 1376/1600/1353 1290/1502/1269 1291/1503/1270
f 1291/1503/1270 1378/1602/1355 1376/1600/1353
f 1378/1602/1355 1291/1503/1270 1292/1504/1271
f 1292/1504/1271 1379/1603/1356 1378/1602/1355
f 1379/1603/1356 1292/1504/1271 1163/1342/1143
f 1163/1342/1143 1380/1604/1357 1379/1603/1356
f 1380/1604/1357 1163/1342/1143 1161/1340/1141
f 1161/1340/1141 1377/1601/1354 1380/1604/1357
f 1381/1605/1358 1382/1606/1359 1383/1607/1360
f 1383/1607/1360 1384/1608/1361 1381/1605/1358
f 1385/1609/1362 1386/1610/1363 1387/1611/1364
f 1387/1611/1364 1388/1612/1365 1385/1609/1362
f 1389/1613/1366 1390/1614/1367 1391/1615/102
f 1391/1615/102 1392/1616/103 1389/1613/1366
f 1393/1617/1368 1394/1618/1369 1395/1619/1370
f 1395/1619/1370 1396/1620/1371 1393/1617/1368
f 1393/1617/1368 1396/1620/1371 1397/1621/1372
f 1397/1621/1372 1398/1622/1373 1393/1617/1368
f 1398/1623/1373 1397/1624/1372 1383/1607/1360
f 1383/1607/1360 1382/1606/1359 1398/1623/1373
f 1381/1605/1358 1384/1608/1361 1399/1625/1374
f 1399/1625/1374 1400/1626/1375 1381/1605/1358
f 1400/1627/1375 1399/1628/1374 1389/1613/1366
f 1389/1613/1366 1392/1616/103 1400/1627/1375
f 1387/1611/1364 1386/1610/1363 1401/1629/1376
f 1401/1629/1376 1402/1630/1377 1387/1611/1364
f 1402/1631/1377 1401/1632/1376 1395/1619/1370
f 1395/1619/1370 1394/1618/1369 1402/1631/1377
f 1391/1615/102 1390/1614/1367 1403/1633/1378
f 1403/1633/1378 1404/1634/1379 1391/1615/102
f 1404/1635/1379 1403/1636/1378 1385/1609/1362
f 1385/1609/1362 1388/1612/1365 1404/1635/1379
f 1385/1637/1362 1403/1638/1378 1390/1639/1367
f 1385/1637/1362 1390/1639/1367 1389/1640/1366
f 1385/1637/1362 1389/1640/1366 1399/1641/1374
f 1385/1637/1362 1399/1641/1374 1384/1642/1361
f 1385/1637/1362 1384/1642/1361 1383/1643/1360
f 1385/1637/1362 1383/1643/1360 1397/1644/1372
f 1385/1637/1362 1397/1644/1372 1396/1645/1371
f 1385/1637/1362 1396/1645/1371 1395/1646/1370
f 1385/1637/1362 1395/1646/1370 1401/1647/1376
f 1401/1647/1376 1386/1648/1363 1385/1637/1362
f 1405/1649/1380 1406/1650/1381 1407/1651/1382
f 1405/1649/1380 1407/1651/1382 1408/1652/1383
f 1405/1649/1380 1408/1652/1383 1409/1653/1384
f 1405/1649/1380 1409/1653/1384 1410/1654/1385
f 1405/1649/1380 1410/1654/1385 1411/1655/1386
f 1405/1649/1380 1411/1655/1386 1412/1656/1387
f 1405/1649/1380 1412/1656/1387 1413/1657/1388
f 1405/1649/1380 1413/1657/1388 1414/1658/1389
f 1405/1649/1380 1414/1658/1389 1415/1659/1390
f 1415/1659/1390 1416/1660/127 1405/1649/1380
f 1417/1661/1391 1404/1661/1379 1388/1662/1365
f 1388/1662/1365 1418/1662/1392 1417/1661/1391
f 1418/1662/1392 1388/1662/1365 1387/1663/1364
f 1387/1663/1364 1419/1663/1393 1418/1662/1392
f 1419/1663/1393 1387/1663/1364 1402/1664/1377
f 1402/1664/1377 1420/1664/1394 1419/1663/1393
f 1420/1664/1394 1402/1664/1377 1394/1665/1369
f 1394/1665/1369 1421/1665/1395 1420/1664/1394
f 1421/1665/1395 1394/1665/1369 1393/1666/1368
f 1393/1666/1368 1422/1666/1396 1421/1665/1395
f 1422/1666/1396 1393/1666/1368 1398/1667/1373
f 1398/1667/1373 1423/1667/1397 1422/1666/1396
f 1423/1667/1397 1398/1667/1373 1382/1668/1359
f 1382/1668/1359 1424/1668/1398 1423/1667/1397
f 1424/1668/1398 1382/1668/1359 1381/1669/1358
f 1381/1669/1358 1425/1669/1399 1424/1668/1398
f 1425/1669/1399 1381/1669/1358 1400/1670/1375
f 1400/1670/1375 1426/1670/1400 1425/1669/1399
f 1426/1670/1400 1400/1670/1375 1392/1671/103
f 1392/1671/103 1427/1671/138 1426/1670/1400
f 1427/1671/138 1392/1671/103 1391/1672/102
f 1391/1672/102 1428/1672/1401 1427/1671/138
f 1428/1672/1401 1391/1672/102 1404/1661/1379
f 1404/1661/1379 1417/1661/1391 1428/1672/1401
f 1406/1650/1381 1417/1661/1391 1418/1662/1392
f 1418/1662/1392 1407/1651/1382 1406/1650/1381
f 1407/1651/1382 1418/1662/1392 1419/1663/1393
f 1419/1663/1393 1408/1652/1383 1407/1651/1382
f 1408/1652/1383 1419/1663/1393 1420/1664/1394
f 1420/1664/1394 1409/1653/1384 1408/1652/1383
f 1409/1653/1384 1420/1664/1394 1421/1665/1395
f 1421/1665/1395 1410/1654/1385 1409/1653/1384
f 1410/1654/1385 1421/1665/1395 1422/1666/1396
f 1422/1666/1396 1411/1655/1386 1410/1654/1385
f 1411/1655/1386 1422/1666/1396 1423/1667/1397
f 1423/1667/1397 1412/1656/1387 1411/1655/1386
f 1412/1656/1387 1423/1667/1397 1424/1668/1398
f 1424/1668/1398 1413/1657/1388 1412/1656/1387
f 1413/1657/1388 1424/1668/1398 1425/1669/1399
f 1425/1669/1399 1414/1658/1389 1413/1657/1388
f 1414/1658/1389 1425/1669/1399 1426/1670/1400
f 1426/1670/1400 1415/1659/1390 1414/1658/1389
f 1415/1659/1390 1426/1670/1400 1427/1671/138
f 1427/1671/138 1416/1660/127 1415/1659/1390
f 1416/1660/127 1427/1671/138 1428/1672/1401
f 1428/1672/1401 1405/1649/1380 1416/1660/127
f 1405/1649/1380 1428/1672/1401 1417/1661/1391
f 1417/1661/1391 1406/1650/1381 1405/1649/1380
f 1429/1673/1402 1430/1674/1403 1431/1675/1404
f 1431/1675/1404 1432/1676/1405 1429/1673/1402
f 1432/1676/1405 1431/1675/1404 1433/1677/1406
f 1433/1677/1406 1434/1678/1407 1432/1676/1405
f 1434/1678/1407 1433/1677/1406 1435/1679/1408
f 1435/1679/1408 1436/1680/1409 1434/1678/1407
f 1436/1680/1409 1435/1679/1408 1437/1681/1410
f 1437/1681/1410 1438/1682/1411 1436/1680/1409
f 1438/1682/1411 1437/1681/1410 1439/1683/1412
f 1439/1683/1412 1440/1684/1413 1438/1682/1411
f 1440/1684/1413 1439/1683/1412 1441/1685/1414
f 1441/1685/1414 1442/1686/1415 1440/1684/1413
f 1442/1686/1415 1441/1685/1414 1443/1687/1416
f 1443/1687/1416 1444/1688/1417 1442/1686/1415
f 1444/1688/1417 1443/1687/1416 1430/1689/1403
f 1430/1689/1403 1429/1690/1402 1444/1688/1417
f 1445/1691/1402 1429/1673/1402 1432/1676/1405
f 1432/1676/1405 1446/1692/1418 1445/1691/1402
f 1446/1692/1418 1432/1676/1405 1434/1678/1407
f 1434/1678/1407 1447/1693/1419 1446/1692/1418
f 1447/1693/1419 1434/1678/1407 1436/1680/1409
f 1436/1680/1409 1448/1694/1409 1447/1693/1419
f 1448/1694/1409 1436/1680/1409 1438/1682/1411
f 1438/1682/1411 1449/1695/1411 1448/1694/1409
f 1449/1695/1411 1438/1682/1411 1440/1684/1413
f 1440/1684/1413 1450/1696/1413 1449/1695/1411
f 1450/1696/1413 1440/1684/1413 1442/1686/1415
f 1442/1686/1415 1451/1697/1415 1450/1696/1413
f 1451/1697/1415 1442/1686/1415 1444/1688/1417
f 1444/1688/1417 1452/1698/1417 1451/1697/1415
f 1452/1698/1417 1444/1688/1417 1429/1690/1402
f 1429/1690/1402 1445/1699/1402 1452/1698/1417
f 1453/1700/1420 1445/1691/1402 1446/1692/1418
f 1446/1692/1418 1454/1701/1421 1453/1700/1420
f 1454/1701/1421 1446/1692/1418 1447/1693/1419
f 1447/1693/1419 1455/1702/1422 1454/1701/1421
f 1455/1702/1422 1447/1693/1419 1448/1694/1409
f 1448/1694/1409 1456/1703/1423 1455/1702/1422
f 1456/1703/1423 1448/1694/1409 1449/1695/1411
f 1449/1695/1411 1457/1704/1424 1456/1703/1423
f 1457/1704/1424 1449/1695/1411 1450/1696/1413
f 1450/1696/1413 1458/1705/1425 1457/1704/1424
f 1458/1705/1425 1450/1696/1413 1451/1697/1415
f 1451/1697/1415 1459/1706/1426 1458/1705/1425
f 1459/1706/1426 1451/1697/1415 1452/1698/1417
f 1452/1698/1417 1460/1707/1427 1459/1706/1426
f 1460/1707/1427 1452/1698/1417 1445/1699/1402
f 1445/1699/1402 1453/1708/1420 1460/1707/1427
f 1461/1709/1428 1453/1700/1420 1454/1701/1421
f 1454/1701/1421 1462/1710/1429 1461/1709/1428
f 1462/1710/1429 1454/1701/1421 1455/1702/1422
f 1455/1702/1422 1463/1711/1430 1462/1710/1429
f 1463/1711/1430 1455/1702/1422 1456/1703/1423
f 1456/1703/1423 1464/1712/1431 1463/1711/1430
f 1464/1712/1431 1456/1703/1423 1457/1704/1424
f 1457/1704/1424 1465/1713/1432 1464/1712/1431
f 1465/1713/1432 1457/1704/1424 1458/1705/1425
f 1458/1705/1425 1466/1714/1433 1465/1713/1432
f 1466/1714/1433 1458/1705/1425 1459/1706/1426
f 1459/1706/1426 1467/1715/1434 1466/1714/1433
f 1467/1715/1434 1459/1706/1426 1460/1707/1427
f 1460/1707/1427 1468/1716/1435 1467/1715/1434
f 1468/1716/1435 1460/1707/1427 1453/1708/1420
f 1453/1708/1420 1461/1717/1428 1468/1716/1435
f 1469/1718/1402 1461/1709/1428 1462/1710/1429
f 1462/1710/1429 1470/1719/1418 1469/1718/1402
f 1470/1719/1418 1462/1710/1429 1463/1711/1430
f 1463/1711/1430 1471/1720/1407 1470/1719/1418
f 1471/1720/1407 1463/1711/1430 1464/1712/1431
f 1464/1712/1431 1472/1721/1409 1471/1720/1407
f 1472/1721/1409 1464/1712/1431 1465/1713/1432
f 1465/1713/1432 1473/1722/1411 1472/1721/1409
f 1473/1722/1411 1465/1713/1432 1466/1714/1433
f 1466/1714/1433 1474/1723/1413 1473/1722/1411
f 1474/1723/1413 1466/1714/1433 1467/1715/1434
f 1467/1715/1434 1475/1724/1415 1474/1723/1413
f 1475/1724/1415 1467/1715/1434 1468/1716/1435
f 1468/1716/1435 1476/1725/1417 1475/1724/1415
f 1476/1725/1417 1468/1716/1435 1461/1717/1428
f 1461/1717/1428 1469/1726/1402 1476/1725/1417
f 1477/1727/1420 1469/1718/1402 1470/1719/1418
f 1470/1719/1418 1478/1728/1436 1477/1727/1420
f 1478/1728/1436 1470/1719/1418 1471/1720/1407
f 1471/1720/1407 1479/1729/1437 1478/1728/1436
f 1479/1729/1437 1471/1720/1407 1472/1721/1409
f 1472/1721/1409 1480/1730/1423 1479/1729/1437
f 1480/1730/1423 1472/1721/1409 1473/1722/1411
f 1473/1722/1411 1481/1731/1424 1480/1730/1423
f 1481/1731/1424 1473/1722/1411 1474/1723/1413
f 1474/1723/1413 1482/1732/1438 1481/1731/1424
f 1482/1732/1438 1474/1723/1413 1475/1724/1415
f 1475/1724/1415 1483/1733/1426 1482/1732/1438
f 1483/1733/1426 1475/1724/1415 1476/1725/1417
f 1476/1725/1417 1484/1734/1427 1483/1733/1426
f 1484/1734/1427 1476/1725/1417 1469/1726/1402
f 1469/1726/1402 1477/1735/1420 1484/1734/1427
f 1485/1736/1439 1477/1727/1420 1478/1728/1436
f 1478/1728/1436 1486/1737/1440 1485/1736/1439
f 1486/1737/1440 1478/1728/1436 1479/1729/1437
f 1479/1729/1437 1487/1738/1441 1486/1737/1440
f 1487/1738/1441 1479/1729/1437 1480/1730/1423
f 1480/1730/1423 1488/1739/1442 1487/1738/1441
f 1488/1739/1442 1480/1730/1423 1481/1731/1424
f 1481/1731/1424 1489/1740/1443 1488/1739/1442
f 1489/1740/1443 1481/1731/1424 1482/1732/1438
f 1482/1732/1438 1490/1741/1444 1489/1740/1443
f 1490/1741/1444 1482/1732/1438 1483/1733/1426
f 1483/1733/1426 1491/1742/1445 1490/1741/1444
f 1491/1742/1445 1483/1733/1426 1484/1734/1427
f 1484/1734/1427 1492/1743/1446 1491/1742/1445
f 1492/1743/1446 1484/1734/1427 1477/1735/1420
f 1477/1735/1420 1485/1744/1439 1492/1743/1446
f 1493/1745/1447 1485/1736/1439 1486/1737/1440
f 1486/1737/1440 1494/1746/1448 1493/1745/1447
f 1494/1746/1448 1486/1737/1440 1487/1738/1441
f 1487/1738/1441 1495/1747/1449 1494/1746/1448
f 1495/1747/1449 1487/1738/1441 1488/1739/1442
f 1488/1739/1442 1496/1748/1450 1495/1747/1449
f 1496/1748/1450 1488/1739/1442 1489/1740/1443
f 1489/1740/1443 1497/1749/1451 1496/1748/1450
f 1497/1749/1451 1489/1740/1443 1490/1741/1444
f 1490/1741/1444 1498/1750/1425 1497/1749/1451
f 1498/1750/1425 1490/1741/1444 1491/1742/1445
f 1491/1742/1445 1499/1751/1452 1498/1750/1425
f 1499/1751/1452 1491/1742/1445 1492/1743/1446
f 1492/1743/1446 1500/1752/1453 1499/1751/1452
f 1500/1752/1453 1492/1743/1446 1485/1744/1439
f 1485/1744/1439 1493/1753/1447 1500/1752/1453
f 1501/1754/1454 1493/1745/1447 1494/1746/1448
f 1494/1746/1448 1502/1755/1455 1501/1754/1454
f 1502/1755/1455 1494/1746/1448 1495/1747/1449
f 1495/1747/1449 1503/1756/1456 1502/1755/1455
f 1503/1756/1456 1495/1747/1449 1496/1748/1450
f 1496/1748/1450 1504/1757/1457 1503/1756/1456
f 1504/1757/1457 1496/1748/1450 1497/1749/1451
f 1497/1749/1451 1505/1758/1458 1504/1757/1457
f 1505/1758/1458 1497/1749/1451 1498/1750/1425
f 1498/1750/1425 1506/1759/1459 1505/1758/1458
f 1506/1759/1459 1498/1750/1425 1499/1751/1452
f 1499/1751/1452 1507/1760/1460 1506/1759/1459
f 1507/1760/1460 1499/1751/1452 1500/1752/1453
f 1500/1752/1453 1508/1761/1461 1507/1760/1460
f 1508/1761/1461 1500/1752/1453 1493/1753/1447
f 1493/1753/1447 1501/1762/1454 1508/1761/1461
f 1509/1763/1462 1501/1754/1454 1502/1755/1455
f 1502/1755/1455 1510/1764/1463 1509/1763/1462
f 1510/1764/1463 1502/1755/1455 1503/1756/1456
f 1503/1756/1456 1511/1765/1464 1510/1764/1463
f 1511/1765/1464 1503/1756/1456 1504/1757/1457
f 1504/1757/1457 1512/1766/1465 1511/1765/1464
f 1512/1766/1465 1504/1757/1457 1505/1758/1458
f 1505/1758/1458 1513/1767/1466 1512/1766/1465
f 1513/1767/1466 1505/1758/1458 1506/1759/1459
f 1506/1759/1459 1514/1768/1467 1513/1767/1466
f 1514/1768/1467 1506/1759/1459 1507/1760/1460
f 1507/1760/1460 1515/1769/1468 1514/1768/1467
f 1515/1769/1468 1507/1760/1460 1508/1761/1461
f 1508/1761/1461 1516/1770/1469 1515/1769/1468
f 1516/1770/1469 1508/1761/1461 1501/1762/1454
f 1501/1762/1454 1509/1771/1462 1516/1770/1469
f 1517/1772/1470 1509/1763/1462 1510/1764/1463
f 1510/1764/1463 1518/1773/1471 1517/1772/1470
f 1518/1773/1471 1510/1764/1463 1511/1765/1464
f 1511/1765/1464 1519/1774/1472 1518/1773/1471
f 1519/1774/1472 1511/1765/1464 1512/1766/1465
f 1512/1766/1465 1520/1775/1473 1519/1774/1472
f 1520/1775/1473 1512/1766/1465 1513/1767/1466
f 1513/1767/1466 1521/1776/1474 1520/1775/1473
f 1521/1776/1474 1513/1767/1466 1514/1768/1467
f 1514/1768/1467 1522/1777/1475 1521/1776/1474
f 1522/1777/1475 1514/1768/1467 1515/1769/1468
f 1515/1769/1468 1523/1778/1476 1522/1777/1475
f 1523/1778/1476 1515/1769/1468 1516/1770/1469
f 1516/1770/1469 1524/1779/1477 1523/1778/1476
f 1524/1779/1477 1516/1770/1469 1509/1771/1462
f 1509/1771/1462 1517/1780/1470 1524/1779/1477
f 1525/1781/1478 1517/1772/1470 1518/1773/1471
f 1518/1773/1471 1526/1782/1418 1525/1781/1478
f 1526/1782/1418 1518/1773/1471 1519/1774/1472
f 1519/1774/1472 1527/1783/1479 1526/1782/1418
f 1527/1783/1479 1519/1774/1472 1520/1775/1473
f 1520/1775/1473 1528/1784/1409 1527/1783/1479
f 1528/1784/1409 1520/1775/1473 1521/1776/1474
f 1521/1776/1474 1529/1785/1480 1528/1784/1409
f 1529/1785/1480 1521/1776/1474 1522/1777/1475
f 1522/1777/1475 1530/1786/1413 1529/1785/1480
f 1530/1786/1413 1522/1777/1475 1523/1778/1476
f 1523/1778/1476 1531/1787/1481 1530/1786/1413
f 1531/1787/1481 1523/1778/1476 1524/1779/1477
f 1524/1779/1477 1532/1788/1417 1531/1787/1481
f 1532/1788/1417 1524/1779/1477 1517/1780/1470
f 1517/1780/1470 1525/1789/1478 1532/1788/1417
f 1533/1790/1482 1525/1781/1478 1526/1782/1418
f 1526/1782/1418 1534/1791/1418 1533/1790/1482
f 1534/1791/1418 1526/1782/1418 1527/1783/1479
f 1527/1783/1479 1535/1792/1483 1534/1791/1418
f 1535/1792/1483 1527/1783/1479 1528/1784/1409
f 1528/1784/1409 1536/1793/1423 1535/1792/1483
f 1536/1793/1423 1528/1784/1409 1529/1785/1480
f 1529/1785/1480 1537/1794/1484 1536/1793/1423
f 1537/1794/1484 1529/1785/1480 1530/1786/1413
f 1530/1786/1413 1538/1795/1485 1537/1794/1484
f 1538/1795/1485 1530/1786/1413 1531/1787/1481
f 1531/1787/1481 1539/1796/1486 1538/1795/1485
f 1539/1796/1486 1531/1787/1481 1532/1788/1417
f 1532/1788/1417 1540/1797/1427 1539/1796/1486
f 1540/1797/1427 1532/1788/1417 1525/1789/1478
f 1525/1789/1478 1533/1798/1482 1540/1797/1427
f 1541/1799/1487 1533/1790/1482 1534/1791/1418
f 1534/1791/1418 1542/1800/1418 1541/1799/1487
f 1542/1800/1418 1534/1791/1418 1535/1792/1483
f 1535/1792/1483 1543/1801/1488 1542/1800/1418
f 1543/1801/1488 1535/1792/1483 1536/1793/1423
f 1536/1793/1423 1544/1802/1489 1543/1801/1488
f 1544/1802/1489 1536/1793/1423 1537/1794/1484
f 1537/1794/1484 1545/1803/1490 1544/1802/1489
f 1545/1803/1490 1537/1794/1484 1538/1795/1485
f 1538/1795/1485 1546/1804/1413 1545/1803/1490
f 1546/1804/1413 1538/1795/1485 1539/1796/1486
f 1539/1796/1486 1547/1805/1415 1546/1804/1413
f 1547/1805/1415 1539/1796/1486 1540/1797/1427
f 1540/1797/1427 1548/1806/1417 1547/1805/1415
f 1548/1806/1417 1540/1797/1427 1533/1798/1482
f 1533/1798/1482 1541/1807/1487 1548/1806/1417
f 1549/1808/1491 1541/1799/1487 1542/1800/1418
f 1542/1800/1418 1550/1809/1492 1549/1808/1491
f 1550/1809/1492 1542/1800/1418 1543/1801/1488
f 1543/1801/1488 1551/1810/1493 1550/1809/1492
f 1551/1810/1493 1543/1801/1488 1544/1802/1489
f 1544/1802/1489 1552/1811/1431 1551/1810/1493
f 1552/1811/1431 1544/1802/1489 1545/1803/1490
f 1545/1803/1490 1553/1812/1494 1552/1811/1431
f 1553/1812/1494 1545/1803/1490 1546/1804/1413
f 1546/1804/1413 1554/1813/1495 1553/1812/1494
f 1554/1813/1495 1546/1804/1413 1547/1805/1415
f 1547/1805/1415 1555/1814/1496 1554/1813/1495
f 1555/1814/1496 1547/1805/1415 1548/1806/1417
f 1548/1806/1417 1556/1815/1435 1555/1814/1496
f 1556/1815/1435 1548/1806/1417 1541/1807/1487
f 1541/1807/1487 1549/1816/1491 1556/1815/1435
f 1557/1817/1497 1549/1808/1491 1550/1809/1492
f 1550/1809/1492 1558/1818/1421 1557/1817/1497
f 1558/1818/1421 1550/1809/1492 1551/1810/1493
f 1551/1810/1493 1559/1819/1498 1558/1818/1421
f 1559/1819/1498 1551/1810/1493 1552/1811/1431
f 1552/1811/1431 1560/1820/1423 1559/1819/1498
f 1560/1820/1423 1552/1811/1431 1553/1812/1494
f 1553/1812/1494 1561/1821/1499 1560/1820/1423
f 1561/1821/1499 1553/1812/1494 1554/1813/1495
f 1554/1813/1495 1562/1822/1500 1561/1821/1499
f 1562/1822/1500 1554/1813/1495 1555/1814/1496
f 1555/1814/1496 1563/1823/1501 1562/1822/1500
f 1563/1823/1501 1555/1814/1496 1556/1815/1435
f 1556/1815/1435 1564/1824/1502 1563/1823/1501
f 1564/1824/1502 1556/1815/1435 1549/1816/1491
f 1549/1816/1491 1557/1825/1497 1564/1824/1502
f 1565/1826/1503 1557/1817/1497 1558/1818/1421
f 1558/1818/1421 1566/1827/1405 1565/1826/1503
f 1566/1827/1405 1558/1818/1421 1559/1819/1498
f 1559/1819/1498 1567/1828/1504 1566/1827/1405
f 1567/1828/1504 1559/1819/1498 1560/1820/1423
f 1560/1820/1423 1568/1829/1489 1567/1828/1504
f 1568/1829/1489 1560/1820/1423 1561/1821/1499
f 1561/1821/1499 1569/1830/1490 1568/1829/1489
f 1569/1830/1490 1561/1821/1499 1562/1822/1500
f 1562/1822/1500 1570/1831/1413 1569/1830/1490
f 1570/1831/1413 1562/1822/1500 1563/1823/1501
f 1563/1823/1501 1571/1832/1415 1570/1831/1413
f 1571/1832/1415 1563/1823/1501 1564/1824/1502
f 1564/1824/1502 1572/1833/1417 1571/1832/1415
f 1572/1833/1417 1564/1824/1502 1557/1825/1497
f 1557/1825/1497 1565/1834/1503 1572/1833/1417
f 1573/1835/1505 1565/1826/1503 1566/1827/1405
f 1566/1827/1405 1574/1836/1418 1573/1835/1505
f 1574/1836/1418 1566/1827/1405 1567/1828/1504
f 1567/1828/1504 1575/1837/1506 1574/1836/1418
f 1575/1837/1506 1567/1828/1504 1568/1829/1489
f 1568/1829/1489 1576/1838/1431 1575/1837/1506
f 1576/1838/1431 1568/1829/1489 1569/1830/1490
f 1569/1830/1490 1577/1839/1480 1576/1838/1431
f 1577/1839/1480 1569/1830/1490 1570/1831/1413
f 1570/1831/1413 1578/1840/1413 1577/1839/1480
f 1578/1840/1413 1570/1831/1413 1571/1832/1415
f 1571/1832/1415 1579/1841/1481 1578/1840/1413
f 1579/1841/1481 1571/1832/1415 1572/1833/1417
f 1572/1833/1417 1580/1842/1507 1579/1841/1481
f 1580/1842/1507 1572/1833/1417 1565/1834/1503
f 1565/1834/1503 1573/1843/1505 1580/1842/1507
f 1581/1844/1508 1573/1835/1505 1574/1836/1418
f 1574/1836/1418 1582/1845/1509 1581/1844/1508
f 1582/1845/1509 1574/1836/1418 1575/1837/1506
f 1575/1837/1506 1583/1846/1510 1582/1845/1509
f 1583/1846/1510 1575/1837/1506 1576/1838/1431
f 1576/1838/1431 1584/1847/1423 1583/1846/1510
f 1584/1847/1423 1576/1838/1431 1577/1839/1480
f 1577/1839/1480 1585/1848/1511 1584/1847/1423
f 1585/1848/1511 1577/1839/1480 1578/1840/1413
f 1578/1840/1413 1586/1849/1512 1585/1848/1511
f 1586/1849/1512 1578/1840/1413 1579/1841/1481
f 1579/1841/1481 1587/1850/1486 1586/1849/1512
f 1587/1850/1486 1579/1841/1481 1580/1842/1507
f 1580/1842/1507 1588/1851/1427 1587/1850/1486
f 1588/1851/1427 1580/1842/1507 1573/1843/1505
f 1573/1843/1505 1581/1852/1508 1588/1851/1427
f 1589/1853/1503 1581/1844/1508 1582/1845/1509
f 1582/1845/1509 1590/1854/1418 1589/1853/1503
f 1590/1854/1418 1582/1845/1509 1583/1846/1510
f 1583/1846/1510 1591/1855/1504 1590/1854/1418
f 1591/1855/1504 1583/1846/1510 1584/1847/1423
f 1584/1847/1423 1592/1856/1489 1591/1855/1504
f 1592/1856/1489 1584/1847/1423 1585/1848/1511
f 1585/1848/1511 1593/1857/1490 1592/1856/1489
f 1593/1857/1490 1585/1848/1511 1586/1849/1512
f 1586/1849/1512 1594/1858/1513 1593/1857/1490
f 1594/1858/1513 1586/1849/1512 1587/1850/1486
f 1587/1850/1486 1595/1859/1415 1594/1858/1513
f 1595/1859/1415 1587/1850/1486 1588/1851/1427
f 1588/1851/1427 1596/1860/1417 1595/1859/1415
f 1596/1860/1417 1588/1851/1427 1581/1852/1508
f 1581/1852/1508 1589/1861/1503 1596/1860/1417
f 1597/1862/1514 1589/1853/1503 1590/1854/1418
f 1590/1854/1418 1598/1863/1515 1597/1862/1514
f 1598/1863/1515 1590/1854/1418 1591/1855/1504
f 1591/1855/1504 1599/1864/1516 1598/1863/1515
f 1599/1864/1516 1591/1855/1504 1592/1856/1489
f 1592/1856/1489 1600/1865/1517 1599/1864/1516
f 1600/1865/1517 1592/1856/1489 1593/1857/1490
f 1593/1857/1490 1601/1866/1518 1600/1865/1517
f 1601/1866/1518 1593/1857/1490 1594/1858/1513
f 1594/1858/1513 1602/1867/1519 1601/1866/1518
f 1602/1867/1519 1594/1858/1513 1595/1859/1415
f 1595/1859/1415 1603/1868/1520 1602/1867/1519
f 1603/1868/1520 1595/1859/1415 1596/1860/1417
f 1596/1860/1417 1604/1869/1507 1603/1868/1520
f 1604/1869/1507 1596/1860/1417 1589/1861/1503
f 1589/1861/1503 1597/1870/1514 1604/1869/1507
f 1605/1871/1521 1597/1862/1514 1598/1863/1515
f 1598/1863/1515 1606/1872/1522 1605/1871/1521
f 1606/1872/1522 1598/1863/1515 1599/1864/1516
f 1599/1864/1516 1607/1873/1523 1606/1872/1522
f 1607/1873/1523 1599/1864/1516 1600/1865/1517
f 1600/1865/1517 1608/1874/1423 1607/1873/1523
f 1608/1874/1423 1600/1865/1517 1601/1866/1518
f 1601/1866/1518 1609/1875/1524 1608/1874/1423
f 1609/1875/1524 1601/1866/1518 1602/1867/1519
f 1602/1867/1519 1610/1876/1513 1609/1875/1524
f 1610/1876/1513 1602/1867/1519 1603/1868/1520
f 1603/1868/1520 1611/1877/1525 1610/1876/1513
f 1611/1877/1525 1603/1868/1520 1604/1869/1507
f 1604/1869/1507 1612/1878/1427 1611/1877/1525
f 1612/1878/1427 1604/1869/1507 1597/1870/1514
f 1597/1870/1514 1605/1879/1521 1612/1878/1427
f 1613/1880/1526 1605/1871/1521 1606/1872/1522
f 1606/1872/1522 1614/1881/1418 1613/1880/1526
f 1614/1881/1418 1606/1872/1522 1607/1873/1523
f 1607/1873/1523 1615/1882/1527 1614/1881/1418
f 1615/1882/1527 1607/1873/1523 1608/1874/1423
f 1608/1874/1423 1616/1883/1528 1615/1882/1527
f 1616/1883/1528 1608/1874/1423 1609/1875/1524
f 1609/1875/1524 1617/1884/1529 1616/1883/1528
f 1617/1884/1529 1609/1875/1524 1610/1876/1513
f 1610/1876/1513 1618/1885/1413 1617/1884/1529
f 1618/1885/1413 1610/1876/1513 1611/1877/1525
f 1611/1877/1525 1619/1886/1530 1618/1885/1413
f 1619/1886/1530 1611/1877/1525 1612/1878/1427
f 1612/1878/1427 1620/1887/1417 1619/1886/1530
f 1620/1887/1417 1612/1878/1427 1605/1879/1521
f 1605/1879/1521 1613/1888/1526 1620/1887/1417
f 1621/1889/1514 1613/1880/1526 1614/1881/1418
f 1614/1881/1418 1622/1890/1531 1621/1889/1514
f 1622/1890/1531 1614/1881/1418 1615/1882/1527
f 1615/1882/1527 1623/1891/1532 1622/1890/1531
f 1623/1891/1532 1615/1882/1527 1616/1883/1528
f 1616/1883/1528 1624/1892/1528 1623/1891/1532
f 1624/1892/1528 1616/1883/1528 1617/1884/1529
f 1617/1884/1529 1625/1893/1533 1624/1892/1528
f 1625/1893/1533 1617/1884/1529 1618/1885/1413
f 1618/1885/1413 1626/1894/1433 1625/1893/1533
f 1626/1894/1433 1618/1885/1413 1619/1886/1530
f 1619/1886/1530 1627/1895/1534 1626/1894/1433
f 1627/1895/1534 1619/1886/1530 1620/1887/1417
f 1620/1887/1417 1628/1896/1435 1627/1895/1534
f 1628/1896/1435 1620/1887/1417 1613/1888/1526
f 1613/1888/1526 1621/1897/1514 1628/1896/1435
f 1629/1898/1535 1621/1889/1514 1622/1890/1531
f 1622/1890/1531 1630/1899/1522 1629/1898/1535
f 1630/1899/1522 1622/1890/1531 1623/1891/1532
f 1623/1891/1532 1631/1900/1536 1630/1899/1522
f 1631/1900/1536 1623/1891/1532 1624/1892/1528
f 1624/1892/1528 1632/1901/1423 1631/1900/1536
f 1632/1901/1423 1624/1892/1528 1625/1893/1533
f 1625/1893/1533 1633/1902/1537 1632/1901/1423
f 1633/1902/1537 1625/1893/1533 1626/1894/1433
f 1626/1894/1433 1634/1903/1513 1633/1902/1537
f 1634/1903/1513 1626/1894/1433 1627/1895/1534
f 1627/1895/1534 1635/1904/1538 1634/1903/1513
f 1635/1904/1538 1627/1895/1534 1628/1896/1435
f 1628/1896/1435 1636/1905/1427 1635/1904/1538
f 1636/1905/1427 1628/1896/1435 1621/1897/1514
f 1621/1897/1514 1629/1906/1535 1636/1905/1427
f 1637/1907/1503 1629/1898/1535 1630/1899/1522
f 1630/1899/1522 1638/1908/1418 1637/1907/1503
f 1638/1908/1418 1630/1899/1522 1631/1900/1536
f 1631/1900/1536 1639/1909/1539 1638/1908/1418
f 1639/1909/1539 1631/1900/1536 1632/1901/1423
f 1632/1901/1423 1640/1910/1489 1639/1909/1539
f 1640/1910/1489 1632/1901/1423 1633/1902/1537
f 1633/1902/1537 1641/1911/1540 1640/1910/1489
f 1641/1911/1540 1633/1902/1537 1634/1903/1513
f 1634/1903/1513 1642/1912/1513 1641/1911/1540
f 1642/1912/1513 1634/1903/1513 1635/1904/1538
f 1635/1904/1538 1643/1913/1415 1642/1912/1513
f 1643/1913/1415 1635/1904/1538 1636/1905/1427
f 1636/1905/1427 1644/1914/1417 1643/1913/1415
f 1644/1914/1417 1636/1905/1427 1629/1906/1535
f 1629/1906/1535 1637/1915/1503 1644/1914/1417
f 1645/1916/1541 1637/1907/1503 1638/1908/1418
f 1638/1908/1418 1646/1917/1542 1645/1916/1541
f 1646/1917/1542 1638/1908/1418 1639/1909/1539
f 1639/1909/1539 1647/1918/1543 1646/1917/1542
f 1647/1918/1543 1639/1909/1539 1640/1910/1489
f 1640/1910/1489 1648/1919/1544 1647/1918/1543
f 1648/1919/1544 1640/1910/1489 1641/1911/1540
f 1641/1911/1540 1649/1920/1545 1648/1919/1544
f 1649/1920/1545 1641/1911/1540 1642/1912/1513
f 1642/1912/1513 1650/1921/1546 1649/1920/1545
f 1650/1921/1546 1642/1912/1513 1643/1913/1415
f 1643/1913/1415 1651/1922/1547 1650/1921/1546
f 1651/1922/1547 1643/1913/1415 1644/1914/1417
f 1644/1914/1417 1652/1923/1548 1651/1922/1547
f 1652/1923/1548 1644/1914/1417 1637/1915/1503
f 1637/1915/1503 1645/1924/1541 1652/1923/1548
f 1653/1925/1549 1645/1916/1541 1646/1917/1542
f 1646/1917/1542 1654/1926/1418 1653/1925/1549
f 1654/1926/1418 1646/1917/1542 1647/1918/1543
f 1647/1918/1543 1655/1927/1550 1654/1926/1418
f 1655/1927/1550 1647/1918/1543 1648/1919/1544
f 1648/1919/1544 1656/1928/1551 1655/1927/1550
f 1656/1928/1551 1648/1919/1544 1649/1920/1545
f 1649/1920/1545 1657/1929/1552 1656/1928/1551
f 1657/1929/1552 1649/1920/1545 1650/1921/1546
f 1650/1921/1546 1658/1930/1519 1657/1929/1552
f 1658/1930/1519 1650/1921/1546 1651/1922/1547
f 1651/1922/1547 1659/1931/1553 1658/1930/1519
f 1659/1931/1553 1651/1922/1547 1652/1923/1548
f 1652/1923/1548 1660/1932/1417 1659/1931/1553
f 1660/1932/1417 1652/1923/1548 1645/1924/1541
f 1645/1924/1541 1653/1933/1549 1660/1932/1417
f 1661/1934/1554 1653/1925/1549 1654/1926/1418
f 1654/1926/1418 1662/1935/1418 1661/1934/1554
f 1662/1935/1418 1654/1926/1418 1655/1927/1550
f 1655/1927/1550 1663/1936/1555 1662/1935/1418
f 1663/1936/1555 1655/1927/1550 1656/1928/1551
f 1656/1928/1551 1664/1937/1551 1663/1936/1555
f 1664/1937/1551 1656/1928/1551 1657/1929/1552
f 1657/1929/1552 1665/1938/1556 1664/1937/1551
f 1665/1938/1556 1657/1929/1552 1658/1930/1519
f 1658/1930/1519 1666/1939/1413 1665/1938/1556
f 1666/1939/1413 1658/1930/1519 1659/1931/1553
f 1659/1931/1553 1667/1940/1557 1666/1939/1413
f 1667/1940/1557 1659/1931/1553 1660/1932/1417
f 1660/1932/1417 1668/1941/1558 1667/1940/1557
f 1668/1941/1558 1660/1932/1417 1653/1933/1549
f 1653/1933/1549 1661/1942/1554 1668/1941/1558
f 1669/1943/1559 1661/1934/1554 1662/1935/1418
f 1662/1935/1418 1670/1944/1418 1669/1943/1559
f 1670/1944/1418 1662/1935/1418 1663/1936/1555
f 1663/1936/1555 1671/1945/1560 1670/1944/1418
f 1671/1945/1560 1663/1936/1555 1664/1937/1551
f 1664/1937/1551 1672/1946/1423 1671/1945/1560
f 1672/1946/1423 1664/1937/1551 1665/1938/1556
f 1665/1938/1556 1673/1947/1561 1672/1946/1423
f 1673/1947/1561 1665/1938/1556 1666/1939/1413
f 1666/1939/1413 1674/1948/1513 1673/1947/1561
f 1674/1948/1513 1666/1939/1413 1667/1940/1557
f 1667/1940/1557 1675/1949/1415 1674/1948/1513
f 1675/1949/1415 1667/1940/1557 1668/1941/1558
f 1668/1941/1558 1676/1950/1558 1675/1949/1415
f 1676/1950/1558 1668/1941/1558 1661/1942/1554
f 1661/1942/1554 1669/1951/1559 1676/1950/1558
f 1677/1952/1559 1669/1943/1559 1670/1944/1418
f 1670/1944/1418 1678/1953/1418 1677/1952/1559
f 1678/1953/1418 1670/1944/1418 1671/1945/1560
f 1671/1945/1560 1679/1954/1560 1678/1953/1418
f 1679/1954/1560 1671/1945/1560 1672/1946/1423
f 1672/1946/1423 1680/1955/1423 1679/1954/1560
f 1680/1955/1423 1672/1946/1423 1673/1947/1561
f 1673/1947/1561 1681/1956/1561 1680/1955/1423
f 1681/1956/1561 1673/1947/1561 1674/1948/1513
f 1674/1948/1513 1682/1957/1513 1681/1956/1561
f 1682/1957/1513 1674/1948/1513 1675/1949/1415
f 1675/1949/1415 1683/1958/1415 1682/1957/1513
f 1683/1958/1415 1675/1949/1415 1676/1950/1558
f 1676/1950/1558 1684/1959/1558 1683/1958/1415
f 1684/1959/1558 1676/1950/1558 1669/1951/1559
f 1669/1951/1559 1677/1960/1559 1684/1959/1558
f 1685/1961/1559 1677/1952/1559 1678/1953/1418
f 1678/1953/1418 1686/1962/1418 1685/1961/1559
f 1686/1962/1418 1678/1953/1418 1679/1954/1560
f 1679/1954/1560 1687/1963/1560 1686/1962/1418
f 1687/1963/1560 1679/1954/1560 1680/1955/1423
f 1680/1955/1423 1688/1964/1528 1687/1963/1560
f 1688/1964/1528 1680/1955/1423 1681/1956/1561
f 1681/1956/1561 1689/1965/1561 1688/1964/1528
f 1689/1965/1561 1681/1956/1561 1682/1957/1513
f 1682/1957/1513 1690/1966/1513 1689/1965/1561
f 1690/1966/1513 1682/1957/1513 1683/1958/1415
f 1683/1958/1415 1691/1967/1415 1690/1966/1513
f 1691/1967/1415 1683/1958/1415 1684/1959/1558
f 1684/1959/1558 1692/1968/1558 1691/1967/1415
f 1692/1968/1558 1684/1959/1558 1677/1960/1559
f 1677/1960/1559 1685/1969/1559 1692/1968/1558
f 1693/1970/1562 1685/1961/1559 1686/1962/1418
f 1686/1962/1418 1694/1971/1522 1693/1970/1562
f 1694/1971/1522 1686/1962/1418 1687/1963/1560
f 1687/1963/1560 1695/1972/1563 1694/1971/1522
f 1695/1972/1563 1687/1963/1560 1688/1964/1528
f 1688/1964/1528 1696/1973/1409 1695/1972/1563
f 1696/1973/1409 1688/1964/1528 1689/1965/1561
f 1689/1965/1561 1697/1974/1564 1696/1973/1409
f 1697/1974/1564 1689/1965/1561 1690/1966/1513
f 1690/1966/1513 1698/1975/1565 1697/1974/1564
f 1698/1975/1565 1690/1966/1513 1691/1967/1415
f 1691/1967/1415 1699/1976/1566 1698/1975/1565
f 1699/1976/1566 1691/1967/1415 1692/1968/1558
f 1692/1968/1558 1700/1977/1558 1699/1976/1566
f 1700/1977/1558 1692/1968/1558 1685/1969/1559
f 1685/1969/1559 1693/1978/1562 1700/1977/1558
f 1701/1979/1567 1693/1970/1562 1694/1971/1522
f 1694/1971/1522 1702/1980/1418 1701/1979/1567
f 1702/1980/1418 1694/1971/1522 1695/1972/1563
f 1695/1972/1563 1703/1981/1568 1702/1980/1418
f 1703/1981/1568 1695/1972/1563 1696/1973/1409
f 1696/1973/1409 1704/1982/1409 1703/1981/1568
f 1704/1982/1409 1696/1973/1409 1697/1974/1564
f 1697/1974/1564 1705/1983/1569 1704/1982/1409
f 1705/1983/1569 1697/1974/1564 1698/1975/1565
f 1698/1975/1565 1706/1984/1413 1705/1983/1569
f 1706/1984/1413 1698/1975/1565 1699/1976/1566
f 1699/1976/1566 1707/1985/1570 1706/1984/1413
f 1707/1985/1570 1699/1976/1566 1700/1977/1558
f 1700/1977/1558 1708/1986/1558 1707/1985/1570
f 1708/1986/1558 1700/1977/1558 1693/1978/1562
f 1693/1978/1562 1701/1987/1567 1708/1986/1558
f 1709/1988/1559 1701/1979/1567 1702/1980/1418
f 1702/1980/1418 1710/1989/1418 1709/1988/1559
f 1710/1989/1418 1702/1980/1418 1703/1981/1568
f 1703/1981/1568 1711/1990/1555 1710/1989/1418
f 1711/1990/1555 1703/1981/1568 1704/1982/1409
f 1704/1982/1409 1712/1991/1528 1711/1990/1555
f 1712/1991/1528 1704/1982/1409 1705/1983/1569
f 1705/1983/1569 1713/1992/1561 1712/1991/1528
f 1713/1992/1561 1705/1983/1569 1706/1984/1413
f 1706/1984/1413 1714/1993/1513 1713/1992/1561
f 1714/1993/1513 1706/1984/1413 1707/1985/1570
f 1707/1985/1570 1715/1994/1415 1714/1993/1513
f 1715/1994/1415 1707/1985/1570 1708/1986/1558
f 1708/1986/1558 1716/1995/1558 1715/1994/1415
f 1716/1995/1558 1708/1986/1558 1701/1987/1567
f 1701/1987/1567 1709/1996/1559 1716/1995/1558
f 1717/1997/1559 1709/1988/1559 1710/1989/1418
f 1710/1989/1418 1718/1998/1418 1717/1997/1559
f 1718/1998/1418 1710/1989/1418 1711/1990/1555
f 1711/1990/1555 1719/1999/1555 1718/1998/1418
f 1719/1999/1555 1711/1990/1555 1712/1991/1528
f 1712/1991/1528 1720/2000/1423 1719/1999/1555
f 1720/2000/1423 1712/1991/1528 1713/1992/1561
f 1713/1992/1561 1721/2001/1561 1720/2000/1423
f 1721/2001/1561 1713/1992/1561 1714/1993/1513
f 1714/1993/1513 1722/2002/1513 1721/2001/1561
f 1722/2002/1513 1714/1993/1513 1715/1994/1415
f 1715/1994/1415 1723/2003/1415 1722/2002/1513
f 1723/2003/1415 1715/1994/1415 1716/1995/1558
f 1716/1995/1558 1724/2004/1558 1723/2003/1415
f 1724/2004/1558 1716/1995/1558 1709/1996/1559
f 1709/1996/1559 1717/2005/1559 1724/2004/1558
f 1725/2006/1559 1717/1997/1559 1718/1998/1418
f 1718/1998/1418 1726/2007/1418 1725/2006/1559
f 1726/2007/1418 1718/1998/1418 1719/1999/1555
f 1719/1999/1555 1727/2008/1560 1726/2007/1418
f 1727/2008/1560 1719/1999/1555 1720/2000/1423
f 1720/2000/1423 1728/2009/1423 1727/2008/1560
f 1728/2009/1423 1720/2000/1423 1721/2001/1561
f 1721/2001/1561 1729/2010/1561 1728/2009/1423
f 1729/2010/1561 1721/2001/1561 1722/2002/1513
f 1722/2002/1513 1730/2011/1513 1729/2010/1561
f 1730/2011/1513 1722/2002/1513 1723/2003/1415
f 1723/2003/1415 1731/2012/1415 1730/2011/1513
f 1731/2012/1415 1723/2003/1415 1724/2004/1558
f 1724/2004/1558 1732/2013/1558 1731/2012/1415
f 1732/2013/1558 1724/2004/1558 1717/2005/1559
f 1717/2005/1559 1725/2014/1559 1732/2013/1558
f 1733/2015/1559 1725/2006/1559 1726/2007/1418
f 1726/2007/1418 1734/2016/1405 1733/2015/1559
f 1734/2016/1405 1726/2007/1418 1727/2008/1560
f 1727/2008/1560 1735/2017/1550 1734/2016/1405
f 1735/2017/1550 1727/2008/1560 1728/2009/1423
f 1728/2009/1423 1736/2018/1517 1735/2017/1550
f 1736/2018/1517 1728/2009/1423 1729/2010/1561
f 1729/2010/1561 1737/2019/1561 1736/2018/1517
f 1737/2019/1561 1729/2010/1561 1730/2011/1513
f 1730/2011/1513 1738/2020/1513 1737/2019/1561
f 1738/2020/1513 1730/2011/1513 1731/2012/1415
f 1731/2012/1415 1739/2021/1571 1738/2020/1513
f 1739/2021/1571 1731/2012/1415 1732/2013/1558
f 1732/2013/1558 1740/2022/1558 1739/2021/1571
f 1740/2022/1558 1732/2013/1558 1725/2014/1559
f 1725/2014/1559 1733/2023/1559 1740/2022/1558
f 1741/2024/1559 1733/2015/1559 1734/2016/1405
f 1734/2016/1405 1742/2025/1418 1741/2024/1559
f 1742/2025/1418 1734/2016/1405 1735/2017/1550
f 1735/2017/1550 1743/2026/1555 1742/2025/1418
f 1743/2026/1555 1735/2017/1550 1736/2018/1517
f 1736/2018/1517 1744/2027/1528 1743/2026/1555
f 1744/2027/1528 1736/2018/1517 1737/2019/1561
f 1737/2019/1561 1745/2028/1561 1744/2027/1528
f 1745/2028/1561 1737/2019/1561 1738/2020/1513
f 1738/2020/1513 1746/2029/1513 1745/2028/1561
f 1746/2029/1513 1738/2020/1513 1739/2021/1571
f 1739/2021/1571 1747/2030/1415 1746/2029/1513
f 1747/2030/1415 1739/2021/1571 1740/2022/1558
f 1740/2022/1558 1748/2031/1558 1747/2030/1415
f 1748/2031/1558 1740/2022/1558 1733/2023/1559
f 1733/2023/1559 1741/2032/1559 1748/2031/1558
f 1749/2033/1549 1741/2024/1559 1742/2025/1418
f 1742/2025/1418 1750/2034/1418 1749/2033/1549
f 1750/2034/1418 1742/2025/1418 1743/2026/1555
f 1743/2026/1555 1751/2035/1555 1750/2034/1418
f 1751/2035/1555 1743/2026/1555 1744/2027/1528
f 1744/2027/1528 1752/2036/1528 1751/2035/1555
f 1752/2036/1528 1744/2027/1528 1745/2028/1561
f 1745/2028/1561 1753/2037/1561 1752/2036/1528
f 1753/2037/1561 1745/2028/1561 1746/2029/1513
f 1746/2029/1513 1754/2038/1513 1753/2037/1561
f 1754/2038/1513 1746/2029/1513 1747/2030/1415
f 1747/2030/1415 1755/2039/1571 1754/2038/1513
f 1755/2039/1571 1747/2030/1415 1748/2031/1558
f 1748/2031/1558 1756/2040/1558 1755/2039/1571
f 1756/2040/1558 1748/2031/1558 1741/2032/1559
f 1741/2032/1559 1749/2041/1549 1756/2040/1558
f 1757/2042/1572 1749/2033/1549 1750/2034/1418
f 1750/2034/1418 1758/2043/1522 1757/2042/1572
f 1758/2043/1522 1750/2034/1418 1751/2035/1555
f 1751/2035/1555 1759/2044/1573 1758/2043/1522
f 1759/2044/1573 1751/2035/1555 1752/2036/1528
f 1752/2036/1528 1760/2045/1574 1759/2044/1573
f 1760/2045/1574 1752/2036/1528 1753/2037/1561
f 1753/2037/1561 1761/2046/1575 1760/2045/1574
f 1761/2046/1575 1753/2037/1561 1754/2038/1513
f 1754/2038/1513 1762/2047/1438 1761/2046/1575
f 1762/2047/1438 1754/2038/1513 1755/2039/1571
f 1755/2039/1571 1763/2048/1576 1762/2047/1438
f 1763/2048/1576 1755/2039/1571 1756/2040/1558
f 1756/2040/1558 1764/2049/1577 1763/2048/1576
f 1764/2049/1577 1756/2040/1558 1749/2041/1549
f 1749/2041/1549 1757/2050/1572 1764/2049/1577
f 1765/2051/1578 1757/2042/1572 1758/2043/1522
f 1758/2043/1522 1766/2052/1579 1765/2051/1578
f 1766/2052/1579 1758/2043/1522 1759/2044/1573
f 1759/2044/1573 1767/2053/1580 1766/2052/1579
f 1767/2053/1580 1759/2044/1573 1760/2045/1574
f 1760/2045/1574 1768/2054/1581 1767/2053/1580
f 1768/2054/1581 1760/2045/1574 1761/2046/1575
f 1761/2046/1575 1769/2055/1582 1768/2054/1581
f 1769/2055/1582 1761/2046/1575 1762/2047/1438
f 1762/2047/1438 1770/2056/1583 1769/2055/1582
f 1770/2056/1583 1762/2047/1438 1763/2048/1576
f 1763/2048/1576 1771/2057/1584 1770/2056/1583
f 1771/2057/1584 1763/2048/1576 1764/2049/1577
f 1764/2049/1577 1772/2058/1585 1771/2057/1584
f 1772/2058/1585 1764/2049/1577 1757/2050/1572
f 1757/2050/1572 1765/2059/1578 1772/2058/1585
f 1773/2060/1586 1765/2051/1578 1766/2052/1579
f 1766/2052/1579 1774/2061/1587 1773/2060/1586
f 1774/2061/1587 1766/2052/1579 1767/2053/1580
f 1767/2053/1580 1775/2062/1588 1774/2061/1587
f 1775/2062/1588 1767/2053/1580 1768/2054/1581
f 1768/2054/1581 1776/2063/1589 1775/2062/1588
f 1776/2063/1589 1768/2054/1581 1769/2055/1582
f 1769/2055/1582 1777/2064/1590 1776/2063/1589
f 1777/2064/1590 1769/2055/1582 1770/2056/1583
f 1770/2056/1583 1778/2065/1591 1777/2064/1590
f 1778/2065/1591 1770/2056/1583 1771/2057/1584
f 1771/2057/1584 1779/2066/1592 1778/2065/1591
f 1779/2066/1592 1771/2057/1584 1772/2058/1585
f 1772/2058/1585 1780/2067/1593 1779/2066/1592
f 1780/2067/1593 1772/2058/1585 1765/2059/1578
f 1765/2059/1578 1773/2068/1586 1780/2067/1593
f 1781/2069/1594 1773/2060/1586 1774/2061/1587
f 1774/2061/1587 1782/2070/1595 1781/2069/1594
f 1782/2070/1595 1774/2061/1587 1775/2062/1588
f 1775/2062/1588 1783/2071/1596 1782/2070/1595
f 1783/2071/1596 1775/2062/1588 1776/2063/1589
f 1776/2063/1589 1784/2072/1597 1783/2071/1596
f 1784/2072/1597 1776/2063/1589 1777/2064/1590
f 1777/2064/1590 1785/2073/1598 1784/2072/1597
f 1785/2073/1598 1777/2064/1590 1778/2065/1591
f 1778/2065/1591 1786/2074/1599 1785/2073/1598
f 1786/2074/1599 1778/2065/1591 1779/2066/1592
f 1779/2066/1592 1787/2075/1600 1786/2074/1599
f 1787/2075/1600 1779/2066/1592 1780/2067/1593
f 1780/2067/1593 1788/2076/1601 1787/2075/1600
f 1788/2076/1601 1780/2067/1593 1773/2068/1586
f 1773/2068/1586 1781/2077/1594 1788/2076/1601
f 1789/2078/1602 1781/2069/1594 1782/2070/1595
f 1782/2070/1595 1790/2079/1603 1789/2078/1602
f 1790/2079/1603 1782/2070/1595 1783/2071/1596
f 1783/2071/1596 1791/2080/1604 1790/2079/1603
f 1791/2080/1604 1783/2071/1596 1784/2072/1597
f 1784/2072/1597 1792/2081/1605 1791/2080/1604
f 1792/2081/1605 1784/2072/1597 1785/2073/1598
f 1785/2073/1598 1793/2082/1606 1792/2081/1605
f 1793/2082/1606 1785/2073/1598 1786/2074/1599
f 1786/2074/1599 1794/2083/1607 1793/2082/1606
f 1794/2083/1607 1786/2074/1599 1787/2075/1600
f 1787/2075/1600 1795/2084/1608 1794/2083/1607
f 1795/2084/1608 1787/2075/1600 1788/2076/1601
f 1788/2076/1601 1796/2085/1609 1795/2084/1608
f 1796/2085/1609 1788/2076/1601 1781/2077/1594
f 1781/2077/1594 1789/2086/1602 1796/2085/1609
f 1797/2087/1610 1789/2078/1602 1790/2079/1603
f 1790/2079/1603 1798/2088/1611 1797/2087/1610
f 1798/2088/1611 1790/2079/1603 1791/2080/1604
f 1791/2080/1604 1799/2089/1612 1798/2088/1611
f 1799/2089/1612 1791/2080/1604 1792/2081/1605
f 1792/2081/1605 1800/2090/1613 1799/2089/1612
f 1800/2090/1613 1792/2081/1605 1793/2082/1606
f 1793/2082/1606 1801/2091/1614 1800/2090/1613
f 1801/2091/1614 1793/2082/1606 1794/2083/1607
f 1794/2083/1607 1802/2092/1615 1801/2091/1614
f 1802/2092/1615 1794/2083/1607 1795/2084/1608
f 1795/2084/1608 1803/2093/1616 1802/2092/1615
f 1803/2093/1616 1795/2084/1608 1796/2085/1609
f 1796/2085/1609 1804/2094/1617 1803/2093/1616
f 1804/2094/1617 1796/2085/1609 1789/2086/1602
f 1789/2086/1602 1797/2095/1610 1804/2094/1617
f 1805/2096/1618 1797/2087/1610 1798/2088/1611
f 1798/2088/1611 1806/2097/1619 1805/2096/1618
f 1806/2097/1619 1798/2088/1611 1799/2089/1612
f 1799/2089/1612 1807/2098/1620 1806/2097/1619
f 1807/2098/1620 1799/2089/1612 1800/2090/1613
f 1800/2090/1613 1808/2099/1621 1807/2098/1620
f 1808/2099/1621 1800/2090/1613 1801/2091/1614
f 1801/2091/1614 1809/2100/1622 1808/2099/1621
f 1809/2100/1622 1801/2091/1614 1802/2092/1615
f 1802/2092/1615 1810/2101/1623 1809/2100/1622
f 1810/2101/1623 1802/2092/1615 1803/2093/1616
f 1803/2093/1616 1811/2102/1624 1810/2101/1623
f 1811/2102/1624 1803/2093/1616 1804/2094/1617
f 1804/2094/1617 1812/2103/1625 1811/2102/1624
f 1812/2103/1625 1804/2094/1617 1797/2095/1610
f 1797/2095/1610 1805/2104/1618 1812/2103/1625
f 1813/2105/1626 1805/2096/1618 1806/2097/1619
f 1806/2097/1619 1814/2106/1627 1813/2105/1626
f 1814/2106/1627 1806/2097/1619 1807/2098/1620
f 1807/2098/1620 1815/2107/1628 1814/2106/1627
f 1815/2107/1628 1807/2098/1620 1808/2099/1621
f 1808/2099/1621 1816/2108/1629 1815/2107/1628
f 1816/2108/1629 1808/2099/1621 1809/2100/1622
f 1809/2100/1622 1817/2109/1630 1816/2108/1629
f 1817/2109/1630 1809/2100/1622 1810/2101/1623
f 1810/2101/1623 1818/2110/1631 1817/2109/1630
f 1818/2110/1631 1810/2101/1623 1811/2102/1624
f 1811/2102/1624 1819/2111/1632 1818/2110/1631
f 1819/2111/1632 1811/2102/1624 1812/2103/1625
f 1812/2103/1625 1820/2112/1633 1819/2111/1632
f 1820/2112/1633 1812/2103/1625 1805/2104/1618
f 1805/2104/1618 1813/2113/1626 1820/2112/1633
f 1821/2114/1634 1813/2105/1626 1814/2106/1627
f 1814/2106/1627 1822/2115/1635 1821/2114/1634
f 1822/2115/1635 1814/2106/1627 1815/2107/1628
f 1815/2107/1628 1823/2116/1636 1822/2115/1635
f 1823/2116/1636 1815/2107/1628 1816/2108/1629
f 1816/2108/1629 1824/2117/1637 1823/2116/1636
f 1824/2117/1637 1816/2108/1629 1817/2109/1630
f 1817/2109/1630 1825/2118/1638 1824/2117/1637
f 1825/2118/1638 1817/2109/1630 1818/2110/1631
f 1818/2110/1631 1826/2119/1639 1825/2118/1638
f 1826/2119/1639 1818/2110/1631 1819/2111/1632
f 1819/2111/1632 1827/2120/1640 1826/2119/1639
f 1827/2120/1640 1819/2111/1632 1820/2112/1633
f 1820/2112/1633 1828/2121/1641 1827/2120/1640
f 1828/2121/1641 1820/2112/1633 1813/2113/1626
f 1813/2113/1626 1821/2122/1634 1828/2121/1641
f 1829/2123/1642 1821/2114/1634 1822/2115/1635
f 1822/2115/1635 1830/2124/1643 1829/2123/1642
f 1830/2124/1643 1822/2115/1635 1823/2116/1636
f 1823/2116/1636 1831/2125/1644 1830/2124/1643
f 1831/2125/1644 1823/2116/1636 1824/2117/1637
f 1824/2117/1637 1832/2126/1629 1831/2125/1644
f 1832/2126/1629 1824/2117/1637 1825/2118/1638
f 1825/2118/1638 1833/2127/1645 1832/2126/1629
f 1833/2127/1645 1825/2118/1638 1826/2119/1639
f 1826/2119/1639 1834/2128/1646 1833/2127/1645
f 1834/2128/1646 1826/2119/1639 1827/2120/1640
f 1827/2120/1640 1835/2129/1647 1834/2128/1646
f 1835/2129/1647 1827/2120/1640 1828/2121/1641
f 1828/2121/1641 1836/2130/1648 1835/2129/1647
f 1836/2130/1648 1828/2121/1641 1821/2122/1634
f 1821/2122/1634 1829/2131/1642 1836/2130/1648
f 1837/2132/1649 1829/2123/1642 1830/2124/1643
f 1830/2124/1643 1838/2133/1650 1837/2132/1649
f 1838/2133/1650 1830/2124/1643 1831/2125/1644
f 1831/2125/1644 1839/2134/1651 1838/2133/1650
f 1839/2134/1651 1831/2125/1644 1832/2126/1629
f 1832/2126/1629 1840/2135/1652 1839/2134/1651
f 1840/2135/1652 1832/2126/1629 1833/2127/1645
f 1833/2127/1645 1841/2136/1653 1840/2135/1652
f 1841/2136/1653 1833/2127/1645 1834/2128/1646
f 1834/2128/1646 1842/2137/1654 1841/2136/1653
f 1842/2137/1654 1834/2128/1646 1835/2129/1647
f 1835/2129/1647 1843/2138/1655 1842/2137/1654
f 1843/2138/1655 1835/2129/1647 1836/2130/1648
f 1836/2130/1648 1844/2139/1656 1843/2138/1655
f 1844/2139/1656 1836/2130/1648 1829/2131/1642
f 1829/2131/1642 1837/2140/1649 1844/2139/1656
f 1845/2141/1657 1837/2132/1649 1838/2133/1650
f 1838/2133/1650 1846/2142/1658 1845/2141/1657
f 1846/2142/1658 1838/2133/1650 1839/2134/1651
f 1839/2134/1651 1847/2143/1659 1846/2142/1658
f 1847/2143/1659 1839/2134/1651 1840/2135/1652
f 1840/2135/1652 1848/2144/1660 1847/2143/1659
f 1848/2144/1660 1840/2135/1652 1841/2136/1653
f 1841/2136/1653 1849/2145/1661 1848/2144/1660
f 1849/2145/1661 1841/2136/1653 1842/2137/1654
f 1842/2137/1654 1850/2146/1662 1849/2145/1661
f 1850/2146/1662 1842/2137/1654 1843/2138/1655
f 1843/2138/1655 1851/2147/1663 1850/2146/1662
f 1851/2147/1663 1843/2138/1655 1844/2139/1656
f 1844/2139/1656 1852/2148/1664 1851/2147/1663
f 1852/2148/1664 1844/2139/1656 1837/2140/1649
f 1837/2140/1649 1845/2149/1657 1852/2148/1664
f 1853/2150/1665 1845/2141/1657 1846/2142/1658
f 1846/2142/1658 1854/2151/1666 1853/2150/1665
f 1854/2151/1666 1846/2142/1658 1847/2143/1659
f 1847/2143/1659 1855/2152/1667 1854/2151/1666
f 1855/2152/1667 1847/2143/1659 1848/2144/1660
f 1848/2144/1660 1856/2153/1668 1855/2152/1667
f 1856/2153/1668 1848/2144/1660 1849/2145/1661
f 1849/2145/1661 1857/2154/1669 1856/2153/1668
f 1857/2154/1669 1849/2145/1661 1850/2146/1662
f 1850/2146/1662 1858/2155/1670 1857/2154/1669
f 1858/2155/1670 1850/2146/1662 1851/2147/1663
f 1851/2147/1663 1859/2156/1671 1858/2155/1670
f 1859/2156/1671 1851/2147/1663 1852/2148/1664
f 1852/2148/1664 1860/2157/1672 1859/2156/1671
f 1860/2157/1672 1852/2148/1664 1845/2149/1657
f 1845/2149/1657 1853/2158/1665 1860/2157/1672
f 1861/2159/1673 1853/2150/1665 1854/2151/1666
f 1854/2151/1666 1862/2160/1674 1861/2159/1673
f 1862/2160/1674 1854/2151/1666 1855/2152/1667
f 1855/2152/1667 1863/2161/1675 1862/2160/1674
f 1863/2161/1675 1855/2152/1667 1856/2153/1668
f 1856/2153/1668 1864/2162/1676 1863/2161/1675
f 1864/2162/1676 1856/2153/1668 1857/2154/1669
f 1857/2154/1669 1865/2163/1677 1864/2162/1676
f 1865/2163/1677 1857/2154/1669 1858/2155/1670
f 1858/2155/1670 1866/2164/1678 1865/2163/1677
f 1866/2164/1678 1858/2155/1670 1859/2156/1671
f 1859/2156/1671 1867/2165/1679 1866/2164/1678
f 1867/2165/1679 1859/2156/1671 1860/2157/1672
f 1860/2157/1672 1868/2166/1680 1867/2165/1679
f 1868/2166/1680 1860/2157/1672 1853/2158/1665
f 1853/2158/1665 1861/2167/1673 1868/2166/1680
f 1869/2168/1681 1861/2159/1673 1862/2160/1674
f 1862/2160/1674 1870/2169/1682 1869/2168/1681
f 1870/2169/1682 1862/2160/1674 1863/2161/1675
f 1863/2161/1675 1871/2170/1683 1870/2169/1682
f 1871/2170/1683 1863/2161/1675 1864/2162/1676
f 1864/2162/1676 1872/2171/1684 1871/2170/1683
f 1872/2171/1684 1864/2162/1676 1865/2163/1677
f 1865/2163/1677 1873/2172/1685 1872/2171/1684
f 1873/2172/1685 1865/2163/1677 1866/2164/1678
f 1866/2164/1678 1874/2173/1686 1873/2172/1685
f 1874/2173/1686 1866/2164/1678 1867/2165/1679
f 1867/2165/1679 1875/2174/1687 1874/2173/1686
f 1875/2174/1687 1867/2165/1679 1868/2166/1680
f 1868/2166/1680 1876/2175/1688 1875/2174/1687
f 1876/2175/1688 1868/2166/1680 1861/2167/1673
f 1861/2167/1673 1869/2176/1681 1876/2175/1688
f 1877/2177/1689 1869/2168/1681 1870/2169/1682
f 1870/2169/1682 1878/2178/1690 1877/2177/1689
f 1878/2178/1690 1870/2169/1682 1871/2170/1683
f 1871/2170/1683 1879/2179/1691 1878/2178/1690
f 1879/2179/1691 1871/2170/1683 1872/2171/1684
f 1872/2171/1684 1880/2180/1692 1879/2179/1691
f 1880/2180/1692 1872/2171/1684 1873/2172/1685
f 1873/2172/1685 1881/2181/1693 1880/2180/1692
f 1881/2181/1693 1873/2172/1685 1874/2173/1686
f 1874/2173/1686 1882/2182/1694 1881/2181/1693
f 1882/2182/1694 1874/2173/1686 1875/2174/1687
f 1875/2174/1687 1883/2183/1695 1882/2182/1694
f 1883/2183/1695 1875/2174/1687 1876/2175/1688
f 1876/2175/1688 1884/2184/1696 1883/2183/1695
f 1884/2184/1696 1876/2175/1688 1869/2176/1681
f 1869/2176/1681 1877/2185/1689 1884/2184/1696
f 1885/2186/1697 1877/2177/1689 1878/2178/1690
f 1878/2178/1690 1886/2187/1698 1885/2186/1697
f 1886/2187/1698 1878/2178/1690 1879/2179/1691
f 1879/2179/1691 1887/2188/1699 1886/2187/1698
f 1887/2188/1699 1879/2179/1691 1880/2180/1692
f 1880/2180/1692 1888/2189/1700 1887/2188/1699
f 1888/2189/1700 1880/2180/1692 1881/2181/1693
f 1881/2181/1693 1889/2190/1701 1888/2189/1700
f 1889/2190/1701 1881/2181/1693 1882/2182/1694
f 1882/2182/1694 1890/2191/1702 1889/2190/1701
f 1890/2191/1702 1882/2182/1694 1883/2183/1695
f 1883/2183/1695 1891/2192/1703 1890/2191/1702
f 1891/2192/1703 1883/2183/1695 1884/2184/1696
f 1884/2184/1696 1892/2193/1704 1891/2192/1703
f 1892/2193/1704 1884/2184/1696 1877/2185/1689
f 1877/2185/1689 1885/2194/1697 1892/2193/1704
f 1893/2195/1705 1885/2186/1697 1886/2187/1698
f 1886/2187/1698 1894/2196/1706 1893/2195/1705
f 1894/2196/1706 1886/2187/1698 1887/2188/1699
f 1887/2188/1699 1895/2197/1707 1894/2196/1706
f 1895/2197/1707 1887/2188/1699 1888/2189/1700
f 1888/2189/1700 1896/2198/1708 1895/2197/1707
f 1896/2198/1708 1888/2189/1700 1889/2190/1701
f 1889/2190/1701 1897/2199/1709 1896/2198/1708
f 1897/2199/1709 1889/2190/1701 1890/2191/1702
f 1890/2191/1702 1898/2200/1710 1897/2199/1709
f 1898/2200/1710 1890/2191/1702 1891/2192/1703
f 1891/2192/1703 1899/2201/1711 1898/2200/1710
f 1899/2201/1711 1891/2192/1703 1892/2193/1704
f 1892/2193/1704 1900/2202/1712 1899/2201/1711
f 1900/2202/1712 1892/2193/1704 1885/2194/1697
f 1885/2194/1697 1893/2203/1705 1900/2202/1712
f 1901/2204/1713 1893/2195/1705 1894/2196/1706
f 1894/2196/1706 1902/2205/1714 1901/2204/1713
f 1902/2205/1714 1894/2196/1706 1895/2197/1707
f 1895/2197/1707 1903/2206/1715 1902/2205/1714
f 1903/2206/1715 1895/2197/1707 1896/2198/1708
f 1896/2198/1708 1904/2207/1716 1903/2206/1715
f 1904/2207/1716 1896/2198/1708 1897/2199/1709
f 1897/2199/1709 1905/2208/1717 1904/2207/1716
f 1905/2208/1717 1897/2199/1709 1898/2200/1710
f 1898/2200/1710 1906/2209/1718 1905/2208/1717
f 1906/2209/1718 1898/2200/1710 1899/2201/1711
f 1899/2201/1711 1907/2210/1719 1906/2209/1718
f 1907/2210/1719 1899/2201/1711 1900/2202/1712
f 1900/2202/1712 1908/2211/1720 1907/2210/1719
f 1908/2211/1720 1900/2202/1712 1893/2203/1705
f 1893/2203/1705 1901/2212/1713 1908/2211/1720
f 1909/2213/1721 1901/2204/1713 1902/2205/1714
f 1902/2205/1714 1910/2214/1722 1909/2213/1721
f 1910/2214/1722 1902/2205/1714 1903/2206/1715
f 1903/2206/1715 1911/2215/1723 1910/2214/1722
f 1911/2215/1723 1903/2206/1715 1904/2207/1716
f 1904/2207/1716 1912/2216/1724 1911/2215/1723
f 1912/2216/1724 1904/2207/1716 1905/2208/1717
f 1905/2208/1717 1913/2217/1725 1912/2216/1724
f 1913/2217/1725 1905/2208/1717 1906/2209/1718
f 1906/2209/1718 1914/2218/1726 1913/2217/1725
f 1914/2218/1726 1906/2209/1718 1907/2210/1719
f 1907/2210/1719 1915/2219/1727 1914/2218/1726
f 1915/2219/1727 1907/2210/1719 1908/2211/1720
f 1908/2211/1720 1916/2220/1728 1915/2219/1727
f 1916/2220/1728 1908/2211/1720 1901/2212/1713
f 1901/2212/1713 1909/2221/1721 1916/2220/1728
f 1917/2222/1729 1909/2213/1721 1910/2214/1722
f 1910/2214/1722 1918/2223/1730 1917/2222/1729
f 1918/2223/1730 1910/2214/1722 1911/2215/1723
f 1911/2215/1723 1919/2224/1731 1918/2223/1730
f 1919/2224/1731 1911/2215/1723 1912/2216/1724
f 1912/2216/1724 1920/2225/1732 1919/2224/1731
f 1920/2225/1732 1912/2216/1724 1913/2217/1725
f 1913/2217/1725 1921/2226/1733 1920/2225/1732
f 1921/2226/1733 1913/2217/1725 1914/2218/1726
f 1914/2218/1726 1922/2227/1734 1921/2226/1733
f 1922/2227/1734 1914/2218/1726 1915/2219/1727
f 1915/2219/1727 1923/2228/1735 1922/2227/1734
f 1923/2228/1735 1915/2219/1727 1916/2220/1728
f 1916/2220/1728 1924/2229/1736 1923/2228/1735
f 1924/2229/1736 1916/2220/1728 1909/2221/1721
f 1909/2221/1721 1917/2230/1729 1924/2229/1736
f 1925/2231/1737 1917/2222/1729 1918/2223/1730
f 1918/2223/1730 1926/2232/1738 1925/2231/1737
f 1926/2232/1738 1918/2223/1730 1919/2224/1731
f 1919/2224/1731 1927/2233/1739 1926/2232/1738
f 1927/2233/1739 1919/2224/1731 1920/2225/1732
f 1920/2225/1732 1928/2234/1740 1927/2233/1739
f 1928/2234/1740 1920/2225/1732 1921/2226/1733
f 1921/2226/1733 1929/2235/1741 1928/2234/1740
f 1929/2235/1741 1921/2226/1733 1922/2227/1734
f 1922/2227/1734 1930/2236/1742 1929/2235/1741
f 1930/2236/1742 1922/2227/1734 1923/2228/1735
f 1923/2228/1735 1931/2237/1743 1930/2236/1742
f 1931/2237/1743 1923/2228/1735 1924/2229/1736
f 1924/2229/1736 1932/2238/1744 1931/2237/1743
f 1932/2238/1744 1924/2229/1736 1917/2230/1729
f 1917/2230/1729 1925/2239/1737 1932/2238/1744
f 1933/2240/1745 1925/2231/1737 1926/2232/1738
f 1926/2232/1738 1934/2241/1746 1933/2240/1745
f 1934/2241/1746 1926/2232/1738 1927/2233/1739
f 1927/2233/1739 1935/2242/1747 1934/2241/1746
f 1935/2242/1747 1927/2233/1739 1928/2234/1740
f 1928/2234/1740 1936/2243/1748 1935/2242/1747
f 1936/2243/1748 1928/2234/1740 1929/2235/1741
f 1929/2235/1741 1937/2244/1749 1936/2243/1748
f 1937/2244/1749 1929/2235/1741 1930/2236/1742
f 1930/2236/1742 1938/2245/1750 1937/2244/1749
f 1938/2245/1750 1930/2236/1742 1931/2237/1743
f 1931/2237/1743 1939/2246/1751 1938/2245/1750
f 1939/2246/1751 1931/2237/1743 1932/2238/1744
f 1932/2238/1744 1940/2247/1752 1939/2246/1751
f 1940/2247/1752 1932/2238/1744 1925/2239/1737
f 1925/2239/1737 1933/2248/1745 1940/2247/1752
f 1941/2249/1753 1933/2240/1745 1934/2241/1746
f 1934/2241/1746 1942/2250/1754 1941/2249/1753
f 1942/2250/1754 1934/2241/1746 1935/2242/1747
f 1935/2242/1747 1943/2251/1755 1942/2250/1754
f 1943/2251/1755 1935/2242/1747 1936/2243/1748
f 1936/2243/1748 1944/2252/1756 1943/2251/1755
f 1944/2252/1756 1936/2243/1748 1937/2244/1749
f 1937/2244/1749 1945/2253/1757 1944/2252/1756
f 1945/2253/1757 1937/2244/1749 1938/2245/1750
f 1938/2245/1750 1946/2254/1758 1945/2253/1757
f 1946/2254/1758 1938/2245/1750 1939/2246/1751
f 1939/2246/1751 1947/2255/1759 1946/2254/1758
f 1947/2255/1759 1939/2246/1751 1940/2247/1752
f 1940/2247/1752 1948/2256/1760 1947/2255/1759
f 1948/2256/1760 1940/2247/1752 1933/2248/1745
f 1933/2248/1745 1941/2257/1753 1948/2256/1760
f 1949/2258/1761 1941/2249/1753 1942/2250/1754
f 1942/2250/1754 1950/2259/1762 1949/2258/1761
f 1950/2259/1762 1942/2250/1754 1943/2251/1755
f 1943/2251/1755 1951/2260/1763 1950/2259/1762
f 1951/2260/1763 1943/2251/1755 1944/2252/1756
f 1944/2252/1756 1952/2261/1764 1951/2260/1763
f 1952/2261/1764 1944/2252/1756 1945/2253/1757
f 1945/2253/1757 1953/2262/1765 1952/2261/1764
f 1953/2262/1765 1945/2253/1757 1946/2254/1758
f 1946/2254/1758 1954/2263/1766 1953/2262/1765
f 1954/2263/1766 1946/2254/1758 1947/2255/1759
f 1947/2255/1759 1955/2264/1767 1954/2263/1766
f 1955/2264/1767 1947/2255/1759 1948/2256/1760
f 1948/2256/1760 1956/2265/1768 1955/2264/1767
f 1956/2265/1768 1948/2256/1760 1941/2257/1753
f 1941/2257/1753 1949/2266/1761 1956/2265/1768
f 1957/2267/1769 1949/2258/1761 1950/2259/1762
f 1950/2259/1762 1958/2268/1770 1957/2267/1769
f 1958/2268/1770 1950/2259/1762 1951/2260/1763
f 1951/2260/1763 1959/2269/1771 1958/2268/1770
f 1959/2269/1771 1951/2260/1763 1952/2261/1764
f 1952/2261/1764 1960/2270/1772 1959/2269/1771
f 1960/2270/1772 1952/2261/1764 1953/2262/1765
f 1953/2262/1765 1961/2271/1773 1960/2270/1772
f 1961/2271/1773 1953/2262/1765 1954/2263/1766
f 1954/2263/1766 1962/2272/1774 1961/2271/1773
f 1962/2272/1774 1954/2263/1766 1955/2264/1767
f 1955/2264/1767 1963/2273/1775 1962/2272/1774
f 1963/2273/1775 1955/2264/1767 1956/2265/1768
f 1956/2265/1768 1964/2274/1776 1963/2273/1775
f 1964/2274/1776 1956/2265/1768 1949/2266/1761
f 1949/2266/1761 1957/2275/1769 1964/2274/1776
f 1965/2276/1777 1957/2267/1769 1958/2268/1770
f 1958/2268/1770 1966/2277/1778 1965/2276/1777
f 1966/2277/1778 1958/2268/1770 1959/2269/1771
f 1959/2269/1771 1967/2278/1779 1966/2277/1778
f 1967/2278/1779 1959/2269/1771 1960/2270/1772
f 1960/2270/1772 1968/2279/1780 1967/2278/1779
f 1968/2279/1780 1960/2270/1772 1961/2271/1773
f 1961/2271/1773 1969/2280/1781 1968/2279/1780
f 1969/2280/1781 1961/2271/1773 1962/2272/1774
f 1962/2272/1774 1970/2281/1782 1969/2280/1781
f 1970/2281/1782 1962/2272/1774 1963/2273/1775
f 1963/2273/1775 1971/2282/1783 1970/2281/1782
f 1971/2282/1783 1963/2273/1775 1964/2274/1776
f 1964/2274/1776 1972/2283/1784 1971/2282/1783
f 1972/2283/1784 1964/2274/1776 1957/2275/1769
f 1957/2275/1769 1965/2284/1777 1972/2283/1784
f 1973/2285/1785 1965/2276/1777 1966/2277/1778
f 1966/2277/1778 1974/2286/1786 1973/2285/1785
f 1974/2286/1786 1966/2277/1778 1967/2278/1779
f 1967/2278/1779 1975/2287/1787 1974/2286/1786
f 1975/2287/1787 1967/2278/1779 1968/2279/1780
f 1968/2279/1780 1976/2288/1788 1975/2287/1787
f 1976/2288/1788 1968/2279/1780 1969/2280/1781
f 1969/2280/1781 1977/2289/1789 1976/2288/1788
f 1977/2289/1789 1969/2280/1781 1970/2281/1782
f 1970/2281/1782 1978/2290/1790 1977/2289/1789
f 1978/2290/1790 1970/2281/1782 1971/2282/1783
f 1971/2282/1783 1979/2291/1791 1978/2290/1790
f 1979/2291/1791 1971/2282/1783 1972/2283/1784
f 1972/2283/1784 1980/2292/1792 1979/2291/1791
f 1980/2292/1792 1972/2283/1784 1965/2284/1777
f 1965/2284/1777 1973/2293/1785 1980/2292/1792
f 1981/2294/1793 1973/2285/1785 1974/2286/1786
f 1974/2286/1786 1982/2295/1794 1981/2294/1793
f 1982/2295/1794 1974/2286/1786 1975/2287/1787
f 1975/2287/1787 1983/2296/1795 1982/2295/1794
f 1983/2296/1795 1975/2287/1787 1976/2288/1788
f 1976/2288/1788 1984/2297/1796 1983/2296/1795
f 1984/2297/1796 1976/2288/1788 1977/2289/1789
f 1977/2289/1789 1985/2298/1797 1984/2297/1796
f 1985/2298/1797 1977/2289/1789 1978/2290/1790
f 1978/2290/1790 1986/2299/1798 1985/2298/1797
f 1986/2299/1798 1978/2290/1790 1979/2291/1791
f 1979/2291/1791 1987/2300/1799 1986/2299/1798
f 1987/2300/1799 1979/2291/1791 1980/2292/1792
f 1980/2292/1792 1988/2301/1800 1987/2300/1799
f 1988/2301/1800 1980/2292/1792 1973/2293/1785
f 1973/2293/1785 1981/2302/1793 1988/2301/1800
f 1989/2303/1801 1981/2294/1793 1982/2295/1794
f 1982/2295/1794 1990/2304/1802 1989/2303/1801
f 1990/2304/1802 1982/2295/1794 1983/2296/1795
f 1983/2296/1795 1991/2305/1803 1990/2304/1802
f 1991/2305/1803 1983/2296/1795 1984/2297/1796
f 1984/2297/1796 1992/2306/1804 1991/2305/1803
f 1992/2306/1804 1984/2297/1796 1985/2298/1797
f 1985/2298/1797 1993/2307/1805 1992/2306/1804
f 1993/2307/1805 1985/2298/1797 1986/2299/1798
f 1986/2299/1798 1994/2308/1806 1993/2307/1805
f 1994/2308/1806 1986/2299/1798 1987/2300/1799
f 1987/2300/1799 1995/2309/1807 1994/2308/1806
f 1995/2309/1807 1987/2300/1799 1988/2301/1800
f 1988/2301/1800 1996/2310/1808 1995/2309/1807
f 1996/2310/1808 1988/2301/1800 1981/2302/1793
f 1981/2302/1793 1989/2311/1801 1996/2310/1808
f 1997/2312/1809 1989/2303/1801 1990/2304/1802
f 1990/2304/1802 1998/2313/1810 1997/2312/1809
f 1998/2313/1810 1990/2304/1802 1991/2305/1803
f 1991/2305/1803 1999/2314/1811 1998/2313/1810
f 1999/2314/1811 1991/2305/1803 1992/2306/1804
f 1992/2306/1804 2000/2315/1812 1999/2314/1811
f 2000/2315/1812 1992/2306/1804 1993/2307/1805
f 1993/2307/1805 2001/2316/1813 2000/2315/1812
f 2001/2316/1813 1993/2307/1805 1994/2308/1806
f 1994/2308/1806 2002/2317/1814 2001/2316/1813
f 2002/2317/1814 1994/2308/1806 1995/2309/1807
f 1995/2309/1807 2003/2318/1815 2002/2317/1814
f 2003/2318/1815 1995/2309/1807 1996/2310/1808
f 1996/2310/1808 2004/2319/1816 2003/2318/1815
f 2004/2319/1816 1996/2310/1808 1989/2311/1801
f 1989/2311/1801 1997/2320/1809 2004/2319/1816
f 2005/2321/1817 1997/2312/1809 1998/2313/1810
f 1998/2313/1810 2006/2322/1818 2005/2321/1817
f 2006/2322/1818 1998/2313/1810 1999/2314/1811
f 1999/2314/1811 2007/2323/1819 2006/2322/1818
f 2007/2323/1819 1999/2314/1811 2000/2315/1812
f 2000/2315/1812 2008/2324/1820 2007/2323/1819
f 2008/2324/1820 2000/2315/1812 2001/2316/1813
f 2001/2316/1813 2009/2325/1821 2008/2324/1820
f 2009/2325/1821 2001/2316/1813 2002/2317/1814
f 2002/2317/1814 2010/2326/1822 2009/2325/1821
f 2010/2326/1822 2002/2317/1814 2003/2318/1815
f 2003/2318/1815 2011/2327/1823 2010/2326/1822
f 2011/2327/1823 2003/2318/1815 2004/2319/1816
f 2004/2319/1816 2012/2328/1824 2011/2327/1823
f 2012/2328/1824 2004/2319/1816 1997/2320/1809
f 1997/2320/1809 2005/2329/1817 2012/2328/1824
f 2013/2330/1825 2005/2321/1817 2006/2322/1818
f 2006/2322/1818 2014/2331/1826 2013/2330/1825
f 2014/2331/1826 2006/2322/1818 2007/2323/1819
f 2007/2323/1819 2015/2332/1827 2014/2331/1826
f 2015/2332/1827 2007/2323/1819 2008/2324/1820
f 2008/2324/1820 2016/2333/1828 2015/2332/1827
f 2016/2333/1828 2008/2324/1820 2009/2325/1821
f 2009/2325/1821 2017/2334/1829 2016/2333/1828
f 2017/2334/1829 2009/2325/1821 2010/2326/1822
f 2010/2326/1822 2018/2335/1830 2017/2334/1829
f 2018/2335/1830 2010/2326/1822 2011/2327/1823
f 2011/2327/1823 2019/2336/1831 2018/2335/1830
f 2019/2336/1831 2011/2327/1823 2012/2328/1824
f 2012/2328/1824 2020/2337/1832 2019/2336/1831
f 2020/2337/1832 2012/2328/1824 2005/2329/1817
f 2005/2329/1817 2013/2338/1825 2020/2337/1832
f 2021/2339/1833 2013/2330/1825 2014/2331/1826
f 2014/2331/1826 2022/2340/1834 2021/2339/1833
f 2022/2340/1834 2014/2331/1826 2015/2332/1827
f 2015/2332/1827 2023/2341/1835 2022/2340/1834
f 2023/2341/1835 2015/2332/1827 2016/2333/1828
f 2016/2333/1828 2024/2342/1836 2023/2341/1835
f 2024/2342/1836 2016/2333/1828 2017/2334/1829
f 2017/2334/1829 2025/2343/1837 2024/2342/1836
f 2025/2343/1837 2017/2334/1829 2018/2335/1830
f 2018/2335/1830 2026/2344/1838 2025/2343/1837
f 2026/2344/1838 2018/2335/1830 2019/2336/1831
f 2019/2336/1831 2027/2345/1839 2026/2344/1838
f 2027/2345/1839 2019/2336/1831 2020/2337/1832
f 2020/2337/1832 2028/2346/1840 2027/2345/1839
f 2028/2346/1840 2020/2337/1832 2013/2338/1825
f 2013/2338/1825 2021/2347/1833 2028/2346/1840
f 2029/2348/1841 2021/2339/1833 2022/2340/1834
f 2022/2340/1834 2030/2349/1842 2029/2348/1841
f 2030/2349/1842 2022/2340/1834 2023/2341/1835
f 2023/2341/1835 2031/2350/1843 2030/2349/1842
f 2031/2350/1843 2023/2341/1835 2024/2342/1836
f 2024/2342/1836 2032/2351/1844 2031/2350/1843
f 2032/2351/1844 2024/2342/1836 2025/2343/1837
f 2025/2343/1837 2033/2352/1845 2032/2351/1844
f 2033/2352/1845 2025/2343/1837 2026/2344/1838
f 2026/2344/1838 2034/2353/1846 2033/2352/1845
f 2034/2353/1846 2026/2344/1838 2027/2345/1839
f 2027/2345/1839 2035/2354/1847 2034/2353/1846
f 2035/2354/1847 2027/2345/1839 2028/2346/1840
f 2028/2346/1840 2036/2355/1848 2035/2354/1847
f 2036/2355/1848 2028/2346/1840 2021/2347/1833
f 2021/2347/1833 2029/2356/1841 2036/2355/1848
f 2037/2357/1849 2029/2348/1841 2030/2349/1842
f 2030/2349/1842 2038/2358/1850 2037/2357/1849
f 2038/2358/1850 2030/2349/1842 2031/2350/1843
f 2031/2350/1843 2039/2359/1851 2038/2358/1850
f 2039/2359/1851 2031/2350/1843 2032/2351/1844
f 2032/2351/1844 2040/2360/1852 2039/2359/1851
f 2040/2360/1852 2032/2351/1844 2033/2352/1845
f 2033/2352/1845 2041/2361/1853 2040/2360/1852
f 2041/2361/1853 2033/2352/1845 2034/2353/1846
f 2034/2353/1846 2042/2362/1854 2041/2361/1853
f 2042/2362/1854 2034/2353/1846 2035/2354/1847
f 2035/2354/1847 2043/2363/1855 2042/2362/1854
f 2043/2363/1855 2035/2354/1847 2036/2355/1848
f 2036/2355/1848 2044/2364/1856 2043/2363/1855
f 2044/2364/1856 2036/2355/1848 2029/2356/1841
f 2029/2356/1841 2037/2365/1849 2044/2364/1856
f 2045/2366/1857 2037/2357/1849 2038/2358/1850
f 2038/2358/1850 2046/2367/1858 2045/2366/1857
f 2046/2367/1858 2038/2358/1850 2039/2359/1851
f 2039/2359/1851 2047/2368/1859 2046/2367/1858
f 2047/2368/1859 2039/2359/1851 2040/2360/1852
f 2040/2360/1852 2048/2369/1860 2047/2368/1859
f 2048/2369/1860 2040/2360/1852 2041/2361/1853
f 2041/2361/1853 2049/2370/1861 2048/2369/1860
f 2049/2370/1861 2041/2361/1853 2042/2362/1854
f 2042/2362/1854 2050/2371/1862 2049/2370/1861
f 2050/2371/1862 2042/2362/1854 2043/2363/1855
f 2043/2363/1855 2051/2372/1863 2050/2371/1862
f 2051/2372/1863 2043/2363/1855 2044/2364/1856
f 2044/2364/1856 2052/2373/1864 2051/2372/1863
f 2052/2373/1864 2044/2364/1856 2037/2365/1849
f 2037/2365/1849 2045/2374/1857 2052/2373/1864
f 2053/2375/1865 2045/2366/1857 2046/2367/1858
f 2046/2367/1858 2054/2376/1866 2053/2375/1865
f 2054/2376/1866 2046/2367/1858 2047/2368/1859
f 2047/2368/1859 2055/2377/1867 2054/2376/1866
f 2055/2377/1867 2047/2368/1859 2048/2369/1860
f 2048/2369/1860 2056/2378/1868 2055/2377/1867
f 2056/2378/1868 2048/2369/1860 2049/2370/1861
f 2049/2370/1861 2057/2379/1869 2056/2378/1868
f 2057/2379/1869 2049/2370/1861 2050/2371/1862
f 2050/2371/1862 2058/2380/1870 2057/2379/1869
f 2058/2380/1870 2050/2371/1862 2051/2372/1863
f 2051/2372/1863 2059/2381/1871 2058/2380/1870
f 2059/2381/1871 2051/2372/1863 2052/2373/1864
f 2052/2373/1864 2060/2382/1872 2059/2381/1871
f 2060/2382/1872 2052/2373/1864 2045/2374/1857
f 2045/2374/1857 2053/2383/1865 2060/2382/1872
f 2061/2384/1873 2053/2375/1865 2054/2376/1866
f 2054/2376/1866 2062/2385/1874 2061/2384/1873
f 2062/2385/1874 2054/2376/1866 2055/2377/1867
f 2055/2377/1867 2063/2386/1875 2062/2385/1874
f 2063/2386/1875 2055/2377/1867 2056/2378/1868
f 2056/2378/1868 2064/2387/1876 2063/2386/1875
f 2064/2387/1876 2056/2378/1868 2057/2379/1869
f 2057/2379/1869 2065/2388/1877 2064/2387/1876
f 2065/2388/1877 2057/2379/1869 2058/2380/1870
f 2058/2380/1870 2066/2389/1878 2065/2388/1877
f 2066/2389/1878 2058/2380/1870 2059/2381/1871
f 2059/2381/1871 2067/2390/1879 2066/2389/1878
f 2067/2390/1879 2059/2381/1871 2060/2382/1872
f 2060/2382/1872 2068/2391/1880 2067/2390/1879
f 2068/2391/1880 2060/2382/1872 2053/2383/1865
f 2053/2383/1865 2061/2392/1873 2068/2391/1880
f 2069/2393/1881 2061/2384/1873 2062/2385/1874
f 2062/2385/1874 2070/2394/1882 2069/2393/1881
f 2070/2394/1882 2062/2385/1874 2063/2386/1875
f 2063/2386/1875 2071/2395/1883 2070/2394/1882
f 2071/2395/1883 2063/2386/1875 2064/2387/1876
f 2064/2387/1876 2072/2396/1884 2071/2395/1883
f 2072/2396/1884 2064/2387/1876 2065/2388/1877
f 2065/2388/1877 2073/2397/1885 2072/2396/1884
f 2073/2397/1885 2065/2388/1877 2066/2389/1878
f 2066/2389/1878 2074/2398/1886 2073/2397/1885
f 2074/2398/1886 2066/2389/1878 2067/2390/1879
f 2067/2390/1879 2075/2399/1887 2074/2398/1886
f 2075/2399/1887 2067/2390/1879 2068/2391/1880
f 2068/2391/1880 2076/2400/1888 2075/2399/1887
f 2076/2400/1888 2068/2391/1880 2061/2392/1873
f 2061/2392/1873 2069/2401/1881 2076/2400/1888
f 2077/2402/1889 2069/2393/1881 2070/2394/1882
f 2070/2394/1882 2078/2403/1890 2077/2402/1889
f 2078/2403/1890 2070/2394/1882 2071/2395/1883
f 2071/2395/1883 2079/2404/1891 2078/2403/1890
f 2079/2404/1891 2071/2395/1883 2072/2396/1884
f 2072/2396/1884 2080/2405/1892 2079/2404/1891
f 2080/2405/1892 2072/2396/1884 2073/2397/1885
f 2073/2397/1885 2081/2406/1893 2080/2405/1892
f 2081/2406/1893 2073/2397/1885 2074/2398/1886
f 2074/2398/1886 2082/2407/1894 2081/2406/1893
f 2082/2407/1894 2074/2398/1886 2075/2399/1887
f 2075/2399/1887 2083/2408/1895 2082/2407/1894
f 2083/2408/1895 2075/2399/1887 2076/2400/1888
f 2076/2400/1888 2084/2409/1896 2083/2408/1895
f 2084/2409/1896 2076/2400/1888 2069/2401/1881
f 2069/2401/1881 2077/2410/1889 2084/2409/1896
f 2085/2411/1897 2077/2402/1889 2078/2403/1890
f 2078/2403/1890 2086/2412/1898 2085/2411/1897
f 2086/2412/1898 2078/2403/1890 2079/2404/1891
f 2079/2404/1891 2087/2413/1899 2086/2412/1898
f 2087/2413/1899 2079/2404/1891 2080/2405/1892
f 2080/2405/1892 2088/2414/1900 2087/2413/1899
f 2088/2414/1900 2080/2405/1892 2081/2406/1893
f 2081/2406/1893 2089/2415/1901 2088/2414/1900
f 2089/2415/1901 2081/2406/1893 2082/2407/1894
f 2082/2407/1894 2090/2416/1902 2089/2415/1901
f 2090/2416/1902 2082/2407/1894 2083/2408/1895
f 2083/2408/1895 2091/2417/1903 2090/2416/1902
f 2091/2417/1903 2083/2408/1895 2084/2409/1896
f 2084/2409/1896 2092/2418/1904 2091/2417/1903
f 2092/2418/1904 2084/2409/1896 2077/2410/1889
f 2077/2410/1889 2085/2419/1897 2092/2418/1904
f 2093/2420/1905 2085/2411/1897 2086/2412/1898
f 2086/2412/1898 2094/2421/1906 2093/2420/1905
f 2094/2421/1906 2086/2412/1898 2087/2413/1899
f 2087/2413/1899 2095/2422/1907 2094/2421/1906
f 2095/2422/1907 2087/2413/1899 2088/2414/1900
f 2088/2414/1900 2096/2423/1908 2095/2422/1907
f 2096/2423/1908 2088/2414/1900 2089/2415/1901
f 2089/2415/1901 2097/2424/1909 2096/2423/1908
f 2097/2424/1909 2089/2415/1901 2090/2416/1902
f 2090/2416/1902 2098/2425/1910 2097/2424/1909
f 2098/2425/1910 2090/2416/1902 2091/2417/1903
f 2091/2417/1903 2099/2426/1911 2098/2425/1910
f 2099/2426/1911 2091/2417/1903 2092/2418/1904
f 2092/2418/1904 2100/2427/1912 2099/2426/1911
f 2100/2427/1912 2092/2418/1904 2085/2419/1897
f 2085/2419/1897 2093/2428/1905 2100/2427/1912
f 2101/2429/1913 2093/2420/1905 2094/2421/1906
f 2094/2421/1906 2102/2430/1914 2101/2429/1913
f 2102/2430/1914 2094/2421/1906 2095/2422/1907
f 2095/2422/1907 2103/2431/1915 2102/2430/1914
f 2103/2431/1915 2095/2422/1907 2096/2423/1908
f 2096/2423/1908 2104/2432/1916 2103/2431/1915
f 2104/2432/1916 2096/2423/1908 2097/2424/1909
f 2097/2424/1909 2105/2433/1917 2104/2432/1916
f 2105/2433/1917 2097/2424/1909 2098/2425/1910
f 2098/2425/1910 2106/2434/1918 2105/2433/1917
f 2106/2434/1918 2098/2425/1910 2099/2426/1911
f 2099/2426/1911 2107/2435/1919 2106/2434/1918
f 2107/2435/1919 2099/2426/1911 2100/2427/1912
f 2100/2427/1912 2108/2436/1920 2107/2435/1919
f 2108/2436/1920 2100/2427/1912 2093/2428/1905
f 2093/2428/1905 2101/2437/1913 2108/2436/1920
f 2109/2438/1921 2101/2429/1913 2102/2430/1914
f 2102/2430/1914 2110/2439/1922 2109/2438/1921
f 2110/2439/1922 2102/2430/1914 2103/2431/1915
f 2103/2431/1915 2111/2440/1923 2110/2439/1922
f 2111/2440/1923 2103/2431/1915 2104/2432/1916
f 2104/2432/1916 2112/2441/1924 2111/2440/1923
f 2112/2441/1924 2104/2432/1916 2105/2433/1917
f 2105/2433/1917 2113/2442/1925 2112/2441/1924
f 2113/2442/1925 2105/2433/1917 2106/2434/1918
f 2106/2434/1918 2114/2443/1926 2113/2442/1925
f 2114/2443/1926 2106/2434/1918 2107/2435/1919
f 2107/2435/1919 2115/2444/1927 2114/2443/1926
f 2115/2444/1927 2107/2435/1919 2108/2436/1920
f 2108/2436/1920 2116/2445/1928 2115/2444/1927
f 2116/2445/1928 2108/2436/1920 2101/2437/1913
f 2101/2437/1913 2109/2446/1921 2116/2445/1928
f 2117/2447/1929 2109/2438/1921 2110/2439/1922
f 2110/2439/1922 2118/2448/1930 2117/2447/1929
f 2118/2448/1930 2110/2439/1922 2111/2440/1923
f 2111/2440/1923 2119/2449/1931 2118/2448/1930
f 2119/2449/1931 2111/2440/1923 2112/2441/1924
f 2112/2441/1924 2120/2450/1932 2119/2449/1931
f 2120/2450/1932 2112/2441/1924 2113/2442/1925
f 2113/2442/1925 2121/2451/1933 2120/2450/1932
f 2121/2451/1933 2113/2442/1925 2114/2443/1926
f 2114/2443/1926 2122/2452/1934 2121/2451/1933
f 2122/2452/1934 2114/2443/1926 2115/2444/1927
f 2115/2444/1927 2123/2453/1935 2122/2452/1934
f 2123/2453/1935 2115/2444/1927 2116/2445/1928
f 2116/2445/1928 2124/2454/1936 2123/2453/1935
f 2124/2454/1936 2116/2445/1928 2109/2446/1921
f 2109/2446/1921 2117/2455/1929 2124/2454/1936
f 2125/2456/1937 2117/2447/1929 2118/2448/1930
f 2118/2448/1930 2126/2457/1938 2125/2456/1937
f 2126/2457/1938 2118/2448/1930 2119/2449/1931
f 2119/2449/1931 2127/2458/1939 2126/2457/1938
f 2127/2458/1939 2119/2449/1931 2120/2450/1932
f 2120/2450/1932 2128/2459/1940 2127/2458/1939
f 2128/2459/1940 2120/2450/1932 2121/2451/1933
f 2121/2451/1933 2129/2460/1941 2128/2459/1940
f 2129/2460/1941 2121/2451/1933 2122/2452/1934
f 2122/2452/1934 2130/2461/1942 2129/2460/1941
f 2130/2461/1942 2122/2452/1934 2123/2453/1935
f 2123/2453/1935 2131/2462/1943 2130/2461/1942
f 2131/2462/1943 2123/2453/1935 2124/2454/1936
f 2124/2454/1936 2132/2463/1944 2131/2462/1943
f 2132/2463/1944 2124/2454/1936 2117/2455/1929
f 2117/2455/1929 2125/2464/1937 2132/2463/1944
f 2133/2465/1945 2125/2456/1937 2126/2457/1938
f 2126/2457/1938 2134/2466/1946 2133/2465/1945
f 2134/2466/1946 2126/2457/1938 2127/2458/1939
f 2127/2458/1939 2135/2467/1947 2134/2466/1946
f 2135/2467/1947 2127/2458/1939 2128/2459/1940
f 2128/2459/1940 2136/2468/1948 2135/2467/1947
f 2136/2468/1948 2128/2459/1940 2129/2460/1941
f 2129/2460/1941 2137/2469/1949 2136/2468/1948
f 2137/2469/1949 2129/2460/1941 2130/2461/1942
f 2130/2461/1942 2138/2470/1950 2137/2469/1949
f 2138/2470/1950 2130/2461/1942 2131/2462/1943
f 2131/2462/1943 2139/2471/1951 2138/2470/1950
f 2139/2471/1951 2131/2462/1943 2132/2463/1944
f 2132/2463/1944 2140/2472/1952 2139/2471/1951
f 2140/2472/1952 2132/2463/1944 2125/2464/1937
f 2125/2464/1937 2133/2473/1945 2140/2472/1952
f 2141/2474/1953 2133/2465/1945 2134/2466/1946
f 2134/2466/1946 2142/2475/1954 2141/2474/1953
f 2142/2475/1954 2134/2466/1946 2135/2467/1947
f 2135/2467/1947 2143/2476/1955 2142/2475/1954
f 2143/2476/1955 2135/2467/1947 2136/2468/1948
f 2136/2468/1948 2144/2477/1425 2143/2476/1955
f 2144/2477/1425 2136/2468/1948 2137/2469/1949
f 2137/2469/1949 2145/2478/1956 2144/2477/1425
f 2145/2478/1956 2137/2469/1949 2138/2470/1950
f 2138/2470/1950 2146/2479/1957 2145/2478/1956
f 2146/2479/1957 2138/2470/1950 2139/2471/1951
f 2139/2471/1951 2147/2480/1958 2146/2479/1957
f 2147/2480/1958 2139/2471/1951 2140/2472/1952
f 2140/2472/1952 2148/2481/1959 2147/2480/1958
f 2148/2481/1959 2140/2472/1952 2133/2473/1945
f 2133/2473/1945 2141/2482/1953 2148/2481/1959
f 2149/2483/1960 2141/2474/1953 2142/2475/1954
f 2142/2475/1954 2150/2484/1961 2149/2483/1960
f 2150/2484/1961 2142/2475/1954 2143/2476/1955
f 2143/2476/1955 2151/2485/1962 2150/2484/1961
f 2151/2485/1962 2143/2476/1955 2144/2477/1425
f 2144/2477/1425 2152/2486/1519 2151/2485/1962
f 2152/2486/1519 2144/2477/1425 2145/2478/1956
f 2145/2478/1956 2153/2487/1963 2152/2486/1519
f 2153/2487/1963 2145/2478/1956 2146/2479/1957
f 2146/2479/1957 2154/2488/1964 2153/2487/1963
f 2154/2488/1964 2146/2479/1957 2147/2480/1958
f 2147/2480/1958 2155/2489/1965 2154/2488/1964
f 2155/2489/1965 2147/2480/1958 2148/2481/1959
f 2148/2481/1959 2156/2490/1966 2155/2489/1965
f 2156/2490/1966 2148/2481/1959 2141/2482/1953
f 2141/2482/1953 2149/2491/1960 2156/2490/1966
f 2157/2492/1967 2149/2483/1960 2150/2484/1961
f 2150/2484/1961 2158/2493/1502 2157/2492/1967
f 2158/2493/1502 2150/2484/1961 2151/2485/1962
f 2151/2485/1962 2159/2494/1968 2158/2493/1502
f 2159/2494/1968 2151/2485/1962 2152/2486/1519
f 2152/2486/1519 2160/2495/1969 2159/2494/1968
f 2160/2495/1969 2152/2486/1519 2153/2487/1963
f 2153/2487/1963 2161/2496/1970 2160/2495/1969
f 2161/2496/1970 2153/2487/1963 2154/2488/1964
f 2154/2488/1964 2162/2497/1971 2161/2496/1970
f 2162/2497/1971 2154/2488/1964 2155/2489/1965
f 2155/2489/1965 2163/2498/1972 2162/2497/1971
f 2163/2498/1972 2155/2489/1965 2156/2490/1966
f 2156/2490/1966 2164/2499/1973 2163/2498/1972
f 2164/2499/1973 2156/2490/1966 2149/2491/1960
f 2149/2491/1960 2157/2500/1967 2164/2499/1973
f 2165/2501/1974 2157/2492/1967 2158/2493/1502
f 2158/2493/1502 2166/2502/1961 2165/2501/1974
f 2166/2502/1961 2158/2493/1502 2159/2494/1968
f 2159/2494/1968 2167/2503/1975 2166/2502/1961
f 2167/2503/1975 2159/2494/1968 2160/2495/1969
f 2160/2495/1969 2168/2504/1519 2167/2503/1975
f 2168/2504/1519 2160/2495/1969 2161/2496/1970
f 2161/2496/1970 2169/2505/1976 2168/2504/1519
f 2169/2505/1976 2161/2496/1970 2162/2497/1971
f 2162/2497/1971 2170/2506/1977 2169/2505/1976
f 2170/2506/1977 2162/2497/1971 2163/2498/1972
f 2163/2498/1972 2171/2507/1978 2170/2506/1977
f 2171/2507/1978 2163/2498/1972 2164/2499/1973
f 2164/2499/1973 2172/2508/1979 2171/2507/1978
f 2172/2508/1979 2164/2499/1973 2157/2500/1967
f 2157/2500/1967 2165/2509/1974 2172/2508/1979
f 2173/2510/1980 2165/2501/1974 2166/2502/1961
f 2166/2502/1961 2174/2511/1981 2173/2510/1980
f 2174/2511/1981 2166/2502/1961 2167/2503/1975
f 2167/2503/1975 2175/2512/1982 2174/2511/1981
f 2175/2512/1982 2167/2503/1975 2168/2504/1519
f 2168/2504/1519 2176/2513/1500 2175/2512/1982
f 2176/2513/1500 2168/2504/1519 2169/2505/1976
f 2169/2505/1976 2177/2514/1983 2176/2513/1500
f 2177/2514/1983 2169/2505/1976 2170/2506/1977
f 2170/2506/1977 2178/2515/1984 2177/2514/1983
f 2178/2515/1984 2170/2506/1977 2171/2507/1978
f 2171/2507/1978 2179/2516/1985 2178/2515/1984
f 2179/2516/1985 2171/2507/1978 2172/2508/1979
f 2172/2508/1979 2180/2517/1986 2179/2516/1985
f 2180/2517/1986 2172/2508/1979 2165/2509/1974
f 2165/2509/1974 2173/2518/1980 2180/2517/1986
f 2181/2519/1987 2173/2510/1980 2174/2511/1981
f 2174/2511/1981 2182/2520/1427 2181/2519/1987
f 2182/2520/1427 2174/2511/1981 2175/2512/1982
f 2175/2512/1982 2183/2521/1415 2182/2520/1427
f 2183/2521/1415 2175/2512/1982 2176/2513/1500
f 2176/2513/1500 2184/2522/1513 2183/2521/1415
f 2184/2522/1513 2176/2513/1500 2177/2514/1983
f 2177/2514/1983 2185/2523/1988 2184/2522/1513
f 2185/2523/1988 2177/2514/1983 2178/2515/1984
f 2178/2515/1984 2186/2524/1984 2185/2523/1988
f 2186/2524/1984 2178/2515/1984 2179/2516/1985
f 2179/2516/1985 2187/2525/1989 2186/2524/1984
f 2187/2525/1989 2179/2516/1985 2180/2517/1986
f 2180/2517/1986 2188/2526/1990 2187/2525/1989
f 2188/2526/1990 2180/2517/1986 2173/2518/1980
f 2173/2518/1980 2181/2527/1987 2188/2526/1990
f 2189/2528/1991 2181/2519/1987 2182/2520/1427
f 2182/2520/1427 2190/2529/1558 2189/2528/1991
f 2190/2529/1558 2182/2520/1427 2183/2521/1415
f 2183/2521/1415 2191/2530/1992 2190/2529/1558
f 2191/2530/1992 2183/2521/1415 2184/2522/1513
f 2184/2522/1513 2192/2531/1513 2191/2530/1992
f 2192/2531/1513 2184/2522/1513 2185/2523/1988
f 2185/2523/1988 2193/2532/1993 2192/2531/1513
f 2193/2532/1993 2185/2523/1988 2186/2524/1984
f 2186/2524/1984 2194/2533/1984 2193/2532/1993
f 2194/2533/1984 2186/2524/1984 2187/2525/1989
f 2187/2525/1989 2195/2534/1994 2194/2533/1984
f 2195/2534/1994 2187/2525/1989 2188/2526/1990
f 2188/2526/1990 2196/2535/1986 2195/2534/1994
f 2196/2535/1986 2188/2526/1990 2181/2527/1987
f 2181/2527/1987 2189/2536/1991 2196/2535/1986
f 2197/2537/1995 2189/2528/1991 2190/2529/1558
f 2190/2529/1558 2198/2538/1558 2197/2537/1995
f 2198/2538/1558 2190/2529/1558 2191/2530/1992
f 2191/2530/1992 2199/2539/1996 2198/2538/1558
f 2199/2539/1996 2191/2530/1992 2192/2531/1513
f 2192/2531/1513 2200/2540/1565 2199/2539/1996
f 2200/2540/1565 2192/2531/1513 2193/2532/1993
f 2193/2532/1993 2201/2541/1997 2200/2540/1565
f 2201/2541/1997 2193/2532/1993 2194/2533/1984
f 2194/2533/1984 2202/2542/1998 2201/2541/1997
f 2202/2542/1998 2194/2533/1984 2195/2534/1994
f 2195/2534/1994 2203/2543/1999 2202/2542/1998
f 2203/2543/1999 2195/2534/1994 2196/2535/1986
f 2196/2535/1986 2204/2544/1990 2203/2543/1999
f 2204/2544/1990 2196/2535/1986 2189/2536/1991
f 2189/2536/1991 2197/2545/1995 2204/2544/1990
f 2205/2546/2000 2197/2537/1995 2198/2538/1558
f 2198/2538/1558 2206/2547/1558 2205/2546/2000
f 2206/2547/1558 2198/2538/1558 2199/2539/1996
f 2199/2539/1996 2207/2548/2001 2206/2547/1558
f 2207/2548/2001 2199/2539/1996 2200/2540/1565
f 2200/2540/1565 2208/2549/1565 2207/2548/2001
f 2208/2549/1565 2200/2540/1565 2201/2541/1997
f 2201/2541/1997 2209/2550/2002 2208/2549/1565
f 2209/2550/2002 2201/2541/1997 2202/2542/1998
f 2202/2542/1998 2210/2551/1998 2209/2550/2002
f 2210/2551/1998 2202/2542/1998 2203/2543/1999
f 2203/2543/1999 2211/2552/2003 2210/2551/1998
f 2211/2552/2003 2203/2543/1999 2204/2544/1990
f 2204/2544/1990 2212/2553/2004 2211/2552/2003
f 2212/2553/2004 2204/2544/1990 2197/2545/1995
f 2197/2545/1995 2205/2554/2000 2212/2553/2004
f 2213/2555/1987 2205/2546/2000 2206/2547/1558
f 2206/2547/1558 2214/2556/1427 2213/2555/1987
f 2214/2556/1427 2206/2547/1558 2207/2548/2001
f 2207/2548/2001 2215/2557/1415 2214/2556/1427
f 2215/2557/1415 2207/2548/2001 2208/2549/1565
f 2208/2549/1565 2216/2558/1565 2215/2557/1415
f 2216/2558/1565 2208/2549/1565 2209/2550/2002
f 2209/2550/2002 2217/2559/1988 2216/2558/1565
f 2217/2559/1988 2209/2550/2002 2210/2551/1998
f 2210/2551/1998 2218/2560/1984 2217/2559/1988
f 2218/2560/1984 2210/2551/1998 2211/2552/2003
f 2211/2552/2003 2219/2561/1989 2218/2560/1984
f 2219/2561/1989 2211/2552/2003 2212/2553/2004
f 2212/2553/2004 2220/2562/1990 2219/2561/1989
f 2220/2562/1990 2212/2553/2004 2205/2554/2000
f 2205/2554/2000 2213/2563/1987 2220/2562/1990
f 2221/2564/2005 2213/2555/1987 2214/2556/1427
f 2214/2556/1427 2222/2565/2006 2221/2564/2005
f 2222/2565/2006 2214/2556/1427 2215/2557/1415
f 2215/2557/1415 2223/2566/2007 2222/2565/2006
f 2223/2566/2007 2215/2557/1415 2216/2558/1565
f 2216/2558/1565 2224/2567/1413 2223/2566/2007
f 2224/2567/1413 2216/2558/1565 2217/2559/1988
f 2217/2559/1988 2225/2568/2008 2224/2567/1413
f 2225/2568/2008 2217/2559/1988 2218/2560/1984
f 2218/2560/1984 2226/2569/2009 2225/2568/2008
f 2226/2569/2009 2218/2560/1984 2219/2561/1989
f 2219/2561/1989 2227/2570/2010 2226/2569/2009
f 2227/2570/2010 2219/2561/1989 2220/2562/1990
f 2220/2562/1990 2228/2571/2011 2227/2570/2010
f 2228/2571/2011 2220/2562/1990 2213/2563/1987
f 2213/2563/1987 2221/2572/2005 2228/2571/2011
f 2229/2573/1980 2221/2564/2005 2222/2565/2006
f 2222/2565/2006 2230/2574/1981 2229/2573/1980
f 2230/2574/1981 2222/2565/2006 2223/2566/2007
f 2223/2566/2007 2231/2575/1982 2230/2574/1981
f 2231/2575/1982 2223/2566/2007 2224/2567/1413
f 2224/2567/1413 2232/2576/1485 2231/2575/1982
f 2232/2576/1485 2224/2567/1413 2225/2568/2008
f 2225/2568/2008 2233/2577/1983 2232/2576/1485
f 2233/2577/1983 2225/2568/2008 2226/2569/2009
f 2226/2569/2009 2234/2578/1984 2233/2577/1983
f 2234/2578/1984 2226/2569/2009 2227/2570/2010
f 2227/2570/2010 2235/2579/1985 2234/2578/1984
f 2235/2579/1985 2227/2570/2010 2228/2571/2011
f 2228/2571/2011 2236/2580/1990 2235/2579/1985
f 2236/2580/1990 2228/2571/2011 2221/2572/2005
f 2221/2572/2005 2229/2581/1980 2236/2580/1990
f 2237/2582/1987 2229/2573/1980 2230/2574/1981
f 2230/2574/1981 2238/2583/1558 2237/2582/1987
f 2238/2583/1558 2230/2574/1981 2231/2575/1982
f 2231/2575/1982 2239/2584/1415 2238/2583/1558
f 2239/2584/1415 2231/2575/1982 2232/2576/1485
f 2232/2576/1485 2240/2585/1513 2239/2584/1415
f 2240/2585/1513 2232/2576/1485 2233/2577/1983
f 2233/2577/1983 2241/2586/1988 2240/2585/1513
f 2241/2586/1988 2233/2577/1983 2234/2578/1984
f 2234/2578/1984 2242/2587/1984 2241/2586/1988
f 2242/2587/1984 2234/2578/1984 2235/2579/1985
f 2235/2579/1985 2243/2588/1989 2242/2587/1984
f 2243/2588/1989 2235/2579/1985 2236/2580/1990
f 2236/2580/1990 2244/2589/1990 2243/2588/1989
f 2244/2589/1990 2236/2580/1990 2229/2581/1980
f 2229/2581/1980 2237/2590/1987 2244/2589/1990
f 2245/2591/2012 2237/2582/1987 2238/2583/1558
f 2238/2583/1558 2246/2592/1427 2245/2591/2012
f 2246/2592/1427 2238/2583/1558 2239/2584/1415
f 2239/2584/1415 2247/2593/2013 2246/2592/1427
f 2247/2593/2013 2239/2584/1415 2240/2585/1513
f 2240/2585/1513 2248/2594/1485 2247/2593/2013
f 2248/2594/1485 2240/2585/1513 2241/2586/1988
f 2241/2586/1988 2249/2595/2014 2248/2594/1485
f 2249/2595/2014 2241/2586/1988 2242/2587/1984
f 2242/2587/1984 2250/2596/2009 2249/2595/2014
f 2250/2596/2009 2242/2587/1984 2243/2588/1989
f 2243/2588/1989 2251/2597/2015 2250/2596/2009
f 2251/2597/2015 2243/2588/1989 2244/2589/1990
f 2244/2589/1990 2252/2598/1990 2251/2597/2015
f 2252/2598/1990 2244/2589/1990 2237/2590/1987
f 2237/2590/1987 2245/2599/2012 2252/2598/1990
f 2253/2600/2016 2245/2591/2012 2246/2592/1427
f 2246/2592/1427 2254/2601/1558 2253/2600/2016
f 2254/2601/1558 2246/2592/1427 2247/2593/2013
f 2247/2593/2013 2255/2602/2017 2254/2601/1558
f 2255/2602/2017 2247/2593/2013 2248/2594/1485
f 2248/2594/1485 2256/2603/1413 2255/2602/2017
f 2256/2603/1413 2248/2594/1485 2249/2595/2014
f 2249/2595/2014 2257/2604/2018 2256/2603/1413
f 2257/2604/2018 2249/2595/2014 2250/2596/2009
f 2250/2596/2009 2258/2605/2009 2257/2604/2018
f 2258/2605/2009 2250/2596/2009 2251/2597/2015
f 2251/2597/2015 2259/2606/2019 2258/2605/2009
f 2259/2606/2019 2251/2597/2015 2252/2598/1990
f 2252/2598/1990 2260/2607/2011 2259/2606/2019
f 2260/2607/2011 2252/2598/1990 2245/2599/2012
f 2245/2599/2012 2253/2608/2016 2260/2607/2011
f 2261/2609/2020 2253/2600/2016 2254/2601/1558
f 2254/2601/1558 2262/2610/2006 2261/2609/2020
f 2262/2610/2006 2254/2601/1558 2255/2602/2017
f 2255/2602/2017 2263/2611/2021 2262/2610/2006
f 2263/2611/2021 2255/2602/2017 2256/2603/1413
f 2256/2603/1413 2264/2612/1413 2263/2611/2021
f 2264/2612/1413 2256/2603/1413 2257/2604/2018
f 2257/2604/2018 2265/2613/2022 2264/2612/1413
f 2265/2613/2022 2257/2604/2018 2258/2605/2009
f 2258/2605/2009 2266/2614/1998 2265/2613/2022
f 2266/2614/1998 2258/2605/2009 2259/2606/2019
f 2259/2606/2019 2267/2615/2023 2266/2614/1998
f 2267/2615/2023 2259/2606/2019 2260/2607/2011
f 2260/2607/2011 2268/2616/1990 2267/2615/2023
f 2268/2616/1990 2260/2607/2011 2253/2608/2016
f 2253/2608/2016 2261/2617/2020 2268/2616/1990
f 2269/2618/1967 2261/2609/2020 2262/2610/2006
f 2262/2610/2006 2270/2619/1453 2269/2618/1967
f 2270/2619/1453 2262/2610/2006 2263/2611/2021
f 2263/2611/2021 2271/2620/2024 2270/2619/1453
f 2271/2620/2024 2263/2611/2021 2264/2612/1413
f 2264/2612/1413 2272/2621/1969 2271/2620/2024
f 2272/2621/1969 2264/2612/1413 2265/2613/2022
f 2265/2613/2022 2273/2622/2025 2272/2621/1969
f 2273/2622/2025 2265/2613/2022 2266/2614/1998
f 2266/2614/1998 2274/2623/1971 2273/2622/2025
f 2274/2623/1971 2266/2614/1998 2267/2615/2023
f 2267/2615/2023 2275/2624/1972 2274/2623/1971
f 2275/2624/1972 2267/2615/2023 2268/2616/1990
f 2268/2616/1990 2276/2625/2026 2275/2624/1972
f 2276/2625/2026 2268/2616/1990 2261/2617/2020
f 2261/2617/2020 2269/2626/1967 2276/2625/2026
f 2277/2627/2027 2269/2618/1967 2270/2619/1453
f 2270/2619/1453 2278/2628/2028 2277/2627/2027
f 2278/2628/2028 2270/2619/1453 2271/2620/2024
f 2271/2620/2024 2279/2629/2029 2278/2628/2028
f 2279/2629/2029 2271/2620/2024 2272/2621/1969
f 2272/2621/1969 2280/2630/1519 2279/2629/2029
f 2280/2630/1519 2272/2621/1969 2273/2622/2025
f 2273/2622/2025 2281/2631/2030 2280/2630/1519
f 2281/2631/2030 2273/2622/2025 2274/2623/1971
f 2274/2623/1971 2282/2632/2031 2281/2631/2030
f 2282/2632/2031 2274/2623/1971 2275/2624/1972
f 2275/2624/1972 2283/2633/2032 2282/2632/2031
f 2283/2633/2032 2275/2624/1972 2276/2625/2026
f 2276/2625/2026 2284/2634/1979 2283/2633/2032
f 2284/2634/1979 2276/2625/2026 2269/2626/1967
f 2269/2626/1967 2277/2635/2027 2284/2634/1979
f 2285/2636/2033 2277/2627/2027 2278/2628/2028
f 2278/2628/2028 2286/2637/1502 2285/2636/2033
f 2286/2637/1502 2278/2628/2028 2279/2629/2029
f 2279/2629/2029 2287/2638/2034 2286/2637/1502
f 2287/2638/2034 2279/2629/2029 2280/2630/1519
f 2280/2630/1519 2288/2639/1425 2287/2638/2034
f 2288/2639/1425 2280/2630/1519 2281/2631/2030
f 2281/2631/2030 2289/2640/2035 2288/2639/1425
f 2289/2640/2035 2281/2631/2030 2282/2632/2031
f 2282/2632/2031 2290/2641/1971 2289/2640/2035
f 2290/2641/1971 2282/2632/2031 2283/2633/2032
f 2283/2633/2032 2291/2642/2036 2290/2641/1971
f 2291/2642/2036 2283/2633/2032 2284/2634/1979
f 2284/2634/1979 2292/2643/1986 2291/2642/2036
f 2292/2643/1986 2284/2634/1979 2277/2635/2027
f 2277/2635/2027 2285/2644/2033 2292/2643/1986
f 2293/2645/2016 2285/2636/2033 2286/2637/1502
f 2286/2637/1502 2294/2646/1427 2293/2645/2016
f 2294/2646/1427 2286/2637/1502 2287/2638/2034
f 2287/2638/2034 2295/2647/2017 2294/2646/1427
f 2295/2647/2017 2287/2638/2034 2288/2639/1425
f 2288/2639/1425 2296/2648/1513 2295/2647/2017
f 2296/2648/1513 2288/2639/1425 2289/2640/2035
f 2289/2640/2035 2297/2649/2018 2296/2648/1513
f 2297/2649/2018 2289/2640/2035 2290/2641/1971
f 2290/2641/1971 2298/2650/2009 2297/2649/2018
f 2298/2650/2009 2290/2641/1971 2291/2642/2036
f 2291/2642/2036 2299/2651/2019 2298/2650/2009
f 2299/2651/2019 2291/2642/2036 2292/2643/1986
f 2292/2643/1986 2300/2652/1990 2299/2651/2019
f 2300/2652/1990 2292/2643/1986 2285/2644/2033
f 2285/2644/2033 2293/2653/2016 2300/2652/1990
f 2301/2654/2037 2293/2645/2016 2294/2646/1427
f 2294/2646/1427 2302/2655/1427 2301/2654/2037
f 2302/2655/1427 2294/2646/1427 2295/2647/2017
f 2295/2647/2017 2303/2656/2038 2302/2655/1427
f 2303/2656/2038 2295/2647/2017 2296/2648/1513
f 2296/2648/1513 2304/2657/1565 2303/2656/2038
f 2304/2657/1565 2296/2648/1513 2297/2649/2018
f 2297/2649/2018 2305/2658/2039 2304/2657/1565
f 2305/2658/2039 2297/2649/2018 2298/2650/2009
f 2298/2650/2009 2306/2659/2040 2305/2658/2039
f 2306/2659/2040 2298/2650/2009 2299/2651/2019
f 2299/2651/2019 2307/2660/2041 2306/2659/2040
f 2307/2660/2041 2299/2651/2019 2300/2652/1990
f 2300/2652/1990 2308/2661/1959 2307/2660/2041
f 2308/2661/1959 2300/2652/1990 2293/2653/2016
f 2293/2653/2016 2301/2662/2037 2308/2661/1959
f 2309/2663/2042 2301/2654/2037 2302/2655/1427
f 2302/2655/1427 2310/2664/1427 2309/2663/2042
f 2310/2664/1427 2302/2655/1427 2303/2656/2038
f 2303/2656/2038 2311/2665/1415 2310/2664/1427
f 2311/2665/1415 2303/2656/2038 2304/2657/1565
f 2304/2657/1565 2312/2666/1513 2311/2665/1415
f 2312/2666/1513 2304/2657/1565 2305/2658/2039
f 2305/2658/2039 2313/2667/2043 2312/2666/1513
f 2313/2667/2043 2305/2658/2039 2306/2659/2040
f 2306/2659/2040 2314/2668/1984 2313/2667/2043
f 2314/2668/1984 2306/2659/2040 2307/2660/2041
f 2307/2660/2041 2315/2669/1989 2314/2668/1984
f 2315/2669/1989 2307/2660/2041 2308/2661/1959
f 2308/2661/1959 2316/2670/1990 2315/2669/1989
f 2316/2670/1990 2308/2661/1959 2301/2662/2037
f 2301/2662/2037 2309/2671/2042 2316/2670/1990
f 2317/2672/2044 2309/2663/2042 2310/2664/1427
f 2310/2664/1427 2318/2673/1507 2317/2672/2044
f 2318/2673/1507 2310/2664/1427 2311/2665/1415
f 2311/2665/1415 2319/2674/2045 2318/2673/1507
f 2319/2674/2045 2311/2665/1415 2312/2666/1513
f 2312/2666/1513 2320/2675/1413 2319/2674/2045
f 2320/2675/1413 2312/2666/1513 2313/2667/2043
f 2313/2667/2043 2321/2676/2046 2320/2675/1413
f 2321/2676/2046 2313/2667/2043 2314/2668/1984
f 2314/2668/1984 2322/2677/2009 2321/2676/2046
f 2322/2677/2009 2314/2668/1984 2315/2669/1989
f 2315/2669/1989 2323/2678/2047 2322/2677/2009
f 2323/2678/2047 2315/2669/1989 2316/2670/1990
f 2316/2670/1990 2324/2679/1966 2323/2678/2047
f 2324/2679/1966 2316/2670/1990 2309/2671/2042
f 2309/2671/2042 2317/2680/2044 2324/2679/1966
f 2325/2681/2048 2317/2672/2044 2318/2673/1507
f 2318/2673/1507 2326/2682/2049 2325/2681/2048
f 2326/2682/2049 2318/2673/1507 2319/2674/2045
f 2319/2674/2045 2327/2683/2050 2326/2682/2049
f 2327/2683/2050 2319/2674/2045 2320/2675/1413
f 2320/2675/1413 2328/2684/2051 2327/2683/2050
f 2328/2684/2051 2320/2675/1413 2321/2676/2046
f 2321/2676/2046 2329/2685/2052 2328/2684/2051
f 2329/2685/2052 2321/2676/2046 2322/2677/2009
f 2322/2677/2009 2330/2686/2053 2329/2685/2052
f 2330/2686/2053 2322/2677/2009 2323/2678/2047
f 2323/2678/2047 2331/2687/2054 2330/2686/2053
f 2331/2687/2054 2323/2678/2047 2324/2679/1966
f 2324/2679/1966 2332/2688/2055 2331/2687/2054
f 2332/2688/2055 2324/2679/1966 2317/2680/2044
f 2317/2680/2044 2325/2689/2048 2332/2688/2055
f 2333/2690/2056 2325/2681/2048 2326/2682/2049
f 2326/2682/2049 2334/2691/2057 2333/2690/2056
f 2334/2691/2057 2326/2682/2049 2327/2683/2050
f 2327/2683/2050 2335/2692/2058 2334/2691/2057
f 2335/2692/2058 2327/2683/2050 2328/2684/2051
f 2328/2684/2051 2336/2693/2059 2335/2692/2058
f 2336/2693/2059 2328/2684/2051 2329/2685/2052
f 2329/2685/2052 2337/2694/2060 2336/2693/2059
f 2337/2694/2060 2329/2685/2052 2330/2686/2053
f 2330/2686/2053 2338/2695/2061 2337/2694/2060
f 2338/2695/2061 2330/2686/2053 2331/2687/2054
f 2331/2687/2054 2339/2696/2062 2338/2695/2061
f 2339/2696/2062 2331/2687/2054 2332/2688/2055
f 2332/2688/2055 2340/2697/2063 2339/2696/2062
f 2340/2697/2063 2332/2688/2055 2325/2689/2048
f 2325/2689/2048 2333/2698/2056 2340/2697/2063
